sequence_path,label
C:\Users\AB\Downloads\Sign_Recognition_Model\data\processed\sequences\001_001_001.npy,0
C:\Users\AB\Downloads\Sign_Recognition_Model\data\processed\sequences\001_001_002.npy,0
C:\Users\AB\Downloads\Sign_Recognition_Model\data\processed\sequences\001_001_003.npy,0
C:\Users\AB\Downloads\Sign_Recognition_Model\data\processed\sequences\001_001_004.npy,0
C:\Users\AB\Downloads\Sign_Recognition_Model\data\processed\sequences\001_001_005.npy,0
C:\Users\AB\Downloads\Sign_Recognition_Model\data\processed\sequences\001_002_001.npy,0
C:\Users\AB\Downloads\Sign_Recognition_Model\data\processed\sequences\001_002_002.npy,0
C:\Users\AB\Downloads\Sign_Recognition_Model\data\processed\sequences\001_002_003.npy,0
C:\Users\AB\Downloads\Sign_Recognition_Model\data\processed\sequences\001_002_004.npy,0
C:\Users\AB\Downloads\Sign_Recognition_Model\data\processed\sequences\001_002_005.npy,0
C:\Users\AB\Downloads\Sign_Recognition_Model\data\processed\sequences\001_003_001.npy,0
C:\Users\AB\Downloads\Sign_Recognition_Model\data\processed\sequences\001_003_002.npy,0
C:\Users\AB\Downloads\Sign_Recognition_Model\data\processed\sequences\001_003_003.npy,0
C:\Users\AB\Downloads\Sign_Recognition_Model\data\processed\sequences\001_003_004.npy,0
C:\Users\AB\Downloads\Sign_Recognition_Model\data\processed\sequences\001_003_005.npy,0
C:\Users\AB\Downloads\Sign_Recognition_Model\data\processed\sequences\001_004_001.npy,0
C:\Users\AB\Downloads\Sign_Recognition_Model\data\processed\sequences\001_004_002.npy,0
C:\Users\AB\Downloads\Sign_Recognition_Model\data\processed\sequences\001_004_003.npy,0
C:\Users\AB\Downloads\Sign_Recognition_Model\data\processed\sequences\001_004_004.npy,0
C:\Users\AB\Downloads\Sign_Recognition_Model\data\processed\sequences\001_004_005.npy,0
C:\Users\AB\Downloads\Sign_Recognition_Model\data\processed\sequences\001_005_001.npy,0
C:\Users\AB\Downloads\Sign_Recognition_Model\data\processed\sequences\001_005_002.npy,0
C:\Users\AB\Downloads\Sign_Recognition_Model\data\processed\sequences\001_005_003.npy,0
C:\Users\AB\Downloads\Sign_Recognition_Model\data\processed\sequences\001_005_004.npy,0
C:\Users\AB\Downloads\Sign_Recognition_Model\data\processed\sequences\001_005_005.npy,0
C:\Users\AB\Downloads\Sign_Recognition_Model\data\processed\sequences\001_006_001.npy,0
C:\Users\AB\Downloads\Sign_Recognition_Model\data\processed\sequences\001_006_002.npy,0
C:\Users\AB\Downloads\Sign_Recognition_Model\data\processed\sequences\001_006_003.npy,0
C:\Users\AB\Downloads\Sign_Recognition_Model\data\processed\sequences\001_006_004.npy,0
C:\Users\AB\Downloads\Sign_Recognition_Model\data\processed\sequences\001_006_005.npy,0
C:\Users\AB\Downloads\Sign_Recognition_Model\data\processed\sequences\001_007_001.npy,0
C:\Users\AB\Downloads\Sign_Recognition_Model\data\processed\sequences\001_007_002.npy,0
C:\Users\AB\Downloads\Sign_Recognition_Model\data\processed\sequences\001_007_003.npy,0
C:\Users\AB\Downloads\Sign_Recognition_Model\data\processed\sequences\001_007_004.npy,0
C:\Users\AB\Downloads\Sign_Recognition_Model\data\processed\sequences\001_007_005.npy,0
C:\Users\AB\Downloads\Sign_Recognition_Model\data\processed\sequences\002_001_001.npy,1
C:\Users\AB\Downloads\Sign_Recognition_Model\data\processed\sequences\002_001_002.npy,1
C:\Users\AB\Downloads\Sign_Recognition_Model\data\processed\sequences\002_001_003.npy,1
C:\Users\AB\Downloads\Sign_Recognition_Model\data\processed\sequences\002_001_004.npy,1
C:\Users\AB\Downloads\Sign_Recognition_Model\data\processed\sequences\002_001_005.npy,1
C:\Users\AB\Downloads\Sign_Recognition_Model\data\processed\sequences\002_002_001.npy,1
C:\Users\AB\Downloads\Sign_Recognition_Model\data\processed\sequences\002_002_002.npy,1
C:\Users\AB\Downloads\Sign_Recognition_Model\data\processed\sequences\002_002_003.npy,1
C:\Users\AB\Downloads\Sign_Recognition_Model\data\processed\sequences\002_002_004.npy,1
C:\Users\AB\Downloads\Sign_Recognition_Model\data\processed\sequences\002_002_005.npy,1
C:\Users\AB\Downloads\Sign_Recognition_Model\data\processed\sequences\002_003_001.npy,1
C:\Users\AB\Downloads\Sign_Recognition_Model\data\processed\sequences\002_003_002.npy,1
C:\Users\AB\Downloads\Sign_Recognition_Model\data\processed\sequences\002_003_003.npy,1
C:\Users\AB\Downloads\Sign_Recognition_Model\data\processed\sequences\002_003_004.npy,1
C:\Users\AB\Downloads\Sign_Recognition_Model\data\processed\sequences\002_003_005.npy,1
C:\Users\AB\Downloads\Sign_Recognition_Model\data\processed\sequences\002_004_001.npy,1
C:\Users\AB\Downloads\Sign_Recognition_Model\data\processed\sequences\002_004_002.npy,1
C:\Users\AB\Downloads\Sign_Recognition_Model\data\processed\sequences\002_004_003.npy,1
C:\Users\AB\Downloads\Sign_Recognition_Model\data\processed\sequences\002_004_004.npy,1
C:\Users\AB\Downloads\Sign_Recognition_Model\data\processed\sequences\002_004_005.npy,1
C:\Users\AB\Downloads\Sign_Recognition_Model\data\processed\sequences\002_005_001.npy,1
C:\Users\AB\Downloads\Sign_Recognition_Model\data\processed\sequences\002_005_002.npy,1
C:\Users\AB\Downloads\Sign_Recognition_Model\data\processed\sequences\002_005_003.npy,1
C:\Users\AB\Downloads\Sign_Recognition_Model\data\processed\sequences\002_005_004.npy,1
C:\Users\AB\Downloads\Sign_Recognition_Model\data\processed\sequences\002_005_005.npy,1
C:\Users\AB\Downloads\Sign_Recognition_Model\data\processed\sequences\002_006_001.npy,1
C:\Users\AB\Downloads\Sign_Recognition_Model\data\processed\sequences\002_006_002.npy,1
C:\Users\AB\Downloads\Sign_Recognition_Model\data\processed\sequences\002_006_003.npy,1
C:\Users\AB\Downloads\Sign_Recognition_Model\data\processed\sequences\002_006_004.npy,1
C:\Users\AB\Downloads\Sign_Recognition_Model\data\processed\sequences\002_006_005.npy,1
C:\Users\AB\Downloads\Sign_Recognition_Model\data\processed\sequences\002_007_001.npy,1
C:\Users\AB\Downloads\Sign_Recognition_Model\data\processed\sequences\002_007_002.npy,1
C:\Users\AB\Downloads\Sign_Recognition_Model\data\processed\sequences\002_007_003.npy,1
C:\Users\AB\Downloads\Sign_Recognition_Model\data\processed\sequences\002_007_004.npy,1
C:\Users\AB\Downloads\Sign_Recognition_Model\data\processed\sequences\002_007_005.npy,1
C:\Users\AB\Downloads\Sign_Recognition_Model\data\processed\sequences\003_001_001.npy,2
C:\Users\AB\Downloads\Sign_Recognition_Model\data\processed\sequences\003_001_002.npy,2
C:\Users\AB\Downloads\Sign_Recognition_Model\data\processed\sequences\003_001_003.npy,2
C:\Users\AB\Downloads\Sign_Recognition_Model\data\processed\sequences\003_001_004.npy,2
C:\Users\AB\Downloads\Sign_Recognition_Model\data\processed\sequences\003_001_005.npy,2
C:\Users\AB\Downloads\Sign_Recognition_Model\data\processed\sequences\003_002_001.npy,2
C:\Users\AB\Downloads\Sign_Recognition_Model\data\processed\sequences\003_002_002.npy,2
C:\Users\AB\Downloads\Sign_Recognition_Model\data\processed\sequences\003_002_003.npy,2
C:\Users\AB\Downloads\Sign_Recognition_Model\data\processed\sequences\003_002_004.npy,2
C:\Users\AB\Downloads\Sign_Recognition_Model\data\processed\sequences\003_002_005.npy,2
C:\Users\AB\Downloads\Sign_Recognition_Model\data\processed\sequences\003_003_001.npy,2
C:\Users\AB\Downloads\Sign_Recognition_Model\data\processed\sequences\003_003_002.npy,2
C:\Users\AB\Downloads\Sign_Recognition_Model\data\processed\sequences\003_003_003.npy,2
C:\Users\AB\Downloads\Sign_Recognition_Model\data\processed\sequences\003_003_004.npy,2
C:\Users\AB\Downloads\Sign_Recognition_Model\data\processed\sequences\003_003_005.npy,2
C:\Users\AB\Downloads\Sign_Recognition_Model\data\processed\sequences\003_004_001.npy,2
C:\Users\AB\Downloads\Sign_Recognition_Model\data\processed\sequences\003_004_002.npy,2
C:\Users\AB\Downloads\Sign_Recognition_Model\data\processed\sequences\003_004_003.npy,2
C:\Users\AB\Downloads\Sign_Recognition_Model\data\processed\sequences\003_004_004.npy,2
C:\Users\AB\Downloads\Sign_Recognition_Model\data\processed\sequences\003_004_005.npy,2
C:\Users\AB\Downloads\Sign_Recognition_Model\data\processed\sequences\003_005_001.npy,2
C:\Users\AB\Downloads\Sign_Recognition_Model\data\processed\sequences\003_005_002.npy,2
C:\Users\AB\Downloads\Sign_Recognition_Model\data\processed\sequences\003_005_003.npy,2
C:\Users\AB\Downloads\Sign_Recognition_Model\data\processed\sequences\003_005_004.npy,2
C:\Users\AB\Downloads\Sign_Recognition_Model\data\processed\sequences\003_005_005.npy,2
C:\Users\AB\Downloads\Sign_Recognition_Model\data\processed\sequences\003_006_001.npy,2
C:\Users\AB\Downloads\Sign_Recognition_Model\data\processed\sequences\003_006_002.npy,2
C:\Users\AB\Downloads\Sign_Recognition_Model\data\processed\sequences\003_006_003.npy,2
C:\Users\AB\Downloads\Sign_Recognition_Model\data\processed\sequences\003_006_004.npy,2
C:\Users\AB\Downloads\Sign_Recognition_Model\data\processed\sequences\003_006_005.npy,2
C:\Users\AB\Downloads\Sign_Recognition_Model\data\processed\sequences\003_007_001.npy,2
C:\Users\AB\Downloads\Sign_Recognition_Model\data\processed\sequences\003_007_002.npy,2
C:\Users\AB\Downloads\Sign_Recognition_Model\data\processed\sequences\003_007_003.npy,2
C:\Users\AB\Downloads\Sign_Recognition_Model\data\processed\sequences\003_007_004.npy,2
C:\Users\AB\Downloads\Sign_Recognition_Model\data\processed\sequences\003_007_005.npy,2
C:\Users\AB\Downloads\Sign_Recognition_Model\data\processed\sequences\004_001_001.npy,3
C:\Users\AB\Downloads\Sign_Recognition_Model\data\processed\sequences\004_001_002.npy,3
C:\Users\AB\Downloads\Sign_Recognition_Model\data\processed\sequences\004_001_003.npy,3
C:\Users\AB\Downloads\Sign_Recognition_Model\data\processed\sequences\004_001_004.npy,3
C:\Users\AB\Downloads\Sign_Recognition_Model\data\processed\sequences\004_001_005.npy,3
C:\Users\AB\Downloads\Sign_Recognition_Model\data\processed\sequences\004_002_001.npy,3
C:\Users\AB\Downloads\Sign_Recognition_Model\data\processed\sequences\004_002_002.npy,3
C:\Users\AB\Downloads\Sign_Recognition_Model\data\processed\sequences\004_002_003.npy,3
C:\Users\AB\Downloads\Sign_Recognition_Model\data\processed\sequences\004_002_004.npy,3
C:\Users\AB\Downloads\Sign_Recognition_Model\data\processed\sequences\004_002_005.npy,3
C:\Users\AB\Downloads\Sign_Recognition_Model\data\processed\sequences\004_003_001.npy,3
C:\Users\AB\Downloads\Sign_Recognition_Model\data\processed\sequences\004_003_002.npy,3
C:\Users\AB\Downloads\Sign_Recognition_Model\data\processed\sequences\004_003_003.npy,3
C:\Users\AB\Downloads\Sign_Recognition_Model\data\processed\sequences\004_003_004.npy,3
C:\Users\AB\Downloads\Sign_Recognition_Model\data\processed\sequences\004_003_005.npy,3
C:\Users\AB\Downloads\Sign_Recognition_Model\data\processed\sequences\004_004_001.npy,3
C:\Users\AB\Downloads\Sign_Recognition_Model\data\processed\sequences\004_004_002.npy,3
C:\Users\AB\Downloads\Sign_Recognition_Model\data\processed\sequences\004_004_003.npy,3
C:\Users\AB\Downloads\Sign_Recognition_Model\data\processed\sequences\004_004_004.npy,3
C:\Users\AB\Downloads\Sign_Recognition_Model\data\processed\sequences\004_004_005.npy,3
C:\Users\AB\Downloads\Sign_Recognition_Model\data\processed\sequences\004_005_001.npy,3
C:\Users\AB\Downloads\Sign_Recognition_Model\data\processed\sequences\004_005_002.npy,3
C:\Users\AB\Downloads\Sign_Recognition_Model\data\processed\sequences\004_005_003.npy,3
C:\Users\AB\Downloads\Sign_Recognition_Model\data\processed\sequences\004_005_004.npy,3
C:\Users\AB\Downloads\Sign_Recognition_Model\data\processed\sequences\004_005_005.npy,3
C:\Users\AB\Downloads\Sign_Recognition_Model\data\processed\sequences\004_006_001.npy,3
C:\Users\AB\Downloads\Sign_Recognition_Model\data\processed\sequences\004_006_002.npy,3
C:\Users\AB\Downloads\Sign_Recognition_Model\data\processed\sequences\004_006_003.npy,3
C:\Users\AB\Downloads\Sign_Recognition_Model\data\processed\sequences\004_006_004.npy,3
C:\Users\AB\Downloads\Sign_Recognition_Model\data\processed\sequences\004_006_005.npy,3
C:\Users\AB\Downloads\Sign_Recognition_Model\data\processed\sequences\004_007_001.npy,3
C:\Users\AB\Downloads\Sign_Recognition_Model\data\processed\sequences\004_007_002.npy,3
C:\Users\AB\Downloads\Sign_Recognition_Model\data\processed\sequences\004_007_003.npy,3
C:\Users\AB\Downloads\Sign_Recognition_Model\data\processed\sequences\004_007_004.npy,3
C:\Users\AB\Downloads\Sign_Recognition_Model\data\processed\sequences\004_007_005.npy,3
C:\Users\AB\Downloads\Sign_Recognition_Model\data\processed\sequences\005_001_001.npy,4
C:\Users\AB\Downloads\Sign_Recognition_Model\data\processed\sequences\005_001_002.npy,4
C:\Users\AB\Downloads\Sign_Recognition_Model\data\processed\sequences\005_001_003.npy,4
C:\Users\AB\Downloads\Sign_Recognition_Model\data\processed\sequences\005_001_004.npy,4
C:\Users\AB\Downloads\Sign_Recognition_Model\data\processed\sequences\005_001_005.npy,4
C:\Users\AB\Downloads\Sign_Recognition_Model\data\processed\sequences\005_002_001.npy,4
C:\Users\AB\Downloads\Sign_Recognition_Model\data\processed\sequences\005_002_002.npy,4
C:\Users\AB\Downloads\Sign_Recognition_Model\data\processed\sequences\005_002_003.npy,4
C:\Users\AB\Downloads\Sign_Recognition_Model\data\processed\sequences\005_002_004.npy,4
C:\Users\AB\Downloads\Sign_Recognition_Model\data\processed\sequences\005_002_005.npy,4
C:\Users\AB\Downloads\Sign_Recognition_Model\data\processed\sequences\005_003_001.npy,4
C:\Users\AB\Downloads\Sign_Recognition_Model\data\processed\sequences\005_003_002.npy,4
C:\Users\AB\Downloads\Sign_Recognition_Model\data\processed\sequences\005_003_003.npy,4
C:\Users\AB\Downloads\Sign_Recognition_Model\data\processed\sequences\005_003_004.npy,4
C:\Users\AB\Downloads\Sign_Recognition_Model\data\processed\sequences\005_003_005.npy,4
C:\Users\AB\Downloads\Sign_Recognition_Model\data\processed\sequences\005_004_001.npy,4
C:\Users\AB\Downloads\Sign_Recognition_Model\data\processed\sequences\005_004_002.npy,4
C:\Users\AB\Downloads\Sign_Recognition_Model\data\processed\sequences\005_004_003.npy,4
C:\Users\AB\Downloads\Sign_Recognition_Model\data\processed\sequences\005_004_004.npy,4
C:\Users\AB\Downloads\Sign_Recognition_Model\data\processed\sequences\005_004_005.npy,4
C:\Users\AB\Downloads\Sign_Recognition_Model\data\processed\sequences\005_005_001.npy,4
C:\Users\AB\Downloads\Sign_Recognition_Model\data\processed\sequences\005_005_002.npy,4
C:\Users\AB\Downloads\Sign_Recognition_Model\data\processed\sequences\005_005_003.npy,4
C:\Users\AB\Downloads\Sign_Recognition_Model\data\processed\sequences\005_005_004.npy,4
C:\Users\AB\Downloads\Sign_Recognition_Model\data\processed\sequences\005_005_005.npy,4
C:\Users\AB\Downloads\Sign_Recognition_Model\data\processed\sequences\005_006_001.npy,4
C:\Users\AB\Downloads\Sign_Recognition_Model\data\processed\sequences\005_006_002.npy,4
C:\Users\AB\Downloads\Sign_Recognition_Model\data\processed\sequences\005_006_003.npy,4
C:\Users\AB\Downloads\Sign_Recognition_Model\data\processed\sequences\005_006_004.npy,4
C:\Users\AB\Downloads\Sign_Recognition_Model\data\processed\sequences\005_006_005.npy,4
C:\Users\AB\Downloads\Sign_Recognition_Model\data\processed\sequences\005_007_001.npy,4
C:\Users\AB\Downloads\Sign_Recognition_Model\data\processed\sequences\005_007_002.npy,4
C:\Users\AB\Downloads\Sign_Recognition_Model\data\processed\sequences\005_007_003.npy,4
C:\Users\AB\Downloads\Sign_Recognition_Model\data\processed\sequences\005_007_004.npy,4
C:\Users\AB\Downloads\Sign_Recognition_Model\data\processed\sequences\005_007_005.npy,4
C:\Users\AB\Downloads\Sign_Recognition_Model\data\processed\sequences\006_001_001.npy,5
C:\Users\AB\Downloads\Sign_Recognition_Model\data\processed\sequences\006_001_002.npy,5
C:\Users\AB\Downloads\Sign_Recognition_Model\data\processed\sequences\006_001_003.npy,5
C:\Users\AB\Downloads\Sign_Recognition_Model\data\processed\sequences\006_001_004.npy,5
C:\Users\AB\Downloads\Sign_Recognition_Model\data\processed\sequences\006_001_005.npy,5
C:\Users\AB\Downloads\Sign_Recognition_Model\data\processed\sequences\006_002_001.npy,5
C:\Users\AB\Downloads\Sign_Recognition_Model\data\processed\sequences\006_002_002.npy,5
C:\Users\AB\Downloads\Sign_Recognition_Model\data\processed\sequences\006_002_003.npy,5
C:\Users\AB\Downloads\Sign_Recognition_Model\data\processed\sequences\006_002_004.npy,5
C:\Users\AB\Downloads\Sign_Recognition_Model\data\processed\sequences\006_002_005.npy,5
C:\Users\AB\Downloads\Sign_Recognition_Model\data\processed\sequences\006_003_001.npy,5
C:\Users\AB\Downloads\Sign_Recognition_Model\data\processed\sequences\006_003_002.npy,5
C:\Users\AB\Downloads\Sign_Recognition_Model\data\processed\sequences\006_003_003.npy,5
C:\Users\AB\Downloads\Sign_Recognition_Model\data\processed\sequences\006_003_004.npy,5
C:\Users\AB\Downloads\Sign_Recognition_Model\data\processed\sequences\006_003_005.npy,5
C:\Users\AB\Downloads\Sign_Recognition_Model\data\processed\sequences\006_004_001.npy,5
C:\Users\AB\Downloads\Sign_Recognition_Model\data\processed\sequences\006_004_002.npy,5
C:\Users\AB\Downloads\Sign_Recognition_Model\data\processed\sequences\006_004_003.npy,5
C:\Users\AB\Downloads\Sign_Recognition_Model\data\processed\sequences\006_004_004.npy,5
C:\Users\AB\Downloads\Sign_Recognition_Model\data\processed\sequences\006_004_005.npy,5
C:\Users\AB\Downloads\Sign_Recognition_Model\data\processed\sequences\006_005_001.npy,5
C:\Users\AB\Downloads\Sign_Recognition_Model\data\processed\sequences\006_005_002.npy,5
C:\Users\AB\Downloads\Sign_Recognition_Model\data\processed\sequences\006_005_003.npy,5
C:\Users\AB\Downloads\Sign_Recognition_Model\data\processed\sequences\006_005_004.npy,5
C:\Users\AB\Downloads\Sign_Recognition_Model\data\processed\sequences\006_005_005.npy,5
C:\Users\AB\Downloads\Sign_Recognition_Model\data\processed\sequences\006_006_001.npy,5
C:\Users\AB\Downloads\Sign_Recognition_Model\data\processed\sequences\006_006_002.npy,5
C:\Users\AB\Downloads\Sign_Recognition_Model\data\processed\sequences\006_006_003.npy,5
C:\Users\AB\Downloads\Sign_Recognition_Model\data\processed\sequences\006_006_004.npy,5
C:\Users\AB\Downloads\Sign_Recognition_Model\data\processed\sequences\006_006_005.npy,5
C:\Users\AB\Downloads\Sign_Recognition_Model\data\processed\sequences\006_007_001.npy,5
C:\Users\AB\Downloads\Sign_Recognition_Model\data\processed\sequences\006_007_002.npy,5
C:\Users\AB\Downloads\Sign_Recognition_Model\data\processed\sequences\006_007_003.npy,5
C:\Users\AB\Downloads\Sign_Recognition_Model\data\processed\sequences\006_007_004.npy,5
C:\Users\AB\Downloads\Sign_Recognition_Model\data\processed\sequences\006_007_005.npy,5
C:\Users\AB\Downloads\Sign_Recognition_Model\data\processed\sequences\007_001_001.npy,6
C:\Users\AB\Downloads\Sign_Recognition_Model\data\processed\sequences\007_001_002.npy,6
C:\Users\AB\Downloads\Sign_Recognition_Model\data\processed\sequences\007_001_003.npy,6
C:\Users\AB\Downloads\Sign_Recognition_Model\data\processed\sequences\007_001_004.npy,6
C:\Users\AB\Downloads\Sign_Recognition_Model\data\processed\sequences\007_001_005.npy,6
C:\Users\AB\Downloads\Sign_Recognition_Model\data\processed\sequences\007_002_001.npy,6
C:\Users\AB\Downloads\Sign_Recognition_Model\data\processed\sequences\007_002_002.npy,6
C:\Users\AB\Downloads\Sign_Recognition_Model\data\processed\sequences\007_002_003.npy,6
C:\Users\AB\Downloads\Sign_Recognition_Model\data\processed\sequences\007_002_004.npy,6
C:\Users\AB\Downloads\Sign_Recognition_Model\data\processed\sequences\007_002_005.npy,6
C:\Users\AB\Downloads\Sign_Recognition_Model\data\processed\sequences\007_003_001.npy,6
C:\Users\AB\Downloads\Sign_Recognition_Model\data\processed\sequences\007_003_002.npy,6
C:\Users\AB\Downloads\Sign_Recognition_Model\data\processed\sequences\007_003_003.npy,6
C:\Users\AB\Downloads\Sign_Recognition_Model\data\processed\sequences\007_003_004.npy,6
C:\Users\AB\Downloads\Sign_Recognition_Model\data\processed\sequences\007_003_005.npy,6
C:\Users\AB\Downloads\Sign_Recognition_Model\data\processed\sequences\007_004_001.npy,6
C:\Users\AB\Downloads\Sign_Recognition_Model\data\processed\sequences\007_004_002.npy,6
C:\Users\AB\Downloads\Sign_Recognition_Model\data\processed\sequences\007_004_003.npy,6
C:\Users\AB\Downloads\Sign_Recognition_Model\data\processed\sequences\007_004_004.npy,6
C:\Users\AB\Downloads\Sign_Recognition_Model\data\processed\sequences\007_004_005.npy,6
C:\Users\AB\Downloads\Sign_Recognition_Model\data\processed\sequences\007_005_001.npy,6
C:\Users\AB\Downloads\Sign_Recognition_Model\data\processed\sequences\007_005_002.npy,6
C:\Users\AB\Downloads\Sign_Recognition_Model\data\processed\sequences\007_005_003.npy,6
C:\Users\AB\Downloads\Sign_Recognition_Model\data\processed\sequences\007_005_004.npy,6
C:\Users\AB\Downloads\Sign_Recognition_Model\data\processed\sequences\007_005_005.npy,6
C:\Users\AB\Downloads\Sign_Recognition_Model\data\processed\sequences\007_006_001.npy,6
C:\Users\AB\Downloads\Sign_Recognition_Model\data\processed\sequences\007_006_002.npy,6
C:\Users\AB\Downloads\Sign_Recognition_Model\data\processed\sequences\007_006_003.npy,6
C:\Users\AB\Downloads\Sign_Recognition_Model\data\processed\sequences\007_006_004.npy,6
C:\Users\AB\Downloads\Sign_Recognition_Model\data\processed\sequences\007_006_005.npy,6
C:\Users\AB\Downloads\Sign_Recognition_Model\data\processed\sequences\007_007_001.npy,6
C:\Users\AB\Downloads\Sign_Recognition_Model\data\processed\sequences\007_007_002.npy,6
C:\Users\AB\Downloads\Sign_Recognition_Model\data\processed\sequences\007_007_003.npy,6
C:\Users\AB\Downloads\Sign_Recognition_Model\data\processed\sequences\007_007_004.npy,6
C:\Users\AB\Downloads\Sign_Recognition_Model\data\processed\sequences\007_007_005.npy,6
C:\Users\AB\Downloads\Sign_Recognition_Model\data\processed\sequences\008_001_001.npy,7
C:\Users\AB\Downloads\Sign_Recognition_Model\data\processed\sequences\008_001_002.npy,7
C:\Users\AB\Downloads\Sign_Recognition_Model\data\processed\sequences\008_001_003.npy,7
C:\Users\AB\Downloads\Sign_Recognition_Model\data\processed\sequences\008_001_004.npy,7
C:\Users\AB\Downloads\Sign_Recognition_Model\data\processed\sequences\008_001_005.npy,7
C:\Users\AB\Downloads\Sign_Recognition_Model\data\processed\sequences\008_002_001.npy,7
C:\Users\AB\Downloads\Sign_Recognition_Model\data\processed\sequences\008_002_002.npy,7
C:\Users\AB\Downloads\Sign_Recognition_Model\data\processed\sequences\008_002_003.npy,7
C:\Users\AB\Downloads\Sign_Recognition_Model\data\processed\sequences\008_002_004.npy,7
C:\Users\AB\Downloads\Sign_Recognition_Model\data\processed\sequences\008_002_005.npy,7
C:\Users\AB\Downloads\Sign_Recognition_Model\data\processed\sequences\008_003_001.npy,7
C:\Users\AB\Downloads\Sign_Recognition_Model\data\processed\sequences\008_003_002.npy,7
C:\Users\AB\Downloads\Sign_Recognition_Model\data\processed\sequences\008_003_003.npy,7
C:\Users\AB\Downloads\Sign_Recognition_Model\data\processed\sequences\008_003_004.npy,7
C:\Users\AB\Downloads\Sign_Recognition_Model\data\processed\sequences\008_003_005.npy,7
C:\Users\AB\Downloads\Sign_Recognition_Model\data\processed\sequences\008_004_001.npy,7
C:\Users\AB\Downloads\Sign_Recognition_Model\data\processed\sequences\008_004_002.npy,7
C:\Users\AB\Downloads\Sign_Recognition_Model\data\processed\sequences\008_004_003.npy,7
C:\Users\AB\Downloads\Sign_Recognition_Model\data\processed\sequences\008_004_004.npy,7
C:\Users\AB\Downloads\Sign_Recognition_Model\data\processed\sequences\008_004_005.npy,7
C:\Users\AB\Downloads\Sign_Recognition_Model\data\processed\sequences\008_005_001.npy,7
C:\Users\AB\Downloads\Sign_Recognition_Model\data\processed\sequences\008_005_002.npy,7
C:\Users\AB\Downloads\Sign_Recognition_Model\data\processed\sequences\008_005_003.npy,7
C:\Users\AB\Downloads\Sign_Recognition_Model\data\processed\sequences\008_005_004.npy,7
C:\Users\AB\Downloads\Sign_Recognition_Model\data\processed\sequences\008_005_005.npy,7
C:\Users\AB\Downloads\Sign_Recognition_Model\data\processed\sequences\008_006_001.npy,7
C:\Users\AB\Downloads\Sign_Recognition_Model\data\processed\sequences\008_006_002.npy,7
C:\Users\AB\Downloads\Sign_Recognition_Model\data\processed\sequences\008_006_003.npy,7
C:\Users\AB\Downloads\Sign_Recognition_Model\data\processed\sequences\008_006_004.npy,7
C:\Users\AB\Downloads\Sign_Recognition_Model\data\processed\sequences\008_006_005.npy,7
C:\Users\AB\Downloads\Sign_Recognition_Model\data\processed\sequences\008_007_001.npy,7
C:\Users\AB\Downloads\Sign_Recognition_Model\data\processed\sequences\008_007_002.npy,7
C:\Users\AB\Downloads\Sign_Recognition_Model\data\processed\sequences\008_007_003.npy,7
C:\Users\AB\Downloads\Sign_Recognition_Model\data\processed\sequences\008_007_004.npy,7
C:\Users\AB\Downloads\Sign_Recognition_Model\data\processed\sequences\008_007_005.npy,7
C:\Users\AB\Downloads\Sign_Recognition_Model\data\processed\sequences\009_001_001.npy,8
C:\Users\AB\Downloads\Sign_Recognition_Model\data\processed\sequences\009_001_002.npy,8
C:\Users\AB\Downloads\Sign_Recognition_Model\data\processed\sequences\009_001_003.npy,8
C:\Users\AB\Downloads\Sign_Recognition_Model\data\processed\sequences\009_001_004.npy,8
C:\Users\AB\Downloads\Sign_Recognition_Model\data\processed\sequences\009_001_005.npy,8
C:\Users\AB\Downloads\Sign_Recognition_Model\data\processed\sequences\009_002_001.npy,8
C:\Users\AB\Downloads\Sign_Recognition_Model\data\processed\sequences\009_002_002.npy,8
C:\Users\AB\Downloads\Sign_Recognition_Model\data\processed\sequences\009_002_003.npy,8
C:\Users\AB\Downloads\Sign_Recognition_Model\data\processed\sequences\009_002_004.npy,8
C:\Users\AB\Downloads\Sign_Recognition_Model\data\processed\sequences\009_002_005.npy,8
C:\Users\AB\Downloads\Sign_Recognition_Model\data\processed\sequences\009_003_001.npy,8
C:\Users\AB\Downloads\Sign_Recognition_Model\data\processed\sequences\009_003_002.npy,8
C:\Users\AB\Downloads\Sign_Recognition_Model\data\processed\sequences\009_003_003.npy,8
C:\Users\AB\Downloads\Sign_Recognition_Model\data\processed\sequences\009_003_004.npy,8
C:\Users\AB\Downloads\Sign_Recognition_Model\data\processed\sequences\009_003_005.npy,8
C:\Users\AB\Downloads\Sign_Recognition_Model\data\processed\sequences\009_004_001.npy,8
C:\Users\AB\Downloads\Sign_Recognition_Model\data\processed\sequences\009_004_002.npy,8
C:\Users\AB\Downloads\Sign_Recognition_Model\data\processed\sequences\009_004_003.npy,8
C:\Users\AB\Downloads\Sign_Recognition_Model\data\processed\sequences\009_004_004.npy,8
C:\Users\AB\Downloads\Sign_Recognition_Model\data\processed\sequences\009_004_005.npy,8
C:\Users\AB\Downloads\Sign_Recognition_Model\data\processed\sequences\009_005_001.npy,8
C:\Users\AB\Downloads\Sign_Recognition_Model\data\processed\sequences\009_005_002.npy,8
C:\Users\AB\Downloads\Sign_Recognition_Model\data\processed\sequences\009_005_003.npy,8
C:\Users\AB\Downloads\Sign_Recognition_Model\data\processed\sequences\009_005_004.npy,8
C:\Users\AB\Downloads\Sign_Recognition_Model\data\processed\sequences\009_005_005.npy,8
C:\Users\AB\Downloads\Sign_Recognition_Model\data\processed\sequences\009_006_001.npy,8
C:\Users\AB\Downloads\Sign_Recognition_Model\data\processed\sequences\009_006_002.npy,8
C:\Users\AB\Downloads\Sign_Recognition_Model\data\processed\sequences\009_006_003.npy,8
C:\Users\AB\Downloads\Sign_Recognition_Model\data\processed\sequences\009_006_004.npy,8
C:\Users\AB\Downloads\Sign_Recognition_Model\data\processed\sequences\009_006_005.npy,8
C:\Users\AB\Downloads\Sign_Recognition_Model\data\processed\sequences\009_007_001.npy,8
C:\Users\AB\Downloads\Sign_Recognition_Model\data\processed\sequences\009_007_002.npy,8
C:\Users\AB\Downloads\Sign_Recognition_Model\data\processed\sequences\009_007_003.npy,8
C:\Users\AB\Downloads\Sign_Recognition_Model\data\processed\sequences\009_007_004.npy,8
C:\Users\AB\Downloads\Sign_Recognition_Model\data\processed\sequences\009_007_005.npy,8
C:\Users\AB\Downloads\Sign_Recognition_Model\data\processed\sequences\010_001_001.npy,9
C:\Users\AB\Downloads\Sign_Recognition_Model\data\processed\sequences\010_001_002.npy,9
C:\Users\AB\Downloads\Sign_Recognition_Model\data\processed\sequences\010_001_003.npy,9
C:\Users\AB\Downloads\Sign_Recognition_Model\data\processed\sequences\010_001_004.npy,9
C:\Users\AB\Downloads\Sign_Recognition_Model\data\processed\sequences\010_001_005.npy,9
C:\Users\AB\Downloads\Sign_Recognition_Model\data\processed\sequences\010_002_001.npy,9
C:\Users\AB\Downloads\Sign_Recognition_Model\data\processed\sequences\010_002_002.npy,9
C:\Users\AB\Downloads\Sign_Recognition_Model\data\processed\sequences\010_002_003.npy,9
C:\Users\AB\Downloads\Sign_Recognition_Model\data\processed\sequences\010_002_004.npy,9
C:\Users\AB\Downloads\Sign_Recognition_Model\data\processed\sequences\010_002_005.npy,9
C:\Users\AB\Downloads\Sign_Recognition_Model\data\processed\sequences\010_003_001.npy,9
C:\Users\AB\Downloads\Sign_Recognition_Model\data\processed\sequences\010_003_002.npy,9
C:\Users\AB\Downloads\Sign_Recognition_Model\data\processed\sequences\010_003_003.npy,9
C:\Users\AB\Downloads\Sign_Recognition_Model\data\processed\sequences\010_003_004.npy,9
C:\Users\AB\Downloads\Sign_Recognition_Model\data\processed\sequences\010_003_005.npy,9
C:\Users\AB\Downloads\Sign_Recognition_Model\data\processed\sequences\010_004_001.npy,9
C:\Users\AB\Downloads\Sign_Recognition_Model\data\processed\sequences\010_004_002.npy,9
C:\Users\AB\Downloads\Sign_Recognition_Model\data\processed\sequences\010_004_003.npy,9
C:\Users\AB\Downloads\Sign_Recognition_Model\data\processed\sequences\010_004_004.npy,9
C:\Users\AB\Downloads\Sign_Recognition_Model\data\processed\sequences\010_004_005.npy,9
C:\Users\AB\Downloads\Sign_Recognition_Model\data\processed\sequences\010_005_001.npy,9
C:\Users\AB\Downloads\Sign_Recognition_Model\data\processed\sequences\010_005_002.npy,9
C:\Users\AB\Downloads\Sign_Recognition_Model\data\processed\sequences\010_005_003.npy,9
C:\Users\AB\Downloads\Sign_Recognition_Model\data\processed\sequences\010_005_004.npy,9
C:\Users\AB\Downloads\Sign_Recognition_Model\data\processed\sequences\010_005_005.npy,9
C:\Users\AB\Downloads\Sign_Recognition_Model\data\processed\sequences\010_006_001.npy,9
C:\Users\AB\Downloads\Sign_Recognition_Model\data\processed\sequences\010_006_002.npy,9
C:\Users\AB\Downloads\Sign_Recognition_Model\data\processed\sequences\010_006_003.npy,9
C:\Users\AB\Downloads\Sign_Recognition_Model\data\processed\sequences\010_006_004.npy,9
C:\Users\AB\Downloads\Sign_Recognition_Model\data\processed\sequences\010_006_005.npy,9
C:\Users\AB\Downloads\Sign_Recognition_Model\data\processed\sequences\010_007_001.npy,9
C:\Users\AB\Downloads\Sign_Recognition_Model\data\processed\sequences\010_007_002.npy,9
C:\Users\AB\Downloads\Sign_Recognition_Model\data\processed\sequences\010_007_003.npy,9
C:\Users\AB\Downloads\Sign_Recognition_Model\data\processed\sequences\010_007_004.npy,9
C:\Users\AB\Downloads\Sign_Recognition_Model\data\processed\sequences\010_007_005.npy,9
C:\Users\AB\Downloads\Sign_Recognition_Model\data\processed\sequences\011_001_001.npy,10
C:\Users\AB\Downloads\Sign_Recognition_Model\data\processed\sequences\011_001_002.npy,10
C:\Users\AB\Downloads\Sign_Recognition_Model\data\processed\sequences\011_001_003.npy,10
C:\Users\AB\Downloads\Sign_Recognition_Model\data\processed\sequences\011_001_004.npy,10
C:\Users\AB\Downloads\Sign_Recognition_Model\data\processed\sequences\011_001_005.npy,10
C:\Users\AB\Downloads\Sign_Recognition_Model\data\processed\sequences\011_002_001.npy,10
C:\Users\AB\Downloads\Sign_Recognition_Model\data\processed\sequences\011_002_002.npy,10
C:\Users\AB\Downloads\Sign_Recognition_Model\data\processed\sequences\011_002_003.npy,10
C:\Users\AB\Downloads\Sign_Recognition_Model\data\processed\sequences\011_002_004.npy,10
C:\Users\AB\Downloads\Sign_Recognition_Model\data\processed\sequences\011_002_005.npy,10
C:\Users\AB\Downloads\Sign_Recognition_Model\data\processed\sequences\011_003_001.npy,10
C:\Users\AB\Downloads\Sign_Recognition_Model\data\processed\sequences\011_003_002.npy,10
C:\Users\AB\Downloads\Sign_Recognition_Model\data\processed\sequences\011_003_003.npy,10
C:\Users\AB\Downloads\Sign_Recognition_Model\data\processed\sequences\011_003_004.npy,10
C:\Users\AB\Downloads\Sign_Recognition_Model\data\processed\sequences\011_003_005.npy,10
C:\Users\AB\Downloads\Sign_Recognition_Model\data\processed\sequences\011_004_001.npy,10
C:\Users\AB\Downloads\Sign_Recognition_Model\data\processed\sequences\011_004_002.npy,10
C:\Users\AB\Downloads\Sign_Recognition_Model\data\processed\sequences\011_004_003.npy,10
C:\Users\AB\Downloads\Sign_Recognition_Model\data\processed\sequences\011_004_004.npy,10
C:\Users\AB\Downloads\Sign_Recognition_Model\data\processed\sequences\011_004_005.npy,10
C:\Users\AB\Downloads\Sign_Recognition_Model\data\processed\sequences\011_005_001.npy,10
C:\Users\AB\Downloads\Sign_Recognition_Model\data\processed\sequences\011_005_002.npy,10
C:\Users\AB\Downloads\Sign_Recognition_Model\data\processed\sequences\011_005_003.npy,10
C:\Users\AB\Downloads\Sign_Recognition_Model\data\processed\sequences\011_005_004.npy,10
C:\Users\AB\Downloads\Sign_Recognition_Model\data\processed\sequences\011_005_005.npy,10
C:\Users\AB\Downloads\Sign_Recognition_Model\data\processed\sequences\011_006_001.npy,10
C:\Users\AB\Downloads\Sign_Recognition_Model\data\processed\sequences\011_006_002.npy,10
C:\Users\AB\Downloads\Sign_Recognition_Model\data\processed\sequences\011_006_003.npy,10
C:\Users\AB\Downloads\Sign_Recognition_Model\data\processed\sequences\011_006_004.npy,10
C:\Users\AB\Downloads\Sign_Recognition_Model\data\processed\sequences\011_006_005.npy,10
C:\Users\AB\Downloads\Sign_Recognition_Model\data\processed\sequences\011_007_001.npy,10
C:\Users\AB\Downloads\Sign_Recognition_Model\data\processed\sequences\011_007_002.npy,10
C:\Users\AB\Downloads\Sign_Recognition_Model\data\processed\sequences\011_007_003.npy,10
C:\Users\AB\Downloads\Sign_Recognition_Model\data\processed\sequences\011_007_004.npy,10
C:\Users\AB\Downloads\Sign_Recognition_Model\data\processed\sequences\011_007_005.npy,10
C:\Users\AB\Downloads\Sign_Recognition_Model\data\processed\sequences\012_001_001.npy,11
C:\Users\AB\Downloads\Sign_Recognition_Model\data\processed\sequences\012_001_002.npy,11
C:\Users\AB\Downloads\Sign_Recognition_Model\data\processed\sequences\012_001_003.npy,11
C:\Users\AB\Downloads\Sign_Recognition_Model\data\processed\sequences\012_001_004.npy,11
C:\Users\AB\Downloads\Sign_Recognition_Model\data\processed\sequences\012_001_005.npy,11
C:\Users\AB\Downloads\Sign_Recognition_Model\data\processed\sequences\012_002_001.npy,11
C:\Users\AB\Downloads\Sign_Recognition_Model\data\processed\sequences\012_002_002.npy,11
C:\Users\AB\Downloads\Sign_Recognition_Model\data\processed\sequences\012_002_003.npy,11
C:\Users\AB\Downloads\Sign_Recognition_Model\data\processed\sequences\012_002_004.npy,11
C:\Users\AB\Downloads\Sign_Recognition_Model\data\processed\sequences\012_002_005.npy,11
C:\Users\AB\Downloads\Sign_Recognition_Model\data\processed\sequences\012_003_001.npy,11
C:\Users\AB\Downloads\Sign_Recognition_Model\data\processed\sequences\012_003_002.npy,11
C:\Users\AB\Downloads\Sign_Recognition_Model\data\processed\sequences\012_003_003.npy,11
C:\Users\AB\Downloads\Sign_Recognition_Model\data\processed\sequences\012_003_004.npy,11
C:\Users\AB\Downloads\Sign_Recognition_Model\data\processed\sequences\012_003_005.npy,11
C:\Users\AB\Downloads\Sign_Recognition_Model\data\processed\sequences\012_004_001.npy,11
C:\Users\AB\Downloads\Sign_Recognition_Model\data\processed\sequences\012_004_002.npy,11
C:\Users\AB\Downloads\Sign_Recognition_Model\data\processed\sequences\012_004_003.npy,11
C:\Users\AB\Downloads\Sign_Recognition_Model\data\processed\sequences\012_004_004.npy,11
C:\Users\AB\Downloads\Sign_Recognition_Model\data\processed\sequences\012_004_005.npy,11
C:\Users\AB\Downloads\Sign_Recognition_Model\data\processed\sequences\012_005_001.npy,11
C:\Users\AB\Downloads\Sign_Recognition_Model\data\processed\sequences\012_005_002.npy,11
C:\Users\AB\Downloads\Sign_Recognition_Model\data\processed\sequences\012_005_003.npy,11
C:\Users\AB\Downloads\Sign_Recognition_Model\data\processed\sequences\012_005_004.npy,11
C:\Users\AB\Downloads\Sign_Recognition_Model\data\processed\sequences\012_005_005.npy,11
C:\Users\AB\Downloads\Sign_Recognition_Model\data\processed\sequences\012_006_001.npy,11
C:\Users\AB\Downloads\Sign_Recognition_Model\data\processed\sequences\012_006_002.npy,11
C:\Users\AB\Downloads\Sign_Recognition_Model\data\processed\sequences\012_006_003.npy,11
C:\Users\AB\Downloads\Sign_Recognition_Model\data\processed\sequences\012_006_004.npy,11
C:\Users\AB\Downloads\Sign_Recognition_Model\data\processed\sequences\012_006_005.npy,11
C:\Users\AB\Downloads\Sign_Recognition_Model\data\processed\sequences\012_007_001.npy,11
C:\Users\AB\Downloads\Sign_Recognition_Model\data\processed\sequences\012_007_002.npy,11
C:\Users\AB\Downloads\Sign_Recognition_Model\data\processed\sequences\012_007_003.npy,11
C:\Users\AB\Downloads\Sign_Recognition_Model\data\processed\sequences\012_007_004.npy,11
C:\Users\AB\Downloads\Sign_Recognition_Model\data\processed\sequences\012_007_005.npy,11
C:\Users\AB\Downloads\Sign_Recognition_Model\data\processed\sequences\013_001_001.npy,12
C:\Users\AB\Downloads\Sign_Recognition_Model\data\processed\sequences\013_001_002.npy,12
C:\Users\AB\Downloads\Sign_Recognition_Model\data\processed\sequences\013_001_003.npy,12
C:\Users\AB\Downloads\Sign_Recognition_Model\data\processed\sequences\013_001_004.npy,12
C:\Users\AB\Downloads\Sign_Recognition_Model\data\processed\sequences\013_001_005.npy,12
C:\Users\AB\Downloads\Sign_Recognition_Model\data\processed\sequences\013_002_001.npy,12
C:\Users\AB\Downloads\Sign_Recognition_Model\data\processed\sequences\013_002_002.npy,12
C:\Users\AB\Downloads\Sign_Recognition_Model\data\processed\sequences\013_002_003.npy,12
C:\Users\AB\Downloads\Sign_Recognition_Model\data\processed\sequences\013_002_004.npy,12
C:\Users\AB\Downloads\Sign_Recognition_Model\data\processed\sequences\013_002_005.npy,12
C:\Users\AB\Downloads\Sign_Recognition_Model\data\processed\sequences\013_003_001.npy,12
C:\Users\AB\Downloads\Sign_Recognition_Model\data\processed\sequences\013_003_002.npy,12
C:\Users\AB\Downloads\Sign_Recognition_Model\data\processed\sequences\013_003_003.npy,12
C:\Users\AB\Downloads\Sign_Recognition_Model\data\processed\sequences\013_003_004.npy,12
C:\Users\AB\Downloads\Sign_Recognition_Model\data\processed\sequences\013_003_005.npy,12
C:\Users\AB\Downloads\Sign_Recognition_Model\data\processed\sequences\013_004_001.npy,12
C:\Users\AB\Downloads\Sign_Recognition_Model\data\processed\sequences\013_004_002.npy,12
C:\Users\AB\Downloads\Sign_Recognition_Model\data\processed\sequences\013_004_003.npy,12
C:\Users\AB\Downloads\Sign_Recognition_Model\data\processed\sequences\013_004_004.npy,12
C:\Users\AB\Downloads\Sign_Recognition_Model\data\processed\sequences\013_004_005.npy,12
C:\Users\AB\Downloads\Sign_Recognition_Model\data\processed\sequences\013_005_001.npy,12
C:\Users\AB\Downloads\Sign_Recognition_Model\data\processed\sequences\013_005_002.npy,12
C:\Users\AB\Downloads\Sign_Recognition_Model\data\processed\sequences\013_005_003.npy,12
C:\Users\AB\Downloads\Sign_Recognition_Model\data\processed\sequences\013_005_004.npy,12
C:\Users\AB\Downloads\Sign_Recognition_Model\data\processed\sequences\013_005_005.npy,12
C:\Users\AB\Downloads\Sign_Recognition_Model\data\processed\sequences\013_006_001.npy,12
C:\Users\AB\Downloads\Sign_Recognition_Model\data\processed\sequences\013_006_002.npy,12
C:\Users\AB\Downloads\Sign_Recognition_Model\data\processed\sequences\013_006_003.npy,12
C:\Users\AB\Downloads\Sign_Recognition_Model\data\processed\sequences\013_006_004.npy,12
C:\Users\AB\Downloads\Sign_Recognition_Model\data\processed\sequences\013_006_005.npy,12
C:\Users\AB\Downloads\Sign_Recognition_Model\data\processed\sequences\013_007_001.npy,12
C:\Users\AB\Downloads\Sign_Recognition_Model\data\processed\sequences\013_007_002.npy,12
C:\Users\AB\Downloads\Sign_Recognition_Model\data\processed\sequences\013_007_003.npy,12
C:\Users\AB\Downloads\Sign_Recognition_Model\data\processed\sequences\013_007_004.npy,12
C:\Users\AB\Downloads\Sign_Recognition_Model\data\processed\sequences\013_007_005.npy,12
C:\Users\AB\Downloads\Sign_Recognition_Model\data\processed\sequences\014_001_001.npy,13
C:\Users\AB\Downloads\Sign_Recognition_Model\data\processed\sequences\014_001_002.npy,13
C:\Users\AB\Downloads\Sign_Recognition_Model\data\processed\sequences\014_001_003.npy,13
C:\Users\AB\Downloads\Sign_Recognition_Model\data\processed\sequences\014_001_004.npy,13
C:\Users\AB\Downloads\Sign_Recognition_Model\data\processed\sequences\014_001_005.npy,13
C:\Users\AB\Downloads\Sign_Recognition_Model\data\processed\sequences\014_002_001.npy,13
C:\Users\AB\Downloads\Sign_Recognition_Model\data\processed\sequences\014_002_002.npy,13
C:\Users\AB\Downloads\Sign_Recognition_Model\data\processed\sequences\014_002_003.npy,13
C:\Users\AB\Downloads\Sign_Recognition_Model\data\processed\sequences\014_002_004.npy,13
C:\Users\AB\Downloads\Sign_Recognition_Model\data\processed\sequences\014_002_005.npy,13
C:\Users\AB\Downloads\Sign_Recognition_Model\data\processed\sequences\014_003_001.npy,13
C:\Users\AB\Downloads\Sign_Recognition_Model\data\processed\sequences\014_003_002.npy,13
C:\Users\AB\Downloads\Sign_Recognition_Model\data\processed\sequences\014_003_003.npy,13
C:\Users\AB\Downloads\Sign_Recognition_Model\data\processed\sequences\014_003_004.npy,13
C:\Users\AB\Downloads\Sign_Recognition_Model\data\processed\sequences\014_003_005.npy,13
C:\Users\AB\Downloads\Sign_Recognition_Model\data\processed\sequences\014_004_001.npy,13
C:\Users\AB\Downloads\Sign_Recognition_Model\data\processed\sequences\014_004_002.npy,13
C:\Users\AB\Downloads\Sign_Recognition_Model\data\processed\sequences\014_004_003.npy,13
C:\Users\AB\Downloads\Sign_Recognition_Model\data\processed\sequences\014_004_004.npy,13
C:\Users\AB\Downloads\Sign_Recognition_Model\data\processed\sequences\014_004_005.npy,13
C:\Users\AB\Downloads\Sign_Recognition_Model\data\processed\sequences\014_005_001.npy,13
C:\Users\AB\Downloads\Sign_Recognition_Model\data\processed\sequences\014_005_002.npy,13
C:\Users\AB\Downloads\Sign_Recognition_Model\data\processed\sequences\014_005_003.npy,13
C:\Users\AB\Downloads\Sign_Recognition_Model\data\processed\sequences\014_005_004.npy,13
C:\Users\AB\Downloads\Sign_Recognition_Model\data\processed\sequences\014_005_005.npy,13
C:\Users\AB\Downloads\Sign_Recognition_Model\data\processed\sequences\014_006_001.npy,13
C:\Users\AB\Downloads\Sign_Recognition_Model\data\processed\sequences\014_006_002.npy,13
C:\Users\AB\Downloads\Sign_Recognition_Model\data\processed\sequences\014_006_003.npy,13
C:\Users\AB\Downloads\Sign_Recognition_Model\data\processed\sequences\014_006_004.npy,13
C:\Users\AB\Downloads\Sign_Recognition_Model\data\processed\sequences\014_006_005.npy,13
C:\Users\AB\Downloads\Sign_Recognition_Model\data\processed\sequences\014_007_001.npy,13
C:\Users\AB\Downloads\Sign_Recognition_Model\data\processed\sequences\014_007_002.npy,13
C:\Users\AB\Downloads\Sign_Recognition_Model\data\processed\sequences\014_007_003.npy,13
C:\Users\AB\Downloads\Sign_Recognition_Model\data\processed\sequences\014_007_004.npy,13
C:\Users\AB\Downloads\Sign_Recognition_Model\data\processed\sequences\014_007_005.npy,13
C:\Users\AB\Downloads\Sign_Recognition_Model\data\processed\sequences\015_001_001.npy,14
C:\Users\AB\Downloads\Sign_Recognition_Model\data\processed\sequences\015_001_002.npy,14
C:\Users\AB\Downloads\Sign_Recognition_Model\data\processed\sequences\015_001_003.npy,14
C:\Users\AB\Downloads\Sign_Recognition_Model\data\processed\sequences\015_001_004.npy,14
C:\Users\AB\Downloads\Sign_Recognition_Model\data\processed\sequences\015_001_005.npy,14
C:\Users\AB\Downloads\Sign_Recognition_Model\data\processed\sequences\015_002_001.npy,14
C:\Users\AB\Downloads\Sign_Recognition_Model\data\processed\sequences\015_002_002.npy,14
C:\Users\AB\Downloads\Sign_Recognition_Model\data\processed\sequences\015_002_003.npy,14
C:\Users\AB\Downloads\Sign_Recognition_Model\data\processed\sequences\015_002_004.npy,14
C:\Users\AB\Downloads\Sign_Recognition_Model\data\processed\sequences\015_002_005.npy,14
C:\Users\AB\Downloads\Sign_Recognition_Model\data\processed\sequences\015_003_001.npy,14
C:\Users\AB\Downloads\Sign_Recognition_Model\data\processed\sequences\015_003_002.npy,14
C:\Users\AB\Downloads\Sign_Recognition_Model\data\processed\sequences\015_003_003.npy,14
C:\Users\AB\Downloads\Sign_Recognition_Model\data\processed\sequences\015_003_004.npy,14
C:\Users\AB\Downloads\Sign_Recognition_Model\data\processed\sequences\015_003_005.npy,14
C:\Users\AB\Downloads\Sign_Recognition_Model\data\processed\sequences\015_004_001.npy,14
C:\Users\AB\Downloads\Sign_Recognition_Model\data\processed\sequences\015_004_002.npy,14
C:\Users\AB\Downloads\Sign_Recognition_Model\data\processed\sequences\015_004_003.npy,14
C:\Users\AB\Downloads\Sign_Recognition_Model\data\processed\sequences\015_004_004.npy,14
C:\Users\AB\Downloads\Sign_Recognition_Model\data\processed\sequences\015_004_005.npy,14
C:\Users\AB\Downloads\Sign_Recognition_Model\data\processed\sequences\015_005_001.npy,14
C:\Users\AB\Downloads\Sign_Recognition_Model\data\processed\sequences\015_005_002.npy,14
C:\Users\AB\Downloads\Sign_Recognition_Model\data\processed\sequences\015_005_003.npy,14
C:\Users\AB\Downloads\Sign_Recognition_Model\data\processed\sequences\015_005_004.npy,14
C:\Users\AB\Downloads\Sign_Recognition_Model\data\processed\sequences\015_005_005.npy,14
C:\Users\AB\Downloads\Sign_Recognition_Model\data\processed\sequences\015_006_001.npy,14
C:\Users\AB\Downloads\Sign_Recognition_Model\data\processed\sequences\015_006_002.npy,14
C:\Users\AB\Downloads\Sign_Recognition_Model\data\processed\sequences\015_006_003.npy,14
C:\Users\AB\Downloads\Sign_Recognition_Model\data\processed\sequences\015_006_004.npy,14
C:\Users\AB\Downloads\Sign_Recognition_Model\data\processed\sequences\015_006_005.npy,14
C:\Users\AB\Downloads\Sign_Recognition_Model\data\processed\sequences\015_007_001.npy,14
C:\Users\AB\Downloads\Sign_Recognition_Model\data\processed\sequences\015_007_002.npy,14
C:\Users\AB\Downloads\Sign_Recognition_Model\data\processed\sequences\015_007_003.npy,14
C:\Users\AB\Downloads\Sign_Recognition_Model\data\processed\sequences\015_007_004.npy,14
C:\Users\AB\Downloads\Sign_Recognition_Model\data\processed\sequences\015_007_005.npy,14
C:\Users\AB\Downloads\Sign_Recognition_Model\data\processed\sequences\016_001_001.npy,15
C:\Users\AB\Downloads\Sign_Recognition_Model\data\processed\sequences\016_001_002.npy,15
C:\Users\AB\Downloads\Sign_Recognition_Model\data\processed\sequences\016_001_003.npy,15
C:\Users\AB\Downloads\Sign_Recognition_Model\data\processed\sequences\016_001_004.npy,15
C:\Users\AB\Downloads\Sign_Recognition_Model\data\processed\sequences\016_001_005.npy,15
C:\Users\AB\Downloads\Sign_Recognition_Model\data\processed\sequences\016_002_001.npy,15
C:\Users\AB\Downloads\Sign_Recognition_Model\data\processed\sequences\016_002_002.npy,15
C:\Users\AB\Downloads\Sign_Recognition_Model\data\processed\sequences\016_002_003.npy,15
C:\Users\AB\Downloads\Sign_Recognition_Model\data\processed\sequences\016_002_004.npy,15
C:\Users\AB\Downloads\Sign_Recognition_Model\data\processed\sequences\016_002_005.npy,15
C:\Users\AB\Downloads\Sign_Recognition_Model\data\processed\sequences\016_003_001.npy,15
C:\Users\AB\Downloads\Sign_Recognition_Model\data\processed\sequences\016_003_002.npy,15
C:\Users\AB\Downloads\Sign_Recognition_Model\data\processed\sequences\016_003_003.npy,15
C:\Users\AB\Downloads\Sign_Recognition_Model\data\processed\sequences\016_003_004.npy,15
C:\Users\AB\Downloads\Sign_Recognition_Model\data\processed\sequences\016_003_005.npy,15
C:\Users\AB\Downloads\Sign_Recognition_Model\data\processed\sequences\016_004_001.npy,15
C:\Users\AB\Downloads\Sign_Recognition_Model\data\processed\sequences\016_004_002.npy,15
C:\Users\AB\Downloads\Sign_Recognition_Model\data\processed\sequences\016_004_003.npy,15
C:\Users\AB\Downloads\Sign_Recognition_Model\data\processed\sequences\016_004_004.npy,15
C:\Users\AB\Downloads\Sign_Recognition_Model\data\processed\sequences\016_004_005.npy,15
C:\Users\AB\Downloads\Sign_Recognition_Model\data\processed\sequences\016_005_001.npy,15
C:\Users\AB\Downloads\Sign_Recognition_Model\data\processed\sequences\016_005_002.npy,15
C:\Users\AB\Downloads\Sign_Recognition_Model\data\processed\sequences\016_005_003.npy,15
C:\Users\AB\Downloads\Sign_Recognition_Model\data\processed\sequences\016_005_004.npy,15
C:\Users\AB\Downloads\Sign_Recognition_Model\data\processed\sequences\016_005_005.npy,15
C:\Users\AB\Downloads\Sign_Recognition_Model\data\processed\sequences\016_006_001.npy,15
C:\Users\AB\Downloads\Sign_Recognition_Model\data\processed\sequences\016_006_002.npy,15
C:\Users\AB\Downloads\Sign_Recognition_Model\data\processed\sequences\016_006_003.npy,15
C:\Users\AB\Downloads\Sign_Recognition_Model\data\processed\sequences\016_006_004.npy,15
C:\Users\AB\Downloads\Sign_Recognition_Model\data\processed\sequences\016_006_005.npy,15
C:\Users\AB\Downloads\Sign_Recognition_Model\data\processed\sequences\016_007_001.npy,15
C:\Users\AB\Downloads\Sign_Recognition_Model\data\processed\sequences\016_007_002.npy,15
C:\Users\AB\Downloads\Sign_Recognition_Model\data\processed\sequences\016_007_003.npy,15
C:\Users\AB\Downloads\Sign_Recognition_Model\data\processed\sequences\016_007_004.npy,15
C:\Users\AB\Downloads\Sign_Recognition_Model\data\processed\sequences\016_007_005.npy,15
C:\Users\AB\Downloads\Sign_Recognition_Model\data\processed\sequences\017_001_001.npy,16
C:\Users\AB\Downloads\Sign_Recognition_Model\data\processed\sequences\017_001_002.npy,16
C:\Users\AB\Downloads\Sign_Recognition_Model\data\processed\sequences\017_001_003.npy,16
C:\Users\AB\Downloads\Sign_Recognition_Model\data\processed\sequences\017_001_004.npy,16
C:\Users\AB\Downloads\Sign_Recognition_Model\data\processed\sequences\017_001_005.npy,16
C:\Users\AB\Downloads\Sign_Recognition_Model\data\processed\sequences\017_002_001.npy,16
C:\Users\AB\Downloads\Sign_Recognition_Model\data\processed\sequences\017_002_002.npy,16
C:\Users\AB\Downloads\Sign_Recognition_Model\data\processed\sequences\017_002_003.npy,16
C:\Users\AB\Downloads\Sign_Recognition_Model\data\processed\sequences\017_002_004.npy,16
C:\Users\AB\Downloads\Sign_Recognition_Model\data\processed\sequences\017_002_005.npy,16
C:\Users\AB\Downloads\Sign_Recognition_Model\data\processed\sequences\017_003_001.npy,16
C:\Users\AB\Downloads\Sign_Recognition_Model\data\processed\sequences\017_003_002.npy,16
C:\Users\AB\Downloads\Sign_Recognition_Model\data\processed\sequences\017_003_003.npy,16
C:\Users\AB\Downloads\Sign_Recognition_Model\data\processed\sequences\017_003_004.npy,16
C:\Users\AB\Downloads\Sign_Recognition_Model\data\processed\sequences\017_003_005.npy,16
C:\Users\AB\Downloads\Sign_Recognition_Model\data\processed\sequences\017_004_001.npy,16
C:\Users\AB\Downloads\Sign_Recognition_Model\data\processed\sequences\017_004_002.npy,16
C:\Users\AB\Downloads\Sign_Recognition_Model\data\processed\sequences\017_004_003.npy,16
C:\Users\AB\Downloads\Sign_Recognition_Model\data\processed\sequences\017_004_004.npy,16
C:\Users\AB\Downloads\Sign_Recognition_Model\data\processed\sequences\017_004_005.npy,16
C:\Users\AB\Downloads\Sign_Recognition_Model\data\processed\sequences\017_005_001.npy,16
C:\Users\AB\Downloads\Sign_Recognition_Model\data\processed\sequences\017_005_002.npy,16
C:\Users\AB\Downloads\Sign_Recognition_Model\data\processed\sequences\017_005_003.npy,16
C:\Users\AB\Downloads\Sign_Recognition_Model\data\processed\sequences\017_005_004.npy,16
C:\Users\AB\Downloads\Sign_Recognition_Model\data\processed\sequences\017_005_005.npy,16
C:\Users\AB\Downloads\Sign_Recognition_Model\data\processed\sequences\017_006_001.npy,16
C:\Users\AB\Downloads\Sign_Recognition_Model\data\processed\sequences\017_006_002.npy,16
C:\Users\AB\Downloads\Sign_Recognition_Model\data\processed\sequences\017_006_003.npy,16
C:\Users\AB\Downloads\Sign_Recognition_Model\data\processed\sequences\017_006_004.npy,16
C:\Users\AB\Downloads\Sign_Recognition_Model\data\processed\sequences\017_006_005.npy,16
C:\Users\AB\Downloads\Sign_Recognition_Model\data\processed\sequences\017_007_001.npy,16
C:\Users\AB\Downloads\Sign_Recognition_Model\data\processed\sequences\017_007_002.npy,16
C:\Users\AB\Downloads\Sign_Recognition_Model\data\processed\sequences\017_007_003.npy,16
C:\Users\AB\Downloads\Sign_Recognition_Model\data\processed\sequences\017_007_004.npy,16
C:\Users\AB\Downloads\Sign_Recognition_Model\data\processed\sequences\017_007_005.npy,16
C:\Users\AB\Downloads\Sign_Recognition_Model\data\processed\sequences\018_001_001.npy,17
C:\Users\AB\Downloads\Sign_Recognition_Model\data\processed\sequences\018_001_002.npy,17
C:\Users\AB\Downloads\Sign_Recognition_Model\data\processed\sequences\018_001_003.npy,17
C:\Users\AB\Downloads\Sign_Recognition_Model\data\processed\sequences\018_001_004.npy,17
C:\Users\AB\Downloads\Sign_Recognition_Model\data\processed\sequences\018_001_005.npy,17
C:\Users\AB\Downloads\Sign_Recognition_Model\data\processed\sequences\018_002_001.npy,17
C:\Users\AB\Downloads\Sign_Recognition_Model\data\processed\sequences\018_002_002.npy,17
C:\Users\AB\Downloads\Sign_Recognition_Model\data\processed\sequences\018_002_003.npy,17
C:\Users\AB\Downloads\Sign_Recognition_Model\data\processed\sequences\018_002_004.npy,17
C:\Users\AB\Downloads\Sign_Recognition_Model\data\processed\sequences\018_002_005.npy,17
C:\Users\AB\Downloads\Sign_Recognition_Model\data\processed\sequences\018_003_001.npy,17
C:\Users\AB\Downloads\Sign_Recognition_Model\data\processed\sequences\018_003_002.npy,17
C:\Users\AB\Downloads\Sign_Recognition_Model\data\processed\sequences\018_003_003.npy,17
C:\Users\AB\Downloads\Sign_Recognition_Model\data\processed\sequences\018_003_004.npy,17
C:\Users\AB\Downloads\Sign_Recognition_Model\data\processed\sequences\018_003_005.npy,17
C:\Users\AB\Downloads\Sign_Recognition_Model\data\processed\sequences\018_004_001.npy,17
C:\Users\AB\Downloads\Sign_Recognition_Model\data\processed\sequences\018_004_002.npy,17
C:\Users\AB\Downloads\Sign_Recognition_Model\data\processed\sequences\018_004_003.npy,17
C:\Users\AB\Downloads\Sign_Recognition_Model\data\processed\sequences\018_004_004.npy,17
C:\Users\AB\Downloads\Sign_Recognition_Model\data\processed\sequences\018_004_005.npy,17
C:\Users\AB\Downloads\Sign_Recognition_Model\data\processed\sequences\018_005_001.npy,17
C:\Users\AB\Downloads\Sign_Recognition_Model\data\processed\sequences\018_005_002.npy,17
C:\Users\AB\Downloads\Sign_Recognition_Model\data\processed\sequences\018_005_003.npy,17
C:\Users\AB\Downloads\Sign_Recognition_Model\data\processed\sequences\018_005_004.npy,17
C:\Users\AB\Downloads\Sign_Recognition_Model\data\processed\sequences\018_005_005.npy,17
C:\Users\AB\Downloads\Sign_Recognition_Model\data\processed\sequences\018_006_001.npy,17
C:\Users\AB\Downloads\Sign_Recognition_Model\data\processed\sequences\018_006_002.npy,17
C:\Users\AB\Downloads\Sign_Recognition_Model\data\processed\sequences\018_006_003.npy,17
C:\Users\AB\Downloads\Sign_Recognition_Model\data\processed\sequences\018_006_004.npy,17
C:\Users\AB\Downloads\Sign_Recognition_Model\data\processed\sequences\018_006_005.npy,17
C:\Users\AB\Downloads\Sign_Recognition_Model\data\processed\sequences\018_007_001.npy,17
C:\Users\AB\Downloads\Sign_Recognition_Model\data\processed\sequences\018_007_002.npy,17
C:\Users\AB\Downloads\Sign_Recognition_Model\data\processed\sequences\018_007_003.npy,17
C:\Users\AB\Downloads\Sign_Recognition_Model\data\processed\sequences\018_007_004.npy,17
C:\Users\AB\Downloads\Sign_Recognition_Model\data\processed\sequences\018_007_005.npy,17
C:\Users\AB\Downloads\Sign_Recognition_Model\data\processed\sequences\019_001_001.npy,18
C:\Users\AB\Downloads\Sign_Recognition_Model\data\processed\sequences\019_001_002.npy,18
C:\Users\AB\Downloads\Sign_Recognition_Model\data\processed\sequences\019_001_003.npy,18
C:\Users\AB\Downloads\Sign_Recognition_Model\data\processed\sequences\019_001_004.npy,18
C:\Users\AB\Downloads\Sign_Recognition_Model\data\processed\sequences\019_001_005.npy,18
C:\Users\AB\Downloads\Sign_Recognition_Model\data\processed\sequences\019_002_001.npy,18
C:\Users\AB\Downloads\Sign_Recognition_Model\data\processed\sequences\019_002_002.npy,18
C:\Users\AB\Downloads\Sign_Recognition_Model\data\processed\sequences\019_002_003.npy,18
C:\Users\AB\Downloads\Sign_Recognition_Model\data\processed\sequences\019_002_004.npy,18
C:\Users\AB\Downloads\Sign_Recognition_Model\data\processed\sequences\019_002_005.npy,18
C:\Users\AB\Downloads\Sign_Recognition_Model\data\processed\sequences\019_003_001.npy,18
C:\Users\AB\Downloads\Sign_Recognition_Model\data\processed\sequences\019_003_002.npy,18
C:\Users\AB\Downloads\Sign_Recognition_Model\data\processed\sequences\019_003_003.npy,18
C:\Users\AB\Downloads\Sign_Recognition_Model\data\processed\sequences\019_003_004.npy,18
C:\Users\AB\Downloads\Sign_Recognition_Model\data\processed\sequences\019_003_005.npy,18
C:\Users\AB\Downloads\Sign_Recognition_Model\data\processed\sequences\019_004_001.npy,18
C:\Users\AB\Downloads\Sign_Recognition_Model\data\processed\sequences\019_004_002.npy,18
C:\Users\AB\Downloads\Sign_Recognition_Model\data\processed\sequences\019_004_003.npy,18
C:\Users\AB\Downloads\Sign_Recognition_Model\data\processed\sequences\019_004_004.npy,18
C:\Users\AB\Downloads\Sign_Recognition_Model\data\processed\sequences\019_004_005.npy,18
C:\Users\AB\Downloads\Sign_Recognition_Model\data\processed\sequences\019_005_001.npy,18
C:\Users\AB\Downloads\Sign_Recognition_Model\data\processed\sequences\019_005_002.npy,18
C:\Users\AB\Downloads\Sign_Recognition_Model\data\processed\sequences\019_005_003.npy,18
C:\Users\AB\Downloads\Sign_Recognition_Model\data\processed\sequences\019_005_004.npy,18
C:\Users\AB\Downloads\Sign_Recognition_Model\data\processed\sequences\019_005_005.npy,18
C:\Users\AB\Downloads\Sign_Recognition_Model\data\processed\sequences\019_006_001.npy,18
C:\Users\AB\Downloads\Sign_Recognition_Model\data\processed\sequences\019_006_002.npy,18
C:\Users\AB\Downloads\Sign_Recognition_Model\data\processed\sequences\019_006_003.npy,18
C:\Users\AB\Downloads\Sign_Recognition_Model\data\processed\sequences\019_006_004.npy,18
C:\Users\AB\Downloads\Sign_Recognition_Model\data\processed\sequences\019_006_005.npy,18
C:\Users\AB\Downloads\Sign_Recognition_Model\data\processed\sequences\019_007_001.npy,18
C:\Users\AB\Downloads\Sign_Recognition_Model\data\processed\sequences\019_007_002.npy,18
C:\Users\AB\Downloads\Sign_Recognition_Model\data\processed\sequences\019_007_003.npy,18
C:\Users\AB\Downloads\Sign_Recognition_Model\data\processed\sequences\019_007_004.npy,18
C:\Users\AB\Downloads\Sign_Recognition_Model\data\processed\sequences\019_007_005.npy,18
C:\Users\AB\Downloads\Sign_Recognition_Model\data\processed\sequences\020_001_001.npy,19
C:\Users\AB\Downloads\Sign_Recognition_Model\data\processed\sequences\020_001_002.npy,19
C:\Users\AB\Downloads\Sign_Recognition_Model\data\processed\sequences\020_001_003.npy,19
C:\Users\AB\Downloads\Sign_Recognition_Model\data\processed\sequences\020_001_004.npy,19
C:\Users\AB\Downloads\Sign_Recognition_Model\data\processed\sequences\020_001_005.npy,19
C:\Users\AB\Downloads\Sign_Recognition_Model\data\processed\sequences\020_002_001.npy,19
C:\Users\AB\Downloads\Sign_Recognition_Model\data\processed\sequences\020_002_002.npy,19
C:\Users\AB\Downloads\Sign_Recognition_Model\data\processed\sequences\020_002_003.npy,19
C:\Users\AB\Downloads\Sign_Recognition_Model\data\processed\sequences\020_002_004.npy,19
C:\Users\AB\Downloads\Sign_Recognition_Model\data\processed\sequences\020_002_005.npy,19
C:\Users\AB\Downloads\Sign_Recognition_Model\data\processed\sequences\020_003_001.npy,19
C:\Users\AB\Downloads\Sign_Recognition_Model\data\processed\sequences\020_003_002.npy,19
C:\Users\AB\Downloads\Sign_Recognition_Model\data\processed\sequences\020_003_003.npy,19
C:\Users\AB\Downloads\Sign_Recognition_Model\data\processed\sequences\020_003_004.npy,19
C:\Users\AB\Downloads\Sign_Recognition_Model\data\processed\sequences\020_003_005.npy,19
C:\Users\AB\Downloads\Sign_Recognition_Model\data\processed\sequences\020_004_001.npy,19
C:\Users\AB\Downloads\Sign_Recognition_Model\data\processed\sequences\020_004_002.npy,19
C:\Users\AB\Downloads\Sign_Recognition_Model\data\processed\sequences\020_004_003.npy,19
C:\Users\AB\Downloads\Sign_Recognition_Model\data\processed\sequences\020_004_004.npy,19
C:\Users\AB\Downloads\Sign_Recognition_Model\data\processed\sequences\020_004_005.npy,19
C:\Users\AB\Downloads\Sign_Recognition_Model\data\processed\sequences\020_005_001.npy,19
C:\Users\AB\Downloads\Sign_Recognition_Model\data\processed\sequences\020_005_002.npy,19
C:\Users\AB\Downloads\Sign_Recognition_Model\data\processed\sequences\020_005_003.npy,19
C:\Users\AB\Downloads\Sign_Recognition_Model\data\processed\sequences\020_005_004.npy,19
C:\Users\AB\Downloads\Sign_Recognition_Model\data\processed\sequences\020_005_005.npy,19
C:\Users\AB\Downloads\Sign_Recognition_Model\data\processed\sequences\020_006_001.npy,19
C:\Users\AB\Downloads\Sign_Recognition_Model\data\processed\sequences\020_006_002.npy,19
C:\Users\AB\Downloads\Sign_Recognition_Model\data\processed\sequences\020_006_003.npy,19
C:\Users\AB\Downloads\Sign_Recognition_Model\data\processed\sequences\020_006_004.npy,19
C:\Users\AB\Downloads\Sign_Recognition_Model\data\processed\sequences\020_006_005.npy,19
C:\Users\AB\Downloads\Sign_Recognition_Model\data\processed\sequences\020_007_001.npy,19
C:\Users\AB\Downloads\Sign_Recognition_Model\data\processed\sequences\020_007_002.npy,19
C:\Users\AB\Downloads\Sign_Recognition_Model\data\processed\sequences\020_007_003.npy,19
C:\Users\AB\Downloads\Sign_Recognition_Model\data\processed\sequences\020_007_004.npy,19
C:\Users\AB\Downloads\Sign_Recognition_Model\data\processed\sequences\020_007_005.npy,19
C:\Users\AB\Downloads\Sign_Recognition_Model\data\processed\sequences\021_001_001.npy,20
C:\Users\AB\Downloads\Sign_Recognition_Model\data\processed\sequences\021_001_002.npy,20
C:\Users\AB\Downloads\Sign_Recognition_Model\data\processed\sequences\021_001_003.npy,20
C:\Users\AB\Downloads\Sign_Recognition_Model\data\processed\sequences\021_001_004.npy,20
C:\Users\AB\Downloads\Sign_Recognition_Model\data\processed\sequences\021_001_005.npy,20
C:\Users\AB\Downloads\Sign_Recognition_Model\data\processed\sequences\021_002_001.npy,20
C:\Users\AB\Downloads\Sign_Recognition_Model\data\processed\sequences\021_002_002.npy,20
C:\Users\AB\Downloads\Sign_Recognition_Model\data\processed\sequences\021_002_003.npy,20
C:\Users\AB\Downloads\Sign_Recognition_Model\data\processed\sequences\021_002_004.npy,20
C:\Users\AB\Downloads\Sign_Recognition_Model\data\processed\sequences\021_002_005.npy,20
C:\Users\AB\Downloads\Sign_Recognition_Model\data\processed\sequences\021_003_001.npy,20
C:\Users\AB\Downloads\Sign_Recognition_Model\data\processed\sequences\021_003_002.npy,20
C:\Users\AB\Downloads\Sign_Recognition_Model\data\processed\sequences\021_003_003.npy,20
C:\Users\AB\Downloads\Sign_Recognition_Model\data\processed\sequences\021_003_004.npy,20
C:\Users\AB\Downloads\Sign_Recognition_Model\data\processed\sequences\021_003_005.npy,20
C:\Users\AB\Downloads\Sign_Recognition_Model\data\processed\sequences\021_004_001.npy,20
C:\Users\AB\Downloads\Sign_Recognition_Model\data\processed\sequences\021_004_002.npy,20
C:\Users\AB\Downloads\Sign_Recognition_Model\data\processed\sequences\021_004_003.npy,20
C:\Users\AB\Downloads\Sign_Recognition_Model\data\processed\sequences\021_004_004.npy,20
C:\Users\AB\Downloads\Sign_Recognition_Model\data\processed\sequences\021_004_005.npy,20
C:\Users\AB\Downloads\Sign_Recognition_Model\data\processed\sequences\021_005_001.npy,20
C:\Users\AB\Downloads\Sign_Recognition_Model\data\processed\sequences\021_005_002.npy,20
C:\Users\AB\Downloads\Sign_Recognition_Model\data\processed\sequences\021_005_003.npy,20
C:\Users\AB\Downloads\Sign_Recognition_Model\data\processed\sequences\021_005_004.npy,20
C:\Users\AB\Downloads\Sign_Recognition_Model\data\processed\sequences\021_005_005.npy,20
C:\Users\AB\Downloads\Sign_Recognition_Model\data\processed\sequences\021_006_001.npy,20
C:\Users\AB\Downloads\Sign_Recognition_Model\data\processed\sequences\021_006_002.npy,20
C:\Users\AB\Downloads\Sign_Recognition_Model\data\processed\sequences\021_006_003.npy,20
C:\Users\AB\Downloads\Sign_Recognition_Model\data\processed\sequences\021_006_004.npy,20
C:\Users\AB\Downloads\Sign_Recognition_Model\data\processed\sequences\021_006_005.npy,20
C:\Users\AB\Downloads\Sign_Recognition_Model\data\processed\sequences\021_007_001.npy,20
C:\Users\AB\Downloads\Sign_Recognition_Model\data\processed\sequences\021_007_002.npy,20
C:\Users\AB\Downloads\Sign_Recognition_Model\data\processed\sequences\021_007_003.npy,20
C:\Users\AB\Downloads\Sign_Recognition_Model\data\processed\sequences\021_007_004.npy,20
C:\Users\AB\Downloads\Sign_Recognition_Model\data\processed\sequences\021_007_005.npy,20
C:\Users\AB\Downloads\Sign_Recognition_Model\data\processed\sequences\022_001_001.npy,21
C:\Users\AB\Downloads\Sign_Recognition_Model\data\processed\sequences\022_001_002.npy,21
C:\Users\AB\Downloads\Sign_Recognition_Model\data\processed\sequences\022_001_003.npy,21
C:\Users\AB\Downloads\Sign_Recognition_Model\data\processed\sequences\022_001_004.npy,21
C:\Users\AB\Downloads\Sign_Recognition_Model\data\processed\sequences\022_001_005.npy,21
C:\Users\AB\Downloads\Sign_Recognition_Model\data\processed\sequences\022_002_001.npy,21
C:\Users\AB\Downloads\Sign_Recognition_Model\data\processed\sequences\022_002_002.npy,21
C:\Users\AB\Downloads\Sign_Recognition_Model\data\processed\sequences\022_002_003.npy,21
C:\Users\AB\Downloads\Sign_Recognition_Model\data\processed\sequences\022_002_004.npy,21
C:\Users\AB\Downloads\Sign_Recognition_Model\data\processed\sequences\022_002_005.npy,21
C:\Users\AB\Downloads\Sign_Recognition_Model\data\processed\sequences\022_003_001.npy,21
C:\Users\AB\Downloads\Sign_Recognition_Model\data\processed\sequences\022_003_002.npy,21
C:\Users\AB\Downloads\Sign_Recognition_Model\data\processed\sequences\022_003_003.npy,21
C:\Users\AB\Downloads\Sign_Recognition_Model\data\processed\sequences\022_003_004.npy,21
C:\Users\AB\Downloads\Sign_Recognition_Model\data\processed\sequences\022_003_005.npy,21
C:\Users\AB\Downloads\Sign_Recognition_Model\data\processed\sequences\022_004_001.npy,21
C:\Users\AB\Downloads\Sign_Recognition_Model\data\processed\sequences\022_004_002.npy,21
C:\Users\AB\Downloads\Sign_Recognition_Model\data\processed\sequences\022_004_003.npy,21
C:\Users\AB\Downloads\Sign_Recognition_Model\data\processed\sequences\022_004_004.npy,21
C:\Users\AB\Downloads\Sign_Recognition_Model\data\processed\sequences\022_004_005.npy,21
C:\Users\AB\Downloads\Sign_Recognition_Model\data\processed\sequences\022_005_001.npy,21
C:\Users\AB\Downloads\Sign_Recognition_Model\data\processed\sequences\022_005_002.npy,21
C:\Users\AB\Downloads\Sign_Recognition_Model\data\processed\sequences\022_005_003.npy,21
C:\Users\AB\Downloads\Sign_Recognition_Model\data\processed\sequences\022_005_004.npy,21
C:\Users\AB\Downloads\Sign_Recognition_Model\data\processed\sequences\022_005_005.npy,21
C:\Users\AB\Downloads\Sign_Recognition_Model\data\processed\sequences\022_006_001.npy,21
C:\Users\AB\Downloads\Sign_Recognition_Model\data\processed\sequences\022_006_002.npy,21
C:\Users\AB\Downloads\Sign_Recognition_Model\data\processed\sequences\022_006_003.npy,21
C:\Users\AB\Downloads\Sign_Recognition_Model\data\processed\sequences\022_006_004.npy,21
C:\Users\AB\Downloads\Sign_Recognition_Model\data\processed\sequences\022_006_005.npy,21
C:\Users\AB\Downloads\Sign_Recognition_Model\data\processed\sequences\022_007_001.npy,21
C:\Users\AB\Downloads\Sign_Recognition_Model\data\processed\sequences\022_007_002.npy,21
C:\Users\AB\Downloads\Sign_Recognition_Model\data\processed\sequences\022_007_003.npy,21
C:\Users\AB\Downloads\Sign_Recognition_Model\data\processed\sequences\022_007_004.npy,21
C:\Users\AB\Downloads\Sign_Recognition_Model\data\processed\sequences\022_007_005.npy,21
C:\Users\AB\Downloads\Sign_Recognition_Model\data\processed\sequences\023_001_001.npy,22
C:\Users\AB\Downloads\Sign_Recognition_Model\data\processed\sequences\023_001_002.npy,22
C:\Users\AB\Downloads\Sign_Recognition_Model\data\processed\sequences\023_001_003.npy,22
C:\Users\AB\Downloads\Sign_Recognition_Model\data\processed\sequences\023_001_004.npy,22
C:\Users\AB\Downloads\Sign_Recognition_Model\data\processed\sequences\023_001_005.npy,22
C:\Users\AB\Downloads\Sign_Recognition_Model\data\processed\sequences\023_002_001.npy,22
C:\Users\AB\Downloads\Sign_Recognition_Model\data\processed\sequences\023_002_002.npy,22
C:\Users\AB\Downloads\Sign_Recognition_Model\data\processed\sequences\023_002_003.npy,22
C:\Users\AB\Downloads\Sign_Recognition_Model\data\processed\sequences\023_002_004.npy,22
C:\Users\AB\Downloads\Sign_Recognition_Model\data\processed\sequences\023_002_005.npy,22
C:\Users\AB\Downloads\Sign_Recognition_Model\data\processed\sequences\023_003_001.npy,22
C:\Users\AB\Downloads\Sign_Recognition_Model\data\processed\sequences\023_003_002.npy,22
C:\Users\AB\Downloads\Sign_Recognition_Model\data\processed\sequences\023_003_003.npy,22
C:\Users\AB\Downloads\Sign_Recognition_Model\data\processed\sequences\023_003_004.npy,22
C:\Users\AB\Downloads\Sign_Recognition_Model\data\processed\sequences\023_003_005.npy,22
C:\Users\AB\Downloads\Sign_Recognition_Model\data\processed\sequences\023_004_001.npy,22
C:\Users\AB\Downloads\Sign_Recognition_Model\data\processed\sequences\023_004_002.npy,22
C:\Users\AB\Downloads\Sign_Recognition_Model\data\processed\sequences\023_004_003.npy,22
C:\Users\AB\Downloads\Sign_Recognition_Model\data\processed\sequences\023_004_004.npy,22
C:\Users\AB\Downloads\Sign_Recognition_Model\data\processed\sequences\023_004_005.npy,22
C:\Users\AB\Downloads\Sign_Recognition_Model\data\processed\sequences\023_005_001.npy,22
C:\Users\AB\Downloads\Sign_Recognition_Model\data\processed\sequences\023_005_002.npy,22
C:\Users\AB\Downloads\Sign_Recognition_Model\data\processed\sequences\023_005_003.npy,22
C:\Users\AB\Downloads\Sign_Recognition_Model\data\processed\sequences\023_005_004.npy,22
C:\Users\AB\Downloads\Sign_Recognition_Model\data\processed\sequences\023_005_005.npy,22
C:\Users\AB\Downloads\Sign_Recognition_Model\data\processed\sequences\023_006_001.npy,22
C:\Users\AB\Downloads\Sign_Recognition_Model\data\processed\sequences\023_006_002.npy,22
C:\Users\AB\Downloads\Sign_Recognition_Model\data\processed\sequences\023_006_003.npy,22
C:\Users\AB\Downloads\Sign_Recognition_Model\data\processed\sequences\023_006_004.npy,22
C:\Users\AB\Downloads\Sign_Recognition_Model\data\processed\sequences\023_006_005.npy,22
C:\Users\AB\Downloads\Sign_Recognition_Model\data\processed\sequences\023_007_001.npy,22
C:\Users\AB\Downloads\Sign_Recognition_Model\data\processed\sequences\023_007_002.npy,22
C:\Users\AB\Downloads\Sign_Recognition_Model\data\processed\sequences\023_007_003.npy,22
C:\Users\AB\Downloads\Sign_Recognition_Model\data\processed\sequences\023_007_004.npy,22
C:\Users\AB\Downloads\Sign_Recognition_Model\data\processed\sequences\023_007_005.npy,22
C:\Users\AB\Downloads\Sign_Recognition_Model\data\processed\sequences\024_001_001.npy,23
C:\Users\AB\Downloads\Sign_Recognition_Model\data\processed\sequences\024_001_002.npy,23
C:\Users\AB\Downloads\Sign_Recognition_Model\data\processed\sequences\024_001_003.npy,23
C:\Users\AB\Downloads\Sign_Recognition_Model\data\processed\sequences\024_001_004.npy,23
C:\Users\AB\Downloads\Sign_Recognition_Model\data\processed\sequences\024_001_005.npy,23
C:\Users\AB\Downloads\Sign_Recognition_Model\data\processed\sequences\024_002_001.npy,23
C:\Users\AB\Downloads\Sign_Recognition_Model\data\processed\sequences\024_002_002.npy,23
C:\Users\AB\Downloads\Sign_Recognition_Model\data\processed\sequences\024_002_003.npy,23
C:\Users\AB\Downloads\Sign_Recognition_Model\data\processed\sequences\024_002_004.npy,23
C:\Users\AB\Downloads\Sign_Recognition_Model\data\processed\sequences\024_002_005.npy,23
C:\Users\AB\Downloads\Sign_Recognition_Model\data\processed\sequences\024_003_001.npy,23
C:\Users\AB\Downloads\Sign_Recognition_Model\data\processed\sequences\024_003_002.npy,23
C:\Users\AB\Downloads\Sign_Recognition_Model\data\processed\sequences\024_003_003.npy,23
C:\Users\AB\Downloads\Sign_Recognition_Model\data\processed\sequences\024_003_004.npy,23
C:\Users\AB\Downloads\Sign_Recognition_Model\data\processed\sequences\024_003_005.npy,23
C:\Users\AB\Downloads\Sign_Recognition_Model\data\processed\sequences\024_004_001.npy,23
C:\Users\AB\Downloads\Sign_Recognition_Model\data\processed\sequences\024_004_002.npy,23
C:\Users\AB\Downloads\Sign_Recognition_Model\data\processed\sequences\024_004_003.npy,23
C:\Users\AB\Downloads\Sign_Recognition_Model\data\processed\sequences\024_004_004.npy,23
C:\Users\AB\Downloads\Sign_Recognition_Model\data\processed\sequences\024_004_005.npy,23
C:\Users\AB\Downloads\Sign_Recognition_Model\data\processed\sequences\024_005_001.npy,23
C:\Users\AB\Downloads\Sign_Recognition_Model\data\processed\sequences\024_005_002.npy,23
C:\Users\AB\Downloads\Sign_Recognition_Model\data\processed\sequences\024_005_003.npy,23
C:\Users\AB\Downloads\Sign_Recognition_Model\data\processed\sequences\024_005_004.npy,23
C:\Users\AB\Downloads\Sign_Recognition_Model\data\processed\sequences\024_005_005.npy,23
C:\Users\AB\Downloads\Sign_Recognition_Model\data\processed\sequences\024_006_001.npy,23
C:\Users\AB\Downloads\Sign_Recognition_Model\data\processed\sequences\024_006_002.npy,23
C:\Users\AB\Downloads\Sign_Recognition_Model\data\processed\sequences\024_006_003.npy,23
C:\Users\AB\Downloads\Sign_Recognition_Model\data\processed\sequences\024_006_004.npy,23
C:\Users\AB\Downloads\Sign_Recognition_Model\data\processed\sequences\024_006_005.npy,23
C:\Users\AB\Downloads\Sign_Recognition_Model\data\processed\sequences\024_007_001.npy,23
C:\Users\AB\Downloads\Sign_Recognition_Model\data\processed\sequences\024_007_002.npy,23
C:\Users\AB\Downloads\Sign_Recognition_Model\data\processed\sequences\024_007_003.npy,23
C:\Users\AB\Downloads\Sign_Recognition_Model\data\processed\sequences\024_007_004.npy,23
C:\Users\AB\Downloads\Sign_Recognition_Model\data\processed\sequences\024_007_005.npy,23
C:\Users\AB\Downloads\Sign_Recognition_Model\data\processed\sequences\025_001_001.npy,24
C:\Users\AB\Downloads\Sign_Recognition_Model\data\processed\sequences\025_001_002.npy,24
C:\Users\AB\Downloads\Sign_Recognition_Model\data\processed\sequences\025_001_003.npy,24
C:\Users\AB\Downloads\Sign_Recognition_Model\data\processed\sequences\025_001_004.npy,24
C:\Users\AB\Downloads\Sign_Recognition_Model\data\processed\sequences\025_001_005.npy,24
C:\Users\AB\Downloads\Sign_Recognition_Model\data\processed\sequences\025_002_001.npy,24
C:\Users\AB\Downloads\Sign_Recognition_Model\data\processed\sequences\025_002_002.npy,24
C:\Users\AB\Downloads\Sign_Recognition_Model\data\processed\sequences\025_002_003.npy,24
C:\Users\AB\Downloads\Sign_Recognition_Model\data\processed\sequences\025_002_004.npy,24
C:\Users\AB\Downloads\Sign_Recognition_Model\data\processed\sequences\025_002_005.npy,24
C:\Users\AB\Downloads\Sign_Recognition_Model\data\processed\sequences\025_003_001.npy,24
C:\Users\AB\Downloads\Sign_Recognition_Model\data\processed\sequences\025_003_002.npy,24
C:\Users\AB\Downloads\Sign_Recognition_Model\data\processed\sequences\025_003_003.npy,24
C:\Users\AB\Downloads\Sign_Recognition_Model\data\processed\sequences\025_003_004.npy,24
C:\Users\AB\Downloads\Sign_Recognition_Model\data\processed\sequences\025_003_005.npy,24
C:\Users\AB\Downloads\Sign_Recognition_Model\data\processed\sequences\025_004_001.npy,24
C:\Users\AB\Downloads\Sign_Recognition_Model\data\processed\sequences\025_004_002.npy,24
C:\Users\AB\Downloads\Sign_Recognition_Model\data\processed\sequences\025_004_003.npy,24
C:\Users\AB\Downloads\Sign_Recognition_Model\data\processed\sequences\025_004_004.npy,24
C:\Users\AB\Downloads\Sign_Recognition_Model\data\processed\sequences\025_004_005.npy,24
C:\Users\AB\Downloads\Sign_Recognition_Model\data\processed\sequences\025_005_001.npy,24
C:\Users\AB\Downloads\Sign_Recognition_Model\data\processed\sequences\025_005_002.npy,24
C:\Users\AB\Downloads\Sign_Recognition_Model\data\processed\sequences\025_005_003.npy,24
C:\Users\AB\Downloads\Sign_Recognition_Model\data\processed\sequences\025_005_004.npy,24
C:\Users\AB\Downloads\Sign_Recognition_Model\data\processed\sequences\025_005_005.npy,24
C:\Users\AB\Downloads\Sign_Recognition_Model\data\processed\sequences\025_006_001.npy,24
C:\Users\AB\Downloads\Sign_Recognition_Model\data\processed\sequences\025_006_002.npy,24
C:\Users\AB\Downloads\Sign_Recognition_Model\data\processed\sequences\025_006_003.npy,24
C:\Users\AB\Downloads\Sign_Recognition_Model\data\processed\sequences\025_006_004.npy,24
C:\Users\AB\Downloads\Sign_Recognition_Model\data\processed\sequences\025_006_005.npy,24
C:\Users\AB\Downloads\Sign_Recognition_Model\data\processed\sequences\025_007_001.npy,24
C:\Users\AB\Downloads\Sign_Recognition_Model\data\processed\sequences\025_007_002.npy,24
C:\Users\AB\Downloads\Sign_Recognition_Model\data\processed\sequences\025_007_003.npy,24
C:\Users\AB\Downloads\Sign_Recognition_Model\data\processed\sequences\025_007_004.npy,24
C:\Users\AB\Downloads\Sign_Recognition_Model\data\processed\sequences\025_007_005.npy,24
C:\Users\AB\Downloads\Sign_Recognition_Model\data\processed\sequences\026_001_001.npy,25
C:\Users\AB\Downloads\Sign_Recognition_Model\data\processed\sequences\026_001_002.npy,25
C:\Users\AB\Downloads\Sign_Recognition_Model\data\processed\sequences\026_001_003.npy,25
C:\Users\AB\Downloads\Sign_Recognition_Model\data\processed\sequences\026_001_004.npy,25
C:\Users\AB\Downloads\Sign_Recognition_Model\data\processed\sequences\026_001_005.npy,25
C:\Users\AB\Downloads\Sign_Recognition_Model\data\processed\sequences\026_002_001.npy,25
C:\Users\AB\Downloads\Sign_Recognition_Model\data\processed\sequences\026_002_002.npy,25
C:\Users\AB\Downloads\Sign_Recognition_Model\data\processed\sequences\026_002_003.npy,25
C:\Users\AB\Downloads\Sign_Recognition_Model\data\processed\sequences\026_002_004.npy,25
C:\Users\AB\Downloads\Sign_Recognition_Model\data\processed\sequences\026_002_005.npy,25
C:\Users\AB\Downloads\Sign_Recognition_Model\data\processed\sequences\026_003_001.npy,25
C:\Users\AB\Downloads\Sign_Recognition_Model\data\processed\sequences\026_003_002.npy,25
C:\Users\AB\Downloads\Sign_Recognition_Model\data\processed\sequences\026_003_003.npy,25
C:\Users\AB\Downloads\Sign_Recognition_Model\data\processed\sequences\026_003_004.npy,25
C:\Users\AB\Downloads\Sign_Recognition_Model\data\processed\sequences\026_003_005.npy,25
C:\Users\AB\Downloads\Sign_Recognition_Model\data\processed\sequences\026_004_001.npy,25
C:\Users\AB\Downloads\Sign_Recognition_Model\data\processed\sequences\026_004_002.npy,25
C:\Users\AB\Downloads\Sign_Recognition_Model\data\processed\sequences\026_004_003.npy,25
C:\Users\AB\Downloads\Sign_Recognition_Model\data\processed\sequences\026_004_004.npy,25
C:\Users\AB\Downloads\Sign_Recognition_Model\data\processed\sequences\026_004_005.npy,25
C:\Users\AB\Downloads\Sign_Recognition_Model\data\processed\sequences\026_005_001.npy,25
C:\Users\AB\Downloads\Sign_Recognition_Model\data\processed\sequences\026_005_002.npy,25
C:\Users\AB\Downloads\Sign_Recognition_Model\data\processed\sequences\026_005_003.npy,25
C:\Users\AB\Downloads\Sign_Recognition_Model\data\processed\sequences\026_005_004.npy,25
C:\Users\AB\Downloads\Sign_Recognition_Model\data\processed\sequences\026_005_005.npy,25
C:\Users\AB\Downloads\Sign_Recognition_Model\data\processed\sequences\026_006_001.npy,25
C:\Users\AB\Downloads\Sign_Recognition_Model\data\processed\sequences\026_006_002.npy,25
C:\Users\AB\Downloads\Sign_Recognition_Model\data\processed\sequences\026_006_003.npy,25
C:\Users\AB\Downloads\Sign_Recognition_Model\data\processed\sequences\026_006_004.npy,25
C:\Users\AB\Downloads\Sign_Recognition_Model\data\processed\sequences\026_006_005.npy,25
C:\Users\AB\Downloads\Sign_Recognition_Model\data\processed\sequences\026_007_001.npy,25
C:\Users\AB\Downloads\Sign_Recognition_Model\data\processed\sequences\026_007_002.npy,25
C:\Users\AB\Downloads\Sign_Recognition_Model\data\processed\sequences\026_007_003.npy,25
C:\Users\AB\Downloads\Sign_Recognition_Model\data\processed\sequences\026_007_004.npy,25
C:\Users\AB\Downloads\Sign_Recognition_Model\data\processed\sequences\026_007_005.npy,25
C:\Users\AB\Downloads\Sign_Recognition_Model\data\processed\sequences\027_001_001.npy,26
C:\Users\AB\Downloads\Sign_Recognition_Model\data\processed\sequences\027_001_002.npy,26
C:\Users\AB\Downloads\Sign_Recognition_Model\data\processed\sequences\027_001_003.npy,26
C:\Users\AB\Downloads\Sign_Recognition_Model\data\processed\sequences\027_001_004.npy,26
C:\Users\AB\Downloads\Sign_Recognition_Model\data\processed\sequences\027_001_005.npy,26
C:\Users\AB\Downloads\Sign_Recognition_Model\data\processed\sequences\027_002_001.npy,26
C:\Users\AB\Downloads\Sign_Recognition_Model\data\processed\sequences\027_002_002.npy,26
C:\Users\AB\Downloads\Sign_Recognition_Model\data\processed\sequences\027_002_003.npy,26
C:\Users\AB\Downloads\Sign_Recognition_Model\data\processed\sequences\027_002_004.npy,26
C:\Users\AB\Downloads\Sign_Recognition_Model\data\processed\sequences\027_002_005.npy,26
C:\Users\AB\Downloads\Sign_Recognition_Model\data\processed\sequences\027_003_001.npy,26
C:\Users\AB\Downloads\Sign_Recognition_Model\data\processed\sequences\027_003_002.npy,26
C:\Users\AB\Downloads\Sign_Recognition_Model\data\processed\sequences\027_003_003.npy,26
C:\Users\AB\Downloads\Sign_Recognition_Model\data\processed\sequences\027_003_004.npy,26
C:\Users\AB\Downloads\Sign_Recognition_Model\data\processed\sequences\027_003_005.npy,26
C:\Users\AB\Downloads\Sign_Recognition_Model\data\processed\sequences\027_004_001.npy,26
C:\Users\AB\Downloads\Sign_Recognition_Model\data\processed\sequences\027_004_002.npy,26
C:\Users\AB\Downloads\Sign_Recognition_Model\data\processed\sequences\027_004_003.npy,26
C:\Users\AB\Downloads\Sign_Recognition_Model\data\processed\sequences\027_004_004.npy,26
C:\Users\AB\Downloads\Sign_Recognition_Model\data\processed\sequences\027_004_005.npy,26
C:\Users\AB\Downloads\Sign_Recognition_Model\data\processed\sequences\027_005_001.npy,26
C:\Users\AB\Downloads\Sign_Recognition_Model\data\processed\sequences\027_005_002.npy,26
C:\Users\AB\Downloads\Sign_Recognition_Model\data\processed\sequences\027_005_003.npy,26
C:\Users\AB\Downloads\Sign_Recognition_Model\data\processed\sequences\027_005_004.npy,26
C:\Users\AB\Downloads\Sign_Recognition_Model\data\processed\sequences\027_005_005.npy,26
C:\Users\AB\Downloads\Sign_Recognition_Model\data\processed\sequences\027_006_001.npy,26
C:\Users\AB\Downloads\Sign_Recognition_Model\data\processed\sequences\027_006_002.npy,26
C:\Users\AB\Downloads\Sign_Recognition_Model\data\processed\sequences\027_006_003.npy,26
C:\Users\AB\Downloads\Sign_Recognition_Model\data\processed\sequences\027_006_004.npy,26
C:\Users\AB\Downloads\Sign_Recognition_Model\data\processed\sequences\027_006_005.npy,26
C:\Users\AB\Downloads\Sign_Recognition_Model\data\processed\sequences\027_007_001.npy,26
C:\Users\AB\Downloads\Sign_Recognition_Model\data\processed\sequences\027_007_002.npy,26
C:\Users\AB\Downloads\Sign_Recognition_Model\data\processed\sequences\027_007_003.npy,26
C:\Users\AB\Downloads\Sign_Recognition_Model\data\processed\sequences\027_007_004.npy,26
C:\Users\AB\Downloads\Sign_Recognition_Model\data\processed\sequences\027_007_005.npy,26
C:\Users\AB\Downloads\Sign_Recognition_Model\data\processed\sequences\028_001_001.npy,27
C:\Users\AB\Downloads\Sign_Recognition_Model\data\processed\sequences\028_001_002.npy,27
C:\Users\AB\Downloads\Sign_Recognition_Model\data\processed\sequences\028_001_003.npy,27
C:\Users\AB\Downloads\Sign_Recognition_Model\data\processed\sequences\028_001_004.npy,27
C:\Users\AB\Downloads\Sign_Recognition_Model\data\processed\sequences\028_001_005.npy,27
C:\Users\AB\Downloads\Sign_Recognition_Model\data\processed\sequences\028_002_001.npy,27
C:\Users\AB\Downloads\Sign_Recognition_Model\data\processed\sequences\028_002_002.npy,27
C:\Users\AB\Downloads\Sign_Recognition_Model\data\processed\sequences\028_002_003.npy,27
C:\Users\AB\Downloads\Sign_Recognition_Model\data\processed\sequences\028_002_004.npy,27
C:\Users\AB\Downloads\Sign_Recognition_Model\data\processed\sequences\028_002_005.npy,27
C:\Users\AB\Downloads\Sign_Recognition_Model\data\processed\sequences\028_003_001.npy,27
C:\Users\AB\Downloads\Sign_Recognition_Model\data\processed\sequences\028_003_002.npy,27
C:\Users\AB\Downloads\Sign_Recognition_Model\data\processed\sequences\028_003_003.npy,27
C:\Users\AB\Downloads\Sign_Recognition_Model\data\processed\sequences\028_003_004.npy,27
C:\Users\AB\Downloads\Sign_Recognition_Model\data\processed\sequences\028_003_005.npy,27
C:\Users\AB\Downloads\Sign_Recognition_Model\data\processed\sequences\028_004_001.npy,27
C:\Users\AB\Downloads\Sign_Recognition_Model\data\processed\sequences\028_004_002.npy,27
C:\Users\AB\Downloads\Sign_Recognition_Model\data\processed\sequences\028_004_003.npy,27
C:\Users\AB\Downloads\Sign_Recognition_Model\data\processed\sequences\028_004_004.npy,27
C:\Users\AB\Downloads\Sign_Recognition_Model\data\processed\sequences\028_004_005.npy,27
C:\Users\AB\Downloads\Sign_Recognition_Model\data\processed\sequences\028_005_001.npy,27
C:\Users\AB\Downloads\Sign_Recognition_Model\data\processed\sequences\028_005_002.npy,27
C:\Users\AB\Downloads\Sign_Recognition_Model\data\processed\sequences\028_005_003.npy,27
C:\Users\AB\Downloads\Sign_Recognition_Model\data\processed\sequences\028_005_004.npy,27
C:\Users\AB\Downloads\Sign_Recognition_Model\data\processed\sequences\028_005_005.npy,27
C:\Users\AB\Downloads\Sign_Recognition_Model\data\processed\sequences\028_006_001.npy,27
C:\Users\AB\Downloads\Sign_Recognition_Model\data\processed\sequences\028_006_002.npy,27
C:\Users\AB\Downloads\Sign_Recognition_Model\data\processed\sequences\028_006_003.npy,27
C:\Users\AB\Downloads\Sign_Recognition_Model\data\processed\sequences\028_006_004.npy,27
C:\Users\AB\Downloads\Sign_Recognition_Model\data\processed\sequences\028_006_005.npy,27
C:\Users\AB\Downloads\Sign_Recognition_Model\data\processed\sequences\028_007_001.npy,27
C:\Users\AB\Downloads\Sign_Recognition_Model\data\processed\sequences\028_007_002.npy,27
C:\Users\AB\Downloads\Sign_Recognition_Model\data\processed\sequences\028_007_003.npy,27
C:\Users\AB\Downloads\Sign_Recognition_Model\data\processed\sequences\028_007_004.npy,27
C:\Users\AB\Downloads\Sign_Recognition_Model\data\processed\sequences\028_007_005.npy,27
C:\Users\AB\Downloads\Sign_Recognition_Model\data\processed\sequences\029_001_001.npy,28
C:\Users\AB\Downloads\Sign_Recognition_Model\data\processed\sequences\029_001_002.npy,28
C:\Users\AB\Downloads\Sign_Recognition_Model\data\processed\sequences\029_001_003.npy,28
C:\Users\AB\Downloads\Sign_Recognition_Model\data\processed\sequences\029_001_004.npy,28
C:\Users\AB\Downloads\Sign_Recognition_Model\data\processed\sequences\029_001_005.npy,28
C:\Users\AB\Downloads\Sign_Recognition_Model\data\processed\sequences\029_002_001.npy,28
C:\Users\AB\Downloads\Sign_Recognition_Model\data\processed\sequences\029_002_002.npy,28
C:\Users\AB\Downloads\Sign_Recognition_Model\data\processed\sequences\029_002_003.npy,28
C:\Users\AB\Downloads\Sign_Recognition_Model\data\processed\sequences\029_002_004.npy,28
C:\Users\AB\Downloads\Sign_Recognition_Model\data\processed\sequences\029_002_005.npy,28
C:\Users\AB\Downloads\Sign_Recognition_Model\data\processed\sequences\029_003_001.npy,28
C:\Users\AB\Downloads\Sign_Recognition_Model\data\processed\sequences\029_003_002.npy,28
C:\Users\AB\Downloads\Sign_Recognition_Model\data\processed\sequences\029_003_003.npy,28
C:\Users\AB\Downloads\Sign_Recognition_Model\data\processed\sequences\029_003_004.npy,28
C:\Users\AB\Downloads\Sign_Recognition_Model\data\processed\sequences\029_003_005.npy,28
C:\Users\AB\Downloads\Sign_Recognition_Model\data\processed\sequences\029_004_001.npy,28
C:\Users\AB\Downloads\Sign_Recognition_Model\data\processed\sequences\029_004_002.npy,28
C:\Users\AB\Downloads\Sign_Recognition_Model\data\processed\sequences\029_004_003.npy,28
C:\Users\AB\Downloads\Sign_Recognition_Model\data\processed\sequences\029_004_004.npy,28
C:\Users\AB\Downloads\Sign_Recognition_Model\data\processed\sequences\029_004_005.npy,28
C:\Users\AB\Downloads\Sign_Recognition_Model\data\processed\sequences\029_005_001.npy,28
C:\Users\AB\Downloads\Sign_Recognition_Model\data\processed\sequences\029_005_002.npy,28
C:\Users\AB\Downloads\Sign_Recognition_Model\data\processed\sequences\029_005_003.npy,28
C:\Users\AB\Downloads\Sign_Recognition_Model\data\processed\sequences\029_005_004.npy,28
C:\Users\AB\Downloads\Sign_Recognition_Model\data\processed\sequences\029_005_005.npy,28
C:\Users\AB\Downloads\Sign_Recognition_Model\data\processed\sequences\029_006_001.npy,28
C:\Users\AB\Downloads\Sign_Recognition_Model\data\processed\sequences\029_006_002.npy,28
C:\Users\AB\Downloads\Sign_Recognition_Model\data\processed\sequences\029_006_003.npy,28
C:\Users\AB\Downloads\Sign_Recognition_Model\data\processed\sequences\029_006_004.npy,28
C:\Users\AB\Downloads\Sign_Recognition_Model\data\processed\sequences\029_006_005.npy,28
C:\Users\AB\Downloads\Sign_Recognition_Model\data\processed\sequences\029_007_001.npy,28
C:\Users\AB\Downloads\Sign_Recognition_Model\data\processed\sequences\029_007_002.npy,28
C:\Users\AB\Downloads\Sign_Recognition_Model\data\processed\sequences\029_007_003.npy,28
C:\Users\AB\Downloads\Sign_Recognition_Model\data\processed\sequences\029_007_004.npy,28
C:\Users\AB\Downloads\Sign_Recognition_Model\data\processed\sequences\029_007_005.npy,28
C:\Users\AB\Downloads\Sign_Recognition_Model\data\processed\sequences\030_001_001.npy,29
C:\Users\AB\Downloads\Sign_Recognition_Model\data\processed\sequences\030_001_002.npy,29
C:\Users\AB\Downloads\Sign_Recognition_Model\data\processed\sequences\030_001_003.npy,29
C:\Users\AB\Downloads\Sign_Recognition_Model\data\processed\sequences\030_001_004.npy,29
C:\Users\AB\Downloads\Sign_Recognition_Model\data\processed\sequences\030_001_005.npy,29
C:\Users\AB\Downloads\Sign_Recognition_Model\data\processed\sequences\030_002_001.npy,29
C:\Users\AB\Downloads\Sign_Recognition_Model\data\processed\sequences\030_002_002.npy,29
C:\Users\AB\Downloads\Sign_Recognition_Model\data\processed\sequences\030_002_003.npy,29
C:\Users\AB\Downloads\Sign_Recognition_Model\data\processed\sequences\030_002_004.npy,29
C:\Users\AB\Downloads\Sign_Recognition_Model\data\processed\sequences\030_002_005.npy,29
C:\Users\AB\Downloads\Sign_Recognition_Model\data\processed\sequences\030_003_001.npy,29
C:\Users\AB\Downloads\Sign_Recognition_Model\data\processed\sequences\030_003_002.npy,29
C:\Users\AB\Downloads\Sign_Recognition_Model\data\processed\sequences\030_003_003.npy,29
C:\Users\AB\Downloads\Sign_Recognition_Model\data\processed\sequences\030_003_004.npy,29
C:\Users\AB\Downloads\Sign_Recognition_Model\data\processed\sequences\030_003_005.npy,29
C:\Users\AB\Downloads\Sign_Recognition_Model\data\processed\sequences\030_004_001.npy,29
C:\Users\AB\Downloads\Sign_Recognition_Model\data\processed\sequences\030_004_002.npy,29
C:\Users\AB\Downloads\Sign_Recognition_Model\data\processed\sequences\030_004_003.npy,29
C:\Users\AB\Downloads\Sign_Recognition_Model\data\processed\sequences\030_004_004.npy,29
C:\Users\AB\Downloads\Sign_Recognition_Model\data\processed\sequences\030_004_005.npy,29
C:\Users\AB\Downloads\Sign_Recognition_Model\data\processed\sequences\030_005_001.npy,29
C:\Users\AB\Downloads\Sign_Recognition_Model\data\processed\sequences\030_005_002.npy,29
C:\Users\AB\Downloads\Sign_Recognition_Model\data\processed\sequences\030_005_003.npy,29
C:\Users\AB\Downloads\Sign_Recognition_Model\data\processed\sequences\030_005_004.npy,29
C:\Users\AB\Downloads\Sign_Recognition_Model\data\processed\sequences\030_005_005.npy,29
C:\Users\AB\Downloads\Sign_Recognition_Model\data\processed\sequences\030_006_001.npy,29
C:\Users\AB\Downloads\Sign_Recognition_Model\data\processed\sequences\030_006_002.npy,29
C:\Users\AB\Downloads\Sign_Recognition_Model\data\processed\sequences\030_006_003.npy,29
C:\Users\AB\Downloads\Sign_Recognition_Model\data\processed\sequences\030_006_004.npy,29
C:\Users\AB\Downloads\Sign_Recognition_Model\data\processed\sequences\030_006_005.npy,29
C:\Users\AB\Downloads\Sign_Recognition_Model\data\processed\sequences\030_007_001.npy,29
C:\Users\AB\Downloads\Sign_Recognition_Model\data\processed\sequences\030_007_002.npy,29
C:\Users\AB\Downloads\Sign_Recognition_Model\data\processed\sequences\030_007_003.npy,29
C:\Users\AB\Downloads\Sign_Recognition_Model\data\processed\sequences\030_007_004.npy,29
C:\Users\AB\Downloads\Sign_Recognition_Model\data\processed\sequences\030_007_005.npy,29
C:\Users\AB\Downloads\Sign_Recognition_Model\data\processed\sequences\031_001_001.npy,30
C:\Users\AB\Downloads\Sign_Recognition_Model\data\processed\sequences\031_001_002.npy,30
C:\Users\AB\Downloads\Sign_Recognition_Model\data\processed\sequences\031_001_003.npy,30
C:\Users\AB\Downloads\Sign_Recognition_Model\data\processed\sequences\031_001_004.npy,30
C:\Users\AB\Downloads\Sign_Recognition_Model\data\processed\sequences\031_001_005.npy,30
C:\Users\AB\Downloads\Sign_Recognition_Model\data\processed\sequences\031_002_001.npy,30
C:\Users\AB\Downloads\Sign_Recognition_Model\data\processed\sequences\031_002_002.npy,30
C:\Users\AB\Downloads\Sign_Recognition_Model\data\processed\sequences\031_002_003.npy,30
C:\Users\AB\Downloads\Sign_Recognition_Model\data\processed\sequences\031_002_004.npy,30
C:\Users\AB\Downloads\Sign_Recognition_Model\data\processed\sequences\031_002_005.npy,30
C:\Users\AB\Downloads\Sign_Recognition_Model\data\processed\sequences\031_003_001.npy,30
C:\Users\AB\Downloads\Sign_Recognition_Model\data\processed\sequences\031_003_002.npy,30
C:\Users\AB\Downloads\Sign_Recognition_Model\data\processed\sequences\031_003_003.npy,30
C:\Users\AB\Downloads\Sign_Recognition_Model\data\processed\sequences\031_003_004.npy,30
C:\Users\AB\Downloads\Sign_Recognition_Model\data\processed\sequences\031_003_005.npy,30
C:\Users\AB\Downloads\Sign_Recognition_Model\data\processed\sequences\031_004_001.npy,30
C:\Users\AB\Downloads\Sign_Recognition_Model\data\processed\sequences\031_004_002.npy,30
C:\Users\AB\Downloads\Sign_Recognition_Model\data\processed\sequences\031_004_003.npy,30
C:\Users\AB\Downloads\Sign_Recognition_Model\data\processed\sequences\031_004_004.npy,30
C:\Users\AB\Downloads\Sign_Recognition_Model\data\processed\sequences\031_004_005.npy,30
C:\Users\AB\Downloads\Sign_Recognition_Model\data\processed\sequences\031_005_001.npy,30
C:\Users\AB\Downloads\Sign_Recognition_Model\data\processed\sequences\031_005_002.npy,30
C:\Users\AB\Downloads\Sign_Recognition_Model\data\processed\sequences\031_005_003.npy,30
C:\Users\AB\Downloads\Sign_Recognition_Model\data\processed\sequences\031_005_004.npy,30
C:\Users\AB\Downloads\Sign_Recognition_Model\data\processed\sequences\031_005_005.npy,30
C:\Users\AB\Downloads\Sign_Recognition_Model\data\processed\sequences\031_006_001.npy,30
C:\Users\AB\Downloads\Sign_Recognition_Model\data\processed\sequences\031_006_002.npy,30
C:\Users\AB\Downloads\Sign_Recognition_Model\data\processed\sequences\031_006_003.npy,30
C:\Users\AB\Downloads\Sign_Recognition_Model\data\processed\sequences\031_006_004.npy,30
C:\Users\AB\Downloads\Sign_Recognition_Model\data\processed\sequences\031_006_005.npy,30
C:\Users\AB\Downloads\Sign_Recognition_Model\data\processed\sequences\031_007_001.npy,30
C:\Users\AB\Downloads\Sign_Recognition_Model\data\processed\sequences\031_007_002.npy,30
C:\Users\AB\Downloads\Sign_Recognition_Model\data\processed\sequences\031_007_003.npy,30
C:\Users\AB\Downloads\Sign_Recognition_Model\data\processed\sequences\031_007_004.npy,30
C:\Users\AB\Downloads\Sign_Recognition_Model\data\processed\sequences\031_007_005.npy,30
C:\Users\AB\Downloads\Sign_Recognition_Model\data\processed\sequences\032_001_001.npy,31
C:\Users\AB\Downloads\Sign_Recognition_Model\data\processed\sequences\032_001_002.npy,31
C:\Users\AB\Downloads\Sign_Recognition_Model\data\processed\sequences\032_001_003.npy,31
C:\Users\AB\Downloads\Sign_Recognition_Model\data\processed\sequences\032_001_004.npy,31
C:\Users\AB\Downloads\Sign_Recognition_Model\data\processed\sequences\032_001_005.npy,31
C:\Users\AB\Downloads\Sign_Recognition_Model\data\processed\sequences\032_002_001.npy,31
C:\Users\AB\Downloads\Sign_Recognition_Model\data\processed\sequences\032_002_002.npy,31
C:\Users\AB\Downloads\Sign_Recognition_Model\data\processed\sequences\032_002_003.npy,31
C:\Users\AB\Downloads\Sign_Recognition_Model\data\processed\sequences\032_002_004.npy,31
C:\Users\AB\Downloads\Sign_Recognition_Model\data\processed\sequences\032_002_005.npy,31
C:\Users\AB\Downloads\Sign_Recognition_Model\data\processed\sequences\032_003_001.npy,31
C:\Users\AB\Downloads\Sign_Recognition_Model\data\processed\sequences\032_003_002.npy,31
C:\Users\AB\Downloads\Sign_Recognition_Model\data\processed\sequences\032_003_003.npy,31
C:\Users\AB\Downloads\Sign_Recognition_Model\data\processed\sequences\032_003_004.npy,31
C:\Users\AB\Downloads\Sign_Recognition_Model\data\processed\sequences\032_003_005.npy,31
C:\Users\AB\Downloads\Sign_Recognition_Model\data\processed\sequences\032_004_001.npy,31
C:\Users\AB\Downloads\Sign_Recognition_Model\data\processed\sequences\032_004_002.npy,31
C:\Users\AB\Downloads\Sign_Recognition_Model\data\processed\sequences\032_004_003.npy,31
C:\Users\AB\Downloads\Sign_Recognition_Model\data\processed\sequences\032_004_004.npy,31
C:\Users\AB\Downloads\Sign_Recognition_Model\data\processed\sequences\032_004_005.npy,31
C:\Users\AB\Downloads\Sign_Recognition_Model\data\processed\sequences\032_005_001.npy,31
C:\Users\AB\Downloads\Sign_Recognition_Model\data\processed\sequences\032_005_002.npy,31
C:\Users\AB\Downloads\Sign_Recognition_Model\data\processed\sequences\032_005_003.npy,31
C:\Users\AB\Downloads\Sign_Recognition_Model\data\processed\sequences\032_005_004.npy,31
C:\Users\AB\Downloads\Sign_Recognition_Model\data\processed\sequences\032_005_005.npy,31
C:\Users\AB\Downloads\Sign_Recognition_Model\data\processed\sequences\032_006_001.npy,31
C:\Users\AB\Downloads\Sign_Recognition_Model\data\processed\sequences\032_006_002.npy,31
C:\Users\AB\Downloads\Sign_Recognition_Model\data\processed\sequences\032_006_003.npy,31
C:\Users\AB\Downloads\Sign_Recognition_Model\data\processed\sequences\032_006_004.npy,31
C:\Users\AB\Downloads\Sign_Recognition_Model\data\processed\sequences\032_006_005.npy,31
C:\Users\AB\Downloads\Sign_Recognition_Model\data\processed\sequences\032_007_001.npy,31
C:\Users\AB\Downloads\Sign_Recognition_Model\data\processed\sequences\032_007_002.npy,31
C:\Users\AB\Downloads\Sign_Recognition_Model\data\processed\sequences\032_007_003.npy,31
C:\Users\AB\Downloads\Sign_Recognition_Model\data\processed\sequences\032_007_004.npy,31
C:\Users\AB\Downloads\Sign_Recognition_Model\data\processed\sequences\032_007_005.npy,31
C:\Users\AB\Downloads\Sign_Recognition_Model\data\processed\sequences\033_001_001.npy,32
C:\Users\AB\Downloads\Sign_Recognition_Model\data\processed\sequences\033_001_002.npy,32
C:\Users\AB\Downloads\Sign_Recognition_Model\data\processed\sequences\033_001_003.npy,32
C:\Users\AB\Downloads\Sign_Recognition_Model\data\processed\sequences\033_001_004.npy,32
C:\Users\AB\Downloads\Sign_Recognition_Model\data\processed\sequences\033_001_005.npy,32
C:\Users\AB\Downloads\Sign_Recognition_Model\data\processed\sequences\033_002_001.npy,32
C:\Users\AB\Downloads\Sign_Recognition_Model\data\processed\sequences\033_002_002.npy,32
C:\Users\AB\Downloads\Sign_Recognition_Model\data\processed\sequences\033_002_003.npy,32
C:\Users\AB\Downloads\Sign_Recognition_Model\data\processed\sequences\033_002_004.npy,32
C:\Users\AB\Downloads\Sign_Recognition_Model\data\processed\sequences\033_002_005.npy,32
C:\Users\AB\Downloads\Sign_Recognition_Model\data\processed\sequences\033_003_001.npy,32
C:\Users\AB\Downloads\Sign_Recognition_Model\data\processed\sequences\033_003_002.npy,32
C:\Users\AB\Downloads\Sign_Recognition_Model\data\processed\sequences\033_003_003.npy,32
C:\Users\AB\Downloads\Sign_Recognition_Model\data\processed\sequences\033_003_004.npy,32
C:\Users\AB\Downloads\Sign_Recognition_Model\data\processed\sequences\033_003_005.npy,32
C:\Users\AB\Downloads\Sign_Recognition_Model\data\processed\sequences\033_004_001.npy,32
C:\Users\AB\Downloads\Sign_Recognition_Model\data\processed\sequences\033_004_002.npy,32
C:\Users\AB\Downloads\Sign_Recognition_Model\data\processed\sequences\033_004_003.npy,32
C:\Users\AB\Downloads\Sign_Recognition_Model\data\processed\sequences\033_004_004.npy,32
C:\Users\AB\Downloads\Sign_Recognition_Model\data\processed\sequences\033_004_005.npy,32
C:\Users\AB\Downloads\Sign_Recognition_Model\data\processed\sequences\033_005_001.npy,32
C:\Users\AB\Downloads\Sign_Recognition_Model\data\processed\sequences\033_005_002.npy,32
C:\Users\AB\Downloads\Sign_Recognition_Model\data\processed\sequences\033_005_003.npy,32
C:\Users\AB\Downloads\Sign_Recognition_Model\data\processed\sequences\033_005_004.npy,32
C:\Users\AB\Downloads\Sign_Recognition_Model\data\processed\sequences\033_005_005.npy,32
C:\Users\AB\Downloads\Sign_Recognition_Model\data\processed\sequences\033_006_001.npy,32
C:\Users\AB\Downloads\Sign_Recognition_Model\data\processed\sequences\033_006_002.npy,32
C:\Users\AB\Downloads\Sign_Recognition_Model\data\processed\sequences\033_006_003.npy,32
C:\Users\AB\Downloads\Sign_Recognition_Model\data\processed\sequences\033_006_004.npy,32
C:\Users\AB\Downloads\Sign_Recognition_Model\data\processed\sequences\033_006_005.npy,32
C:\Users\AB\Downloads\Sign_Recognition_Model\data\processed\sequences\033_007_001.npy,32
C:\Users\AB\Downloads\Sign_Recognition_Model\data\processed\sequences\033_007_002.npy,32
C:\Users\AB\Downloads\Sign_Recognition_Model\data\processed\sequences\033_007_003.npy,32
C:\Users\AB\Downloads\Sign_Recognition_Model\data\processed\sequences\033_007_004.npy,32
C:\Users\AB\Downloads\Sign_Recognition_Model\data\processed\sequences\033_007_005.npy,32
C:\Users\AB\Downloads\Sign_Recognition_Model\data\processed\sequences\034_001_001.npy,33
C:\Users\AB\Downloads\Sign_Recognition_Model\data\processed\sequences\034_001_002.npy,33
C:\Users\AB\Downloads\Sign_Recognition_Model\data\processed\sequences\034_001_003.npy,33
C:\Users\AB\Downloads\Sign_Recognition_Model\data\processed\sequences\034_001_004.npy,33
C:\Users\AB\Downloads\Sign_Recognition_Model\data\processed\sequences\034_001_005.npy,33
C:\Users\AB\Downloads\Sign_Recognition_Model\data\processed\sequences\034_002_001.npy,33
C:\Users\AB\Downloads\Sign_Recognition_Model\data\processed\sequences\034_002_002.npy,33
C:\Users\AB\Downloads\Sign_Recognition_Model\data\processed\sequences\034_002_003.npy,33
C:\Users\AB\Downloads\Sign_Recognition_Model\data\processed\sequences\034_002_004.npy,33
C:\Users\AB\Downloads\Sign_Recognition_Model\data\processed\sequences\034_002_005.npy,33
C:\Users\AB\Downloads\Sign_Recognition_Model\data\processed\sequences\034_003_001.npy,33
C:\Users\AB\Downloads\Sign_Recognition_Model\data\processed\sequences\034_003_002.npy,33
C:\Users\AB\Downloads\Sign_Recognition_Model\data\processed\sequences\034_003_003.npy,33
C:\Users\AB\Downloads\Sign_Recognition_Model\data\processed\sequences\034_003_004.npy,33
C:\Users\AB\Downloads\Sign_Recognition_Model\data\processed\sequences\034_003_005.npy,33
C:\Users\AB\Downloads\Sign_Recognition_Model\data\processed\sequences\034_004_001.npy,33
C:\Users\AB\Downloads\Sign_Recognition_Model\data\processed\sequences\034_004_002.npy,33
C:\Users\AB\Downloads\Sign_Recognition_Model\data\processed\sequences\034_004_003.npy,33
C:\Users\AB\Downloads\Sign_Recognition_Model\data\processed\sequences\034_004_004.npy,33
C:\Users\AB\Downloads\Sign_Recognition_Model\data\processed\sequences\034_004_005.npy,33
C:\Users\AB\Downloads\Sign_Recognition_Model\data\processed\sequences\034_005_001.npy,33
C:\Users\AB\Downloads\Sign_Recognition_Model\data\processed\sequences\034_005_002.npy,33
C:\Users\AB\Downloads\Sign_Recognition_Model\data\processed\sequences\034_005_003.npy,33
C:\Users\AB\Downloads\Sign_Recognition_Model\data\processed\sequences\034_005_004.npy,33
C:\Users\AB\Downloads\Sign_Recognition_Model\data\processed\sequences\034_005_005.npy,33
C:\Users\AB\Downloads\Sign_Recognition_Model\data\processed\sequences\034_006_001.npy,33
C:\Users\AB\Downloads\Sign_Recognition_Model\data\processed\sequences\034_006_002.npy,33
C:\Users\AB\Downloads\Sign_Recognition_Model\data\processed\sequences\034_006_003.npy,33
C:\Users\AB\Downloads\Sign_Recognition_Model\data\processed\sequences\034_006_004.npy,33
C:\Users\AB\Downloads\Sign_Recognition_Model\data\processed\sequences\034_006_005.npy,33
C:\Users\AB\Downloads\Sign_Recognition_Model\data\processed\sequences\034_007_001.npy,33
C:\Users\AB\Downloads\Sign_Recognition_Model\data\processed\sequences\034_007_002.npy,33
C:\Users\AB\Downloads\Sign_Recognition_Model\data\processed\sequences\034_007_003.npy,33
C:\Users\AB\Downloads\Sign_Recognition_Model\data\processed\sequences\034_007_004.npy,33
C:\Users\AB\Downloads\Sign_Recognition_Model\data\processed\sequences\034_007_005.npy,33
C:\Users\AB\Downloads\Sign_Recognition_Model\data\processed\sequences\035_001_001.npy,34
C:\Users\AB\Downloads\Sign_Recognition_Model\data\processed\sequences\035_001_002.npy,34
C:\Users\AB\Downloads\Sign_Recognition_Model\data\processed\sequences\035_001_003.npy,34
C:\Users\AB\Downloads\Sign_Recognition_Model\data\processed\sequences\035_001_004.npy,34
C:\Users\AB\Downloads\Sign_Recognition_Model\data\processed\sequences\035_001_005.npy,34
C:\Users\AB\Downloads\Sign_Recognition_Model\data\processed\sequences\035_002_001.npy,34
C:\Users\AB\Downloads\Sign_Recognition_Model\data\processed\sequences\035_002_002.npy,34
C:\Users\AB\Downloads\Sign_Recognition_Model\data\processed\sequences\035_002_003.npy,34
C:\Users\AB\Downloads\Sign_Recognition_Model\data\processed\sequences\035_002_004.npy,34
C:\Users\AB\Downloads\Sign_Recognition_Model\data\processed\sequences\035_002_005.npy,34
C:\Users\AB\Downloads\Sign_Recognition_Model\data\processed\sequences\035_003_001.npy,34
C:\Users\AB\Downloads\Sign_Recognition_Model\data\processed\sequences\035_003_002.npy,34
C:\Users\AB\Downloads\Sign_Recognition_Model\data\processed\sequences\035_003_003.npy,34
C:\Users\AB\Downloads\Sign_Recognition_Model\data\processed\sequences\035_003_004.npy,34
C:\Users\AB\Downloads\Sign_Recognition_Model\data\processed\sequences\035_003_005.npy,34
C:\Users\AB\Downloads\Sign_Recognition_Model\data\processed\sequences\035_004_001.npy,34
C:\Users\AB\Downloads\Sign_Recognition_Model\data\processed\sequences\035_004_002.npy,34
C:\Users\AB\Downloads\Sign_Recognition_Model\data\processed\sequences\035_004_003.npy,34
C:\Users\AB\Downloads\Sign_Recognition_Model\data\processed\sequences\035_004_004.npy,34
C:\Users\AB\Downloads\Sign_Recognition_Model\data\processed\sequences\035_004_005.npy,34
C:\Users\AB\Downloads\Sign_Recognition_Model\data\processed\sequences\035_005_001.npy,34
C:\Users\AB\Downloads\Sign_Recognition_Model\data\processed\sequences\035_005_002.npy,34
C:\Users\AB\Downloads\Sign_Recognition_Model\data\processed\sequences\035_005_003.npy,34
C:\Users\AB\Downloads\Sign_Recognition_Model\data\processed\sequences\035_005_004.npy,34
C:\Users\AB\Downloads\Sign_Recognition_Model\data\processed\sequences\035_005_005.npy,34
C:\Users\AB\Downloads\Sign_Recognition_Model\data\processed\sequences\035_006_001.npy,34
C:\Users\AB\Downloads\Sign_Recognition_Model\data\processed\sequences\035_006_002.npy,34
C:\Users\AB\Downloads\Sign_Recognition_Model\data\processed\sequences\035_006_003.npy,34
C:\Users\AB\Downloads\Sign_Recognition_Model\data\processed\sequences\035_006_004.npy,34
C:\Users\AB\Downloads\Sign_Recognition_Model\data\processed\sequences\035_006_005.npy,34
C:\Users\AB\Downloads\Sign_Recognition_Model\data\processed\sequences\035_007_001.npy,34
C:\Users\AB\Downloads\Sign_Recognition_Model\data\processed\sequences\035_007_002.npy,34
C:\Users\AB\Downloads\Sign_Recognition_Model\data\processed\sequences\035_007_003.npy,34
C:\Users\AB\Downloads\Sign_Recognition_Model\data\processed\sequences\035_007_004.npy,34
C:\Users\AB\Downloads\Sign_Recognition_Model\data\processed\sequences\035_007_005.npy,34
C:\Users\AB\Downloads\Sign_Recognition_Model\data\processed\sequences\036_001_001.npy,35
C:\Users\AB\Downloads\Sign_Recognition_Model\data\processed\sequences\036_001_002.npy,35
C:\Users\AB\Downloads\Sign_Recognition_Model\data\processed\sequences\036_001_003.npy,35
C:\Users\AB\Downloads\Sign_Recognition_Model\data\processed\sequences\036_001_004.npy,35
C:\Users\AB\Downloads\Sign_Recognition_Model\data\processed\sequences\036_001_005.npy,35
C:\Users\AB\Downloads\Sign_Recognition_Model\data\processed\sequences\036_002_001.npy,35
C:\Users\AB\Downloads\Sign_Recognition_Model\data\processed\sequences\036_002_002.npy,35
C:\Users\AB\Downloads\Sign_Recognition_Model\data\processed\sequences\036_002_003.npy,35
C:\Users\AB\Downloads\Sign_Recognition_Model\data\processed\sequences\036_002_004.npy,35
C:\Users\AB\Downloads\Sign_Recognition_Model\data\processed\sequences\036_002_005.npy,35
C:\Users\AB\Downloads\Sign_Recognition_Model\data\processed\sequences\036_003_001.npy,35
C:\Users\AB\Downloads\Sign_Recognition_Model\data\processed\sequences\036_003_002.npy,35
C:\Users\AB\Downloads\Sign_Recognition_Model\data\processed\sequences\036_003_003.npy,35
C:\Users\AB\Downloads\Sign_Recognition_Model\data\processed\sequences\036_003_004.npy,35
C:\Users\AB\Downloads\Sign_Recognition_Model\data\processed\sequences\036_003_005.npy,35
C:\Users\AB\Downloads\Sign_Recognition_Model\data\processed\sequences\036_004_001.npy,35
C:\Users\AB\Downloads\Sign_Recognition_Model\data\processed\sequences\036_004_002.npy,35
C:\Users\AB\Downloads\Sign_Recognition_Model\data\processed\sequences\036_004_003.npy,35
C:\Users\AB\Downloads\Sign_Recognition_Model\data\processed\sequences\036_004_004.npy,35
C:\Users\AB\Downloads\Sign_Recognition_Model\data\processed\sequences\036_004_005.npy,35
C:\Users\AB\Downloads\Sign_Recognition_Model\data\processed\sequences\036_005_001.npy,35
C:\Users\AB\Downloads\Sign_Recognition_Model\data\processed\sequences\036_005_002.npy,35
C:\Users\AB\Downloads\Sign_Recognition_Model\data\processed\sequences\036_005_003.npy,35
C:\Users\AB\Downloads\Sign_Recognition_Model\data\processed\sequences\036_005_004.npy,35
C:\Users\AB\Downloads\Sign_Recognition_Model\data\processed\sequences\036_005_005.npy,35
C:\Users\AB\Downloads\Sign_Recognition_Model\data\processed\sequences\036_006_001.npy,35
C:\Users\AB\Downloads\Sign_Recognition_Model\data\processed\sequences\036_006_002.npy,35
C:\Users\AB\Downloads\Sign_Recognition_Model\data\processed\sequences\036_006_003.npy,35
C:\Users\AB\Downloads\Sign_Recognition_Model\data\processed\sequences\036_006_004.npy,35
C:\Users\AB\Downloads\Sign_Recognition_Model\data\processed\sequences\036_006_005.npy,35
C:\Users\AB\Downloads\Sign_Recognition_Model\data\processed\sequences\036_007_001.npy,35
C:\Users\AB\Downloads\Sign_Recognition_Model\data\processed\sequences\036_007_002.npy,35
C:\Users\AB\Downloads\Sign_Recognition_Model\data\processed\sequences\036_007_003.npy,35
C:\Users\AB\Downloads\Sign_Recognition_Model\data\processed\sequences\036_007_004.npy,35
C:\Users\AB\Downloads\Sign_Recognition_Model\data\processed\sequences\036_007_005.npy,35
C:\Users\AB\Downloads\Sign_Recognition_Model\data\processed\sequences\037_001_001.npy,36
C:\Users\AB\Downloads\Sign_Recognition_Model\data\processed\sequences\037_001_002.npy,36
C:\Users\AB\Downloads\Sign_Recognition_Model\data\processed\sequences\037_001_003.npy,36
C:\Users\AB\Downloads\Sign_Recognition_Model\data\processed\sequences\037_001_004.npy,36
C:\Users\AB\Downloads\Sign_Recognition_Model\data\processed\sequences\037_001_005.npy,36
C:\Users\AB\Downloads\Sign_Recognition_Model\data\processed\sequences\037_002_001.npy,36
C:\Users\AB\Downloads\Sign_Recognition_Model\data\processed\sequences\037_002_002.npy,36
C:\Users\AB\Downloads\Sign_Recognition_Model\data\processed\sequences\037_002_003.npy,36
C:\Users\AB\Downloads\Sign_Recognition_Model\data\processed\sequences\037_002_004.npy,36
C:\Users\AB\Downloads\Sign_Recognition_Model\data\processed\sequences\037_002_005.npy,36
C:\Users\AB\Downloads\Sign_Recognition_Model\data\processed\sequences\037_003_001.npy,36
C:\Users\AB\Downloads\Sign_Recognition_Model\data\processed\sequences\037_003_002.npy,36
C:\Users\AB\Downloads\Sign_Recognition_Model\data\processed\sequences\037_003_003.npy,36
C:\Users\AB\Downloads\Sign_Recognition_Model\data\processed\sequences\037_003_004.npy,36
C:\Users\AB\Downloads\Sign_Recognition_Model\data\processed\sequences\037_003_005.npy,36
C:\Users\AB\Downloads\Sign_Recognition_Model\data\processed\sequences\037_004_001.npy,36
C:\Users\AB\Downloads\Sign_Recognition_Model\data\processed\sequences\037_004_002.npy,36
C:\Users\AB\Downloads\Sign_Recognition_Model\data\processed\sequences\037_004_003.npy,36
C:\Users\AB\Downloads\Sign_Recognition_Model\data\processed\sequences\037_004_004.npy,36
C:\Users\AB\Downloads\Sign_Recognition_Model\data\processed\sequences\037_004_005.npy,36
C:\Users\AB\Downloads\Sign_Recognition_Model\data\processed\sequences\037_005_001.npy,36
C:\Users\AB\Downloads\Sign_Recognition_Model\data\processed\sequences\037_005_002.npy,36
C:\Users\AB\Downloads\Sign_Recognition_Model\data\processed\sequences\037_005_003.npy,36
C:\Users\AB\Downloads\Sign_Recognition_Model\data\processed\sequences\037_005_004.npy,36
C:\Users\AB\Downloads\Sign_Recognition_Model\data\processed\sequences\037_005_005.npy,36
C:\Users\AB\Downloads\Sign_Recognition_Model\data\processed\sequences\037_006_001.npy,36
C:\Users\AB\Downloads\Sign_Recognition_Model\data\processed\sequences\037_006_002.npy,36
C:\Users\AB\Downloads\Sign_Recognition_Model\data\processed\sequences\037_006_003.npy,36
C:\Users\AB\Downloads\Sign_Recognition_Model\data\processed\sequences\037_006_004.npy,36
C:\Users\AB\Downloads\Sign_Recognition_Model\data\processed\sequences\037_006_005.npy,36
C:\Users\AB\Downloads\Sign_Recognition_Model\data\processed\sequences\037_007_001.npy,36
C:\Users\AB\Downloads\Sign_Recognition_Model\data\processed\sequences\037_007_002.npy,36
C:\Users\AB\Downloads\Sign_Recognition_Model\data\processed\sequences\037_007_003.npy,36
C:\Users\AB\Downloads\Sign_Recognition_Model\data\processed\sequences\037_007_004.npy,36
C:\Users\AB\Downloads\Sign_Recognition_Model\data\processed\sequences\037_007_005.npy,36
C:\Users\AB\Downloads\Sign_Recognition_Model\data\processed\sequences\038_001_001.npy,37
C:\Users\AB\Downloads\Sign_Recognition_Model\data\processed\sequences\038_001_002.npy,37
C:\Users\AB\Downloads\Sign_Recognition_Model\data\processed\sequences\038_001_003.npy,37
C:\Users\AB\Downloads\Sign_Recognition_Model\data\processed\sequences\038_001_004.npy,37
C:\Users\AB\Downloads\Sign_Recognition_Model\data\processed\sequences\038_001_005.npy,37
C:\Users\AB\Downloads\Sign_Recognition_Model\data\processed\sequences\038_002_001.npy,37
C:\Users\AB\Downloads\Sign_Recognition_Model\data\processed\sequences\038_002_002.npy,37
C:\Users\AB\Downloads\Sign_Recognition_Model\data\processed\sequences\038_002_003.npy,37
C:\Users\AB\Downloads\Sign_Recognition_Model\data\processed\sequences\038_002_004.npy,37
C:\Users\AB\Downloads\Sign_Recognition_Model\data\processed\sequences\038_002_005.npy,37
C:\Users\AB\Downloads\Sign_Recognition_Model\data\processed\sequences\038_003_001.npy,37
C:\Users\AB\Downloads\Sign_Recognition_Model\data\processed\sequences\038_003_002.npy,37
C:\Users\AB\Downloads\Sign_Recognition_Model\data\processed\sequences\038_003_003.npy,37
C:\Users\AB\Downloads\Sign_Recognition_Model\data\processed\sequences\038_003_004.npy,37
C:\Users\AB\Downloads\Sign_Recognition_Model\data\processed\sequences\038_003_005.npy,37
C:\Users\AB\Downloads\Sign_Recognition_Model\data\processed\sequences\038_004_001.npy,37
C:\Users\AB\Downloads\Sign_Recognition_Model\data\processed\sequences\038_004_002.npy,37
C:\Users\AB\Downloads\Sign_Recognition_Model\data\processed\sequences\038_004_003.npy,37
C:\Users\AB\Downloads\Sign_Recognition_Model\data\processed\sequences\038_004_004.npy,37
C:\Users\AB\Downloads\Sign_Recognition_Model\data\processed\sequences\038_004_005.npy,37
C:\Users\AB\Downloads\Sign_Recognition_Model\data\processed\sequences\038_005_001.npy,37
C:\Users\AB\Downloads\Sign_Recognition_Model\data\processed\sequences\038_005_002.npy,37
C:\Users\AB\Downloads\Sign_Recognition_Model\data\processed\sequences\038_005_003.npy,37
C:\Users\AB\Downloads\Sign_Recognition_Model\data\processed\sequences\038_005_004.npy,37
C:\Users\AB\Downloads\Sign_Recognition_Model\data\processed\sequences\038_005_005.npy,37
C:\Users\AB\Downloads\Sign_Recognition_Model\data\processed\sequences\038_006_001.npy,37
C:\Users\AB\Downloads\Sign_Recognition_Model\data\processed\sequences\038_006_002.npy,37
C:\Users\AB\Downloads\Sign_Recognition_Model\data\processed\sequences\038_006_003.npy,37
C:\Users\AB\Downloads\Sign_Recognition_Model\data\processed\sequences\038_006_004.npy,37
C:\Users\AB\Downloads\Sign_Recognition_Model\data\processed\sequences\038_006_005.npy,37
C:\Users\AB\Downloads\Sign_Recognition_Model\data\processed\sequences\038_007_001.npy,37
C:\Users\AB\Downloads\Sign_Recognition_Model\data\processed\sequences\038_007_002.npy,37
C:\Users\AB\Downloads\Sign_Recognition_Model\data\processed\sequences\038_007_003.npy,37
C:\Users\AB\Downloads\Sign_Recognition_Model\data\processed\sequences\038_007_004.npy,37
C:\Users\AB\Downloads\Sign_Recognition_Model\data\processed\sequences\038_007_005.npy,37
C:\Users\AB\Downloads\Sign_Recognition_Model\data\processed\sequences\039_001_001.npy,38
C:\Users\AB\Downloads\Sign_Recognition_Model\data\processed\sequences\039_001_002.npy,38
C:\Users\AB\Downloads\Sign_Recognition_Model\data\processed\sequences\039_001_003.npy,38
C:\Users\AB\Downloads\Sign_Recognition_Model\data\processed\sequences\039_001_004.npy,38
C:\Users\AB\Downloads\Sign_Recognition_Model\data\processed\sequences\039_001_005.npy,38
C:\Users\AB\Downloads\Sign_Recognition_Model\data\processed\sequences\039_002_001.npy,38
C:\Users\AB\Downloads\Sign_Recognition_Model\data\processed\sequences\039_002_002.npy,38
C:\Users\AB\Downloads\Sign_Recognition_Model\data\processed\sequences\039_002_003.npy,38
C:\Users\AB\Downloads\Sign_Recognition_Model\data\processed\sequences\039_002_004.npy,38
C:\Users\AB\Downloads\Sign_Recognition_Model\data\processed\sequences\039_002_005.npy,38
C:\Users\AB\Downloads\Sign_Recognition_Model\data\processed\sequences\039_003_001.npy,38
C:\Users\AB\Downloads\Sign_Recognition_Model\data\processed\sequences\039_003_002.npy,38
C:\Users\AB\Downloads\Sign_Recognition_Model\data\processed\sequences\039_003_003.npy,38
C:\Users\AB\Downloads\Sign_Recognition_Model\data\processed\sequences\039_003_004.npy,38
C:\Users\AB\Downloads\Sign_Recognition_Model\data\processed\sequences\039_003_005.npy,38
C:\Users\AB\Downloads\Sign_Recognition_Model\data\processed\sequences\039_004_001.npy,38
C:\Users\AB\Downloads\Sign_Recognition_Model\data\processed\sequences\039_004_002.npy,38
C:\Users\AB\Downloads\Sign_Recognition_Model\data\processed\sequences\039_004_003.npy,38
C:\Users\AB\Downloads\Sign_Recognition_Model\data\processed\sequences\039_004_004.npy,38
C:\Users\AB\Downloads\Sign_Recognition_Model\data\processed\sequences\039_004_005.npy,38
C:\Users\AB\Downloads\Sign_Recognition_Model\data\processed\sequences\039_005_001.npy,38
C:\Users\AB\Downloads\Sign_Recognition_Model\data\processed\sequences\039_005_002.npy,38
C:\Users\AB\Downloads\Sign_Recognition_Model\data\processed\sequences\039_005_003.npy,38
C:\Users\AB\Downloads\Sign_Recognition_Model\data\processed\sequences\039_005_004.npy,38
C:\Users\AB\Downloads\Sign_Recognition_Model\data\processed\sequences\039_005_005.npy,38
C:\Users\AB\Downloads\Sign_Recognition_Model\data\processed\sequences\039_006_001.npy,38
C:\Users\AB\Downloads\Sign_Recognition_Model\data\processed\sequences\039_006_002.npy,38
C:\Users\AB\Downloads\Sign_Recognition_Model\data\processed\sequences\039_006_003.npy,38
C:\Users\AB\Downloads\Sign_Recognition_Model\data\processed\sequences\039_006_004.npy,38
C:\Users\AB\Downloads\Sign_Recognition_Model\data\processed\sequences\039_006_005.npy,38
C:\Users\AB\Downloads\Sign_Recognition_Model\data\processed\sequences\039_007_001.npy,38
C:\Users\AB\Downloads\Sign_Recognition_Model\data\processed\sequences\039_007_002.npy,38
C:\Users\AB\Downloads\Sign_Recognition_Model\data\processed\sequences\039_007_003.npy,38
C:\Users\AB\Downloads\Sign_Recognition_Model\data\processed\sequences\039_007_004.npy,38
C:\Users\AB\Downloads\Sign_Recognition_Model\data\processed\sequences\039_007_005.npy,38
C:\Users\AB\Downloads\Sign_Recognition_Model\data\processed\sequences\040_001_001.npy,39
C:\Users\AB\Downloads\Sign_Recognition_Model\data\processed\sequences\040_001_002.npy,39
C:\Users\AB\Downloads\Sign_Recognition_Model\data\processed\sequences\040_001_003.npy,39
C:\Users\AB\Downloads\Sign_Recognition_Model\data\processed\sequences\040_001_004.npy,39
C:\Users\AB\Downloads\Sign_Recognition_Model\data\processed\sequences\040_001_005.npy,39
C:\Users\AB\Downloads\Sign_Recognition_Model\data\processed\sequences\040_002_001.npy,39
C:\Users\AB\Downloads\Sign_Recognition_Model\data\processed\sequences\040_002_002.npy,39
C:\Users\AB\Downloads\Sign_Recognition_Model\data\processed\sequences\040_002_003.npy,39
C:\Users\AB\Downloads\Sign_Recognition_Model\data\processed\sequences\040_002_004.npy,39
C:\Users\AB\Downloads\Sign_Recognition_Model\data\processed\sequences\040_002_005.npy,39
C:\Users\AB\Downloads\Sign_Recognition_Model\data\processed\sequences\040_003_001.npy,39
C:\Users\AB\Downloads\Sign_Recognition_Model\data\processed\sequences\040_003_002.npy,39
C:\Users\AB\Downloads\Sign_Recognition_Model\data\processed\sequences\040_003_003.npy,39
C:\Users\AB\Downloads\Sign_Recognition_Model\data\processed\sequences\040_003_004.npy,39
C:\Users\AB\Downloads\Sign_Recognition_Model\data\processed\sequences\040_003_005.npy,39
C:\Users\AB\Downloads\Sign_Recognition_Model\data\processed\sequences\040_004_001.npy,39
C:\Users\AB\Downloads\Sign_Recognition_Model\data\processed\sequences\040_004_002.npy,39
C:\Users\AB\Downloads\Sign_Recognition_Model\data\processed\sequences\040_004_003.npy,39
C:\Users\AB\Downloads\Sign_Recognition_Model\data\processed\sequences\040_004_004.npy,39
C:\Users\AB\Downloads\Sign_Recognition_Model\data\processed\sequences\040_004_005.npy,39
C:\Users\AB\Downloads\Sign_Recognition_Model\data\processed\sequences\040_005_001.npy,39
C:\Users\AB\Downloads\Sign_Recognition_Model\data\processed\sequences\040_005_002.npy,39
C:\Users\AB\Downloads\Sign_Recognition_Model\data\processed\sequences\040_005_003.npy,39
C:\Users\AB\Downloads\Sign_Recognition_Model\data\processed\sequences\040_005_004.npy,39
C:\Users\AB\Downloads\Sign_Recognition_Model\data\processed\sequences\040_005_005.npy,39
C:\Users\AB\Downloads\Sign_Recognition_Model\data\processed\sequences\040_006_001.npy,39
C:\Users\AB\Downloads\Sign_Recognition_Model\data\processed\sequences\040_006_002.npy,39
C:\Users\AB\Downloads\Sign_Recognition_Model\data\processed\sequences\040_006_003.npy,39
C:\Users\AB\Downloads\Sign_Recognition_Model\data\processed\sequences\040_006_004.npy,39
C:\Users\AB\Downloads\Sign_Recognition_Model\data\processed\sequences\040_006_005.npy,39
C:\Users\AB\Downloads\Sign_Recognition_Model\data\processed\sequences\040_007_001.npy,39
C:\Users\AB\Downloads\Sign_Recognition_Model\data\processed\sequences\040_007_002.npy,39
C:\Users\AB\Downloads\Sign_Recognition_Model\data\processed\sequences\040_007_003.npy,39
C:\Users\AB\Downloads\Sign_Recognition_Model\data\processed\sequences\040_007_004.npy,39
C:\Users\AB\Downloads\Sign_Recognition_Model\data\processed\sequences\040_007_005.npy,39
C:\Users\AB\Downloads\Sign_Recognition_Model\data\processed\sequences\041_001_001.npy,40
C:\Users\AB\Downloads\Sign_Recognition_Model\data\processed\sequences\041_001_002.npy,40
C:\Users\AB\Downloads\Sign_Recognition_Model\data\processed\sequences\041_001_003.npy,40
C:\Users\AB\Downloads\Sign_Recognition_Model\data\processed\sequences\041_001_004.npy,40
C:\Users\AB\Downloads\Sign_Recognition_Model\data\processed\sequences\041_001_005.npy,40
C:\Users\AB\Downloads\Sign_Recognition_Model\data\processed\sequences\041_002_001.npy,40
C:\Users\AB\Downloads\Sign_Recognition_Model\data\processed\sequences\041_002_002.npy,40
C:\Users\AB\Downloads\Sign_Recognition_Model\data\processed\sequences\041_002_003.npy,40
C:\Users\AB\Downloads\Sign_Recognition_Model\data\processed\sequences\041_002_004.npy,40
C:\Users\AB\Downloads\Sign_Recognition_Model\data\processed\sequences\041_002_005.npy,40
C:\Users\AB\Downloads\Sign_Recognition_Model\data\processed\sequences\041_003_001.npy,40
C:\Users\AB\Downloads\Sign_Recognition_Model\data\processed\sequences\041_003_002.npy,40
C:\Users\AB\Downloads\Sign_Recognition_Model\data\processed\sequences\041_003_003.npy,40
C:\Users\AB\Downloads\Sign_Recognition_Model\data\processed\sequences\041_003_004.npy,40
C:\Users\AB\Downloads\Sign_Recognition_Model\data\processed\sequences\041_003_005.npy,40
C:\Users\AB\Downloads\Sign_Recognition_Model\data\processed\sequences\041_004_001.npy,40
C:\Users\AB\Downloads\Sign_Recognition_Model\data\processed\sequences\041_004_002.npy,40
C:\Users\AB\Downloads\Sign_Recognition_Model\data\processed\sequences\041_004_003.npy,40
C:\Users\AB\Downloads\Sign_Recognition_Model\data\processed\sequences\041_004_004.npy,40
C:\Users\AB\Downloads\Sign_Recognition_Model\data\processed\sequences\041_004_005.npy,40
C:\Users\AB\Downloads\Sign_Recognition_Model\data\processed\sequences\041_005_001.npy,40
C:\Users\AB\Downloads\Sign_Recognition_Model\data\processed\sequences\041_005_002.npy,40
C:\Users\AB\Downloads\Sign_Recognition_Model\data\processed\sequences\041_005_003.npy,40
C:\Users\AB\Downloads\Sign_Recognition_Model\data\processed\sequences\041_005_004.npy,40
C:\Users\AB\Downloads\Sign_Recognition_Model\data\processed\sequences\041_005_005.npy,40
C:\Users\AB\Downloads\Sign_Recognition_Model\data\processed\sequences\041_006_001.npy,40
C:\Users\AB\Downloads\Sign_Recognition_Model\data\processed\sequences\041_006_002.npy,40
C:\Users\AB\Downloads\Sign_Recognition_Model\data\processed\sequences\041_006_003.npy,40
C:\Users\AB\Downloads\Sign_Recognition_Model\data\processed\sequences\041_006_004.npy,40
C:\Users\AB\Downloads\Sign_Recognition_Model\data\processed\sequences\041_006_005.npy,40
C:\Users\AB\Downloads\Sign_Recognition_Model\data\processed\sequences\041_007_001.npy,40
C:\Users\AB\Downloads\Sign_Recognition_Model\data\processed\sequences\041_007_002.npy,40
C:\Users\AB\Downloads\Sign_Recognition_Model\data\processed\sequences\041_007_003.npy,40
C:\Users\AB\Downloads\Sign_Recognition_Model\data\processed\sequences\041_007_004.npy,40
C:\Users\AB\Downloads\Sign_Recognition_Model\data\processed\sequences\041_007_005.npy,40
C:\Users\AB\Downloads\Sign_Recognition_Model\data\processed\sequences\042_001_001.npy,41
C:\Users\AB\Downloads\Sign_Recognition_Model\data\processed\sequences\042_001_002.npy,41
C:\Users\AB\Downloads\Sign_Recognition_Model\data\processed\sequences\042_001_003.npy,41
C:\Users\AB\Downloads\Sign_Recognition_Model\data\processed\sequences\042_001_004.npy,41
C:\Users\AB\Downloads\Sign_Recognition_Model\data\processed\sequences\042_001_005.npy,41
C:\Users\AB\Downloads\Sign_Recognition_Model\data\processed\sequences\042_002_001.npy,41
C:\Users\AB\Downloads\Sign_Recognition_Model\data\processed\sequences\042_002_002.npy,41
C:\Users\AB\Downloads\Sign_Recognition_Model\data\processed\sequences\042_002_003.npy,41
C:\Users\AB\Downloads\Sign_Recognition_Model\data\processed\sequences\042_002_004.npy,41
C:\Users\AB\Downloads\Sign_Recognition_Model\data\processed\sequences\042_002_005.npy,41
C:\Users\AB\Downloads\Sign_Recognition_Model\data\processed\sequences\042_003_001.npy,41
C:\Users\AB\Downloads\Sign_Recognition_Model\data\processed\sequences\042_003_002.npy,41
C:\Users\AB\Downloads\Sign_Recognition_Model\data\processed\sequences\042_003_003.npy,41
C:\Users\AB\Downloads\Sign_Recognition_Model\data\processed\sequences\042_003_004.npy,41
C:\Users\AB\Downloads\Sign_Recognition_Model\data\processed\sequences\042_003_005.npy,41
C:\Users\AB\Downloads\Sign_Recognition_Model\data\processed\sequences\042_004_001.npy,41
C:\Users\AB\Downloads\Sign_Recognition_Model\data\processed\sequences\042_004_002.npy,41
C:\Users\AB\Downloads\Sign_Recognition_Model\data\processed\sequences\042_004_003.npy,41
C:\Users\AB\Downloads\Sign_Recognition_Model\data\processed\sequences\042_004_004.npy,41
C:\Users\AB\Downloads\Sign_Recognition_Model\data\processed\sequences\042_004_005.npy,41
C:\Users\AB\Downloads\Sign_Recognition_Model\data\processed\sequences\042_005_001.npy,41
C:\Users\AB\Downloads\Sign_Recognition_Model\data\processed\sequences\042_005_002.npy,41
C:\Users\AB\Downloads\Sign_Recognition_Model\data\processed\sequences\042_005_003.npy,41
C:\Users\AB\Downloads\Sign_Recognition_Model\data\processed\sequences\042_005_004.npy,41
C:\Users\AB\Downloads\Sign_Recognition_Model\data\processed\sequences\042_005_005.npy,41
C:\Users\AB\Downloads\Sign_Recognition_Model\data\processed\sequences\042_006_001.npy,41
C:\Users\AB\Downloads\Sign_Recognition_Model\data\processed\sequences\042_006_002.npy,41
C:\Users\AB\Downloads\Sign_Recognition_Model\data\processed\sequences\042_006_003.npy,41
C:\Users\AB\Downloads\Sign_Recognition_Model\data\processed\sequences\042_006_004.npy,41
C:\Users\AB\Downloads\Sign_Recognition_Model\data\processed\sequences\042_006_005.npy,41
C:\Users\AB\Downloads\Sign_Recognition_Model\data\processed\sequences\042_007_001.npy,41
C:\Users\AB\Downloads\Sign_Recognition_Model\data\processed\sequences\042_007_002.npy,41
C:\Users\AB\Downloads\Sign_Recognition_Model\data\processed\sequences\042_007_003.npy,41
C:\Users\AB\Downloads\Sign_Recognition_Model\data\processed\sequences\042_007_004.npy,41
C:\Users\AB\Downloads\Sign_Recognition_Model\data\processed\sequences\042_007_005.npy,41
C:\Users\AB\Downloads\Sign_Recognition_Model\data\processed\sequences\043_001_001.npy,42
C:\Users\AB\Downloads\Sign_Recognition_Model\data\processed\sequences\043_001_002.npy,42
C:\Users\AB\Downloads\Sign_Recognition_Model\data\processed\sequences\043_001_003.npy,42
C:\Users\AB\Downloads\Sign_Recognition_Model\data\processed\sequences\043_001_004.npy,42
C:\Users\AB\Downloads\Sign_Recognition_Model\data\processed\sequences\043_001_005.npy,42
C:\Users\AB\Downloads\Sign_Recognition_Model\data\processed\sequences\043_002_001.npy,42
C:\Users\AB\Downloads\Sign_Recognition_Model\data\processed\sequences\043_002_002.npy,42
C:\Users\AB\Downloads\Sign_Recognition_Model\data\processed\sequences\043_002_003.npy,42
C:\Users\AB\Downloads\Sign_Recognition_Model\data\processed\sequences\043_002_004.npy,42
C:\Users\AB\Downloads\Sign_Recognition_Model\data\processed\sequences\043_002_005.npy,42
C:\Users\AB\Downloads\Sign_Recognition_Model\data\processed\sequences\043_003_001.npy,42
C:\Users\AB\Downloads\Sign_Recognition_Model\data\processed\sequences\043_003_002.npy,42
C:\Users\AB\Downloads\Sign_Recognition_Model\data\processed\sequences\043_003_003.npy,42
C:\Users\AB\Downloads\Sign_Recognition_Model\data\processed\sequences\043_003_004.npy,42
C:\Users\AB\Downloads\Sign_Recognition_Model\data\processed\sequences\043_003_005.npy,42
C:\Users\AB\Downloads\Sign_Recognition_Model\data\processed\sequences\043_004_001.npy,42
C:\Users\AB\Downloads\Sign_Recognition_Model\data\processed\sequences\043_004_002.npy,42
C:\Users\AB\Downloads\Sign_Recognition_Model\data\processed\sequences\043_004_003.npy,42
C:\Users\AB\Downloads\Sign_Recognition_Model\data\processed\sequences\043_004_004.npy,42
C:\Users\AB\Downloads\Sign_Recognition_Model\data\processed\sequences\043_004_005.npy,42
C:\Users\AB\Downloads\Sign_Recognition_Model\data\processed\sequences\043_005_001.npy,42
C:\Users\AB\Downloads\Sign_Recognition_Model\data\processed\sequences\043_005_002.npy,42
C:\Users\AB\Downloads\Sign_Recognition_Model\data\processed\sequences\043_005_003.npy,42
C:\Users\AB\Downloads\Sign_Recognition_Model\data\processed\sequences\043_005_004.npy,42
C:\Users\AB\Downloads\Sign_Recognition_Model\data\processed\sequences\043_005_005.npy,42
C:\Users\AB\Downloads\Sign_Recognition_Model\data\processed\sequences\043_006_001.npy,42
C:\Users\AB\Downloads\Sign_Recognition_Model\data\processed\sequences\043_006_002.npy,42
C:\Users\AB\Downloads\Sign_Recognition_Model\data\processed\sequences\043_006_003.npy,42
C:\Users\AB\Downloads\Sign_Recognition_Model\data\processed\sequences\043_006_004.npy,42
C:\Users\AB\Downloads\Sign_Recognition_Model\data\processed\sequences\043_006_005.npy,42
C:\Users\AB\Downloads\Sign_Recognition_Model\data\processed\sequences\043_007_001.npy,42
C:\Users\AB\Downloads\Sign_Recognition_Model\data\processed\sequences\043_007_002.npy,42
C:\Users\AB\Downloads\Sign_Recognition_Model\data\processed\sequences\043_007_003.npy,42
C:\Users\AB\Downloads\Sign_Recognition_Model\data\processed\sequences\043_007_004.npy,42
C:\Users\AB\Downloads\Sign_Recognition_Model\data\processed\sequences\043_007_005.npy,42
C:\Users\AB\Downloads\Sign_Recognition_Model\data\processed\sequences\044_001_001.npy,43
C:\Users\AB\Downloads\Sign_Recognition_Model\data\processed\sequences\044_001_002.npy,43
C:\Users\AB\Downloads\Sign_Recognition_Model\data\processed\sequences\044_001_003.npy,43
C:\Users\AB\Downloads\Sign_Recognition_Model\data\processed\sequences\044_001_004.npy,43
C:\Users\AB\Downloads\Sign_Recognition_Model\data\processed\sequences\044_001_005.npy,43
C:\Users\AB\Downloads\Sign_Recognition_Model\data\processed\sequences\044_002_001.npy,43
C:\Users\AB\Downloads\Sign_Recognition_Model\data\processed\sequences\044_002_002.npy,43
C:\Users\AB\Downloads\Sign_Recognition_Model\data\processed\sequences\044_002_003.npy,43
C:\Users\AB\Downloads\Sign_Recognition_Model\data\processed\sequences\044_002_004.npy,43
C:\Users\AB\Downloads\Sign_Recognition_Model\data\processed\sequences\044_002_005.npy,43
C:\Users\AB\Downloads\Sign_Recognition_Model\data\processed\sequences\044_003_001.npy,43
C:\Users\AB\Downloads\Sign_Recognition_Model\data\processed\sequences\044_003_002.npy,43
C:\Users\AB\Downloads\Sign_Recognition_Model\data\processed\sequences\044_003_003.npy,43
C:\Users\AB\Downloads\Sign_Recognition_Model\data\processed\sequences\044_003_004.npy,43
C:\Users\AB\Downloads\Sign_Recognition_Model\data\processed\sequences\044_003_005.npy,43
C:\Users\AB\Downloads\Sign_Recognition_Model\data\processed\sequences\044_004_001.npy,43
C:\Users\AB\Downloads\Sign_Recognition_Model\data\processed\sequences\044_004_002.npy,43
C:\Users\AB\Downloads\Sign_Recognition_Model\data\processed\sequences\044_004_003.npy,43
C:\Users\AB\Downloads\Sign_Recognition_Model\data\processed\sequences\044_004_004.npy,43
C:\Users\AB\Downloads\Sign_Recognition_Model\data\processed\sequences\044_004_005.npy,43
C:\Users\AB\Downloads\Sign_Recognition_Model\data\processed\sequences\044_005_001.npy,43
C:\Users\AB\Downloads\Sign_Recognition_Model\data\processed\sequences\044_005_002.npy,43
C:\Users\AB\Downloads\Sign_Recognition_Model\data\processed\sequences\044_005_003.npy,43
C:\Users\AB\Downloads\Sign_Recognition_Model\data\processed\sequences\044_005_004.npy,43
C:\Users\AB\Downloads\Sign_Recognition_Model\data\processed\sequences\044_005_005.npy,43
C:\Users\AB\Downloads\Sign_Recognition_Model\data\processed\sequences\044_006_001.npy,43
C:\Users\AB\Downloads\Sign_Recognition_Model\data\processed\sequences\044_006_002.npy,43
C:\Users\AB\Downloads\Sign_Recognition_Model\data\processed\sequences\044_006_003.npy,43
C:\Users\AB\Downloads\Sign_Recognition_Model\data\processed\sequences\044_006_004.npy,43
C:\Users\AB\Downloads\Sign_Recognition_Model\data\processed\sequences\044_006_005.npy,43
C:\Users\AB\Downloads\Sign_Recognition_Model\data\processed\sequences\044_007_001.npy,43
C:\Users\AB\Downloads\Sign_Recognition_Model\data\processed\sequences\044_007_002.npy,43
C:\Users\AB\Downloads\Sign_Recognition_Model\data\processed\sequences\044_007_003.npy,43
C:\Users\AB\Downloads\Sign_Recognition_Model\data\processed\sequences\044_007_004.npy,43
C:\Users\AB\Downloads\Sign_Recognition_Model\data\processed\sequences\044_007_005.npy,43
C:\Users\AB\Downloads\Sign_Recognition_Model\data\processed\sequences\045_001_001.npy,44
C:\Users\AB\Downloads\Sign_Recognition_Model\data\processed\sequences\045_001_002.npy,44
C:\Users\AB\Downloads\Sign_Recognition_Model\data\processed\sequences\045_001_003.npy,44
C:\Users\AB\Downloads\Sign_Recognition_Model\data\processed\sequences\045_001_004.npy,44
C:\Users\AB\Downloads\Sign_Recognition_Model\data\processed\sequences\045_001_005.npy,44
C:\Users\AB\Downloads\Sign_Recognition_Model\data\processed\sequences\045_002_001.npy,44
C:\Users\AB\Downloads\Sign_Recognition_Model\data\processed\sequences\045_002_002.npy,44
C:\Users\AB\Downloads\Sign_Recognition_Model\data\processed\sequences\045_002_003.npy,44
C:\Users\AB\Downloads\Sign_Recognition_Model\data\processed\sequences\045_002_004.npy,44
C:\Users\AB\Downloads\Sign_Recognition_Model\data\processed\sequences\045_002_005.npy,44
C:\Users\AB\Downloads\Sign_Recognition_Model\data\processed\sequences\045_003_001.npy,44
C:\Users\AB\Downloads\Sign_Recognition_Model\data\processed\sequences\045_003_002.npy,44
C:\Users\AB\Downloads\Sign_Recognition_Model\data\processed\sequences\045_003_003.npy,44
C:\Users\AB\Downloads\Sign_Recognition_Model\data\processed\sequences\045_003_004.npy,44
C:\Users\AB\Downloads\Sign_Recognition_Model\data\processed\sequences\045_003_005.npy,44
C:\Users\AB\Downloads\Sign_Recognition_Model\data\processed\sequences\045_004_001.npy,44
C:\Users\AB\Downloads\Sign_Recognition_Model\data\processed\sequences\045_004_002.npy,44
C:\Users\AB\Downloads\Sign_Recognition_Model\data\processed\sequences\045_004_003.npy,44
C:\Users\AB\Downloads\Sign_Recognition_Model\data\processed\sequences\045_004_004.npy,44
C:\Users\AB\Downloads\Sign_Recognition_Model\data\processed\sequences\045_004_005.npy,44
C:\Users\AB\Downloads\Sign_Recognition_Model\data\processed\sequences\045_005_001.npy,44
C:\Users\AB\Downloads\Sign_Recognition_Model\data\processed\sequences\045_005_002.npy,44
C:\Users\AB\Downloads\Sign_Recognition_Model\data\processed\sequences\045_005_003.npy,44
C:\Users\AB\Downloads\Sign_Recognition_Model\data\processed\sequences\045_005_004.npy,44
C:\Users\AB\Downloads\Sign_Recognition_Model\data\processed\sequences\045_005_005.npy,44
C:\Users\AB\Downloads\Sign_Recognition_Model\data\processed\sequences\045_006_001.npy,44
C:\Users\AB\Downloads\Sign_Recognition_Model\data\processed\sequences\045_006_002.npy,44
C:\Users\AB\Downloads\Sign_Recognition_Model\data\processed\sequences\045_006_003.npy,44
C:\Users\AB\Downloads\Sign_Recognition_Model\data\processed\sequences\045_006_004.npy,44
C:\Users\AB\Downloads\Sign_Recognition_Model\data\processed\sequences\045_006_005.npy,44
C:\Users\AB\Downloads\Sign_Recognition_Model\data\processed\sequences\045_007_001.npy,44
C:\Users\AB\Downloads\Sign_Recognition_Model\data\processed\sequences\045_007_002.npy,44
C:\Users\AB\Downloads\Sign_Recognition_Model\data\processed\sequences\045_007_003.npy,44
C:\Users\AB\Downloads\Sign_Recognition_Model\data\processed\sequences\045_007_004.npy,44
C:\Users\AB\Downloads\Sign_Recognition_Model\data\processed\sequences\045_007_005.npy,44
C:\Users\AB\Downloads\Sign_Recognition_Model\data\processed\sequences\046_001_001.npy,45
C:\Users\AB\Downloads\Sign_Recognition_Model\data\processed\sequences\046_001_002.npy,45
C:\Users\AB\Downloads\Sign_Recognition_Model\data\processed\sequences\046_001_003.npy,45
C:\Users\AB\Downloads\Sign_Recognition_Model\data\processed\sequences\046_001_004.npy,45
C:\Users\AB\Downloads\Sign_Recognition_Model\data\processed\sequences\046_001_005.npy,45
C:\Users\AB\Downloads\Sign_Recognition_Model\data\processed\sequences\046_002_001.npy,45
C:\Users\AB\Downloads\Sign_Recognition_Model\data\processed\sequences\046_002_002.npy,45
C:\Users\AB\Downloads\Sign_Recognition_Model\data\processed\sequences\046_002_003.npy,45
C:\Users\AB\Downloads\Sign_Recognition_Model\data\processed\sequences\046_002_004.npy,45
C:\Users\AB\Downloads\Sign_Recognition_Model\data\processed\sequences\046_002_005.npy,45
C:\Users\AB\Downloads\Sign_Recognition_Model\data\processed\sequences\046_003_001.npy,45
C:\Users\AB\Downloads\Sign_Recognition_Model\data\processed\sequences\046_003_002.npy,45
C:\Users\AB\Downloads\Sign_Recognition_Model\data\processed\sequences\046_003_003.npy,45
C:\Users\AB\Downloads\Sign_Recognition_Model\data\processed\sequences\046_003_004.npy,45
C:\Users\AB\Downloads\Sign_Recognition_Model\data\processed\sequences\046_003_005.npy,45
C:\Users\AB\Downloads\Sign_Recognition_Model\data\processed\sequences\046_004_001.npy,45
C:\Users\AB\Downloads\Sign_Recognition_Model\data\processed\sequences\046_004_002.npy,45
C:\Users\AB\Downloads\Sign_Recognition_Model\data\processed\sequences\046_004_003.npy,45
C:\Users\AB\Downloads\Sign_Recognition_Model\data\processed\sequences\046_004_004.npy,45
C:\Users\AB\Downloads\Sign_Recognition_Model\data\processed\sequences\046_004_005.npy,45
C:\Users\AB\Downloads\Sign_Recognition_Model\data\processed\sequences\046_005_001.npy,45
C:\Users\AB\Downloads\Sign_Recognition_Model\data\processed\sequences\046_005_002.npy,45
C:\Users\AB\Downloads\Sign_Recognition_Model\data\processed\sequences\046_005_003.npy,45
C:\Users\AB\Downloads\Sign_Recognition_Model\data\processed\sequences\046_005_004.npy,45
C:\Users\AB\Downloads\Sign_Recognition_Model\data\processed\sequences\046_005_005.npy,45
C:\Users\AB\Downloads\Sign_Recognition_Model\data\processed\sequences\046_006_001.npy,45
C:\Users\AB\Downloads\Sign_Recognition_Model\data\processed\sequences\046_006_002.npy,45
C:\Users\AB\Downloads\Sign_Recognition_Model\data\processed\sequences\046_006_003.npy,45
C:\Users\AB\Downloads\Sign_Recognition_Model\data\processed\sequences\046_006_004.npy,45
C:\Users\AB\Downloads\Sign_Recognition_Model\data\processed\sequences\046_006_005.npy,45
C:\Users\AB\Downloads\Sign_Recognition_Model\data\processed\sequences\046_007_001.npy,45
C:\Users\AB\Downloads\Sign_Recognition_Model\data\processed\sequences\046_007_002.npy,45
C:\Users\AB\Downloads\Sign_Recognition_Model\data\processed\sequences\046_007_003.npy,45
C:\Users\AB\Downloads\Sign_Recognition_Model\data\processed\sequences\046_007_004.npy,45
C:\Users\AB\Downloads\Sign_Recognition_Model\data\processed\sequences\046_007_005.npy,45
C:\Users\AB\Downloads\Sign_Recognition_Model\data\processed\sequences\047_001_001.npy,46
C:\Users\AB\Downloads\Sign_Recognition_Model\data\processed\sequences\047_001_002.npy,46
C:\Users\AB\Downloads\Sign_Recognition_Model\data\processed\sequences\047_001_003.npy,46
C:\Users\AB\Downloads\Sign_Recognition_Model\data\processed\sequences\047_001_004.npy,46
C:\Users\AB\Downloads\Sign_Recognition_Model\data\processed\sequences\047_001_005.npy,46
C:\Users\AB\Downloads\Sign_Recognition_Model\data\processed\sequences\047_002_001.npy,46
C:\Users\AB\Downloads\Sign_Recognition_Model\data\processed\sequences\047_002_002.npy,46
C:\Users\AB\Downloads\Sign_Recognition_Model\data\processed\sequences\047_002_003.npy,46
C:\Users\AB\Downloads\Sign_Recognition_Model\data\processed\sequences\047_002_004.npy,46
C:\Users\AB\Downloads\Sign_Recognition_Model\data\processed\sequences\047_002_005.npy,46
C:\Users\AB\Downloads\Sign_Recognition_Model\data\processed\sequences\047_003_001.npy,46
C:\Users\AB\Downloads\Sign_Recognition_Model\data\processed\sequences\047_003_002.npy,46
C:\Users\AB\Downloads\Sign_Recognition_Model\data\processed\sequences\047_003_003.npy,46
C:\Users\AB\Downloads\Sign_Recognition_Model\data\processed\sequences\047_003_004.npy,46
C:\Users\AB\Downloads\Sign_Recognition_Model\data\processed\sequences\047_003_005.npy,46
C:\Users\AB\Downloads\Sign_Recognition_Model\data\processed\sequences\047_004_001.npy,46
C:\Users\AB\Downloads\Sign_Recognition_Model\data\processed\sequences\047_004_002.npy,46
C:\Users\AB\Downloads\Sign_Recognition_Model\data\processed\sequences\047_004_003.npy,46
C:\Users\AB\Downloads\Sign_Recognition_Model\data\processed\sequences\047_004_004.npy,46
C:\Users\AB\Downloads\Sign_Recognition_Model\data\processed\sequences\047_004_005.npy,46
C:\Users\AB\Downloads\Sign_Recognition_Model\data\processed\sequences\047_005_001.npy,46
C:\Users\AB\Downloads\Sign_Recognition_Model\data\processed\sequences\047_005_002.npy,46
C:\Users\AB\Downloads\Sign_Recognition_Model\data\processed\sequences\047_005_003.npy,46
C:\Users\AB\Downloads\Sign_Recognition_Model\data\processed\sequences\047_005_004.npy,46
C:\Users\AB\Downloads\Sign_Recognition_Model\data\processed\sequences\047_005_005.npy,46
C:\Users\AB\Downloads\Sign_Recognition_Model\data\processed\sequences\047_006_001.npy,46
C:\Users\AB\Downloads\Sign_Recognition_Model\data\processed\sequences\047_006_002.npy,46
C:\Users\AB\Downloads\Sign_Recognition_Model\data\processed\sequences\047_006_003.npy,46
C:\Users\AB\Downloads\Sign_Recognition_Model\data\processed\sequences\047_006_004.npy,46
C:\Users\AB\Downloads\Sign_Recognition_Model\data\processed\sequences\047_006_005.npy,46
C:\Users\AB\Downloads\Sign_Recognition_Model\data\processed\sequences\047_007_001.npy,46
C:\Users\AB\Downloads\Sign_Recognition_Model\data\processed\sequences\047_007_002.npy,46
C:\Users\AB\Downloads\Sign_Recognition_Model\data\processed\sequences\047_007_003.npy,46
C:\Users\AB\Downloads\Sign_Recognition_Model\data\processed\sequences\047_007_004.npy,46
C:\Users\AB\Downloads\Sign_Recognition_Model\data\processed\sequences\047_007_005.npy,46
C:\Users\AB\Downloads\Sign_Recognition_Model\data\processed\sequences\048_001_001.npy,47
C:\Users\AB\Downloads\Sign_Recognition_Model\data\processed\sequences\048_001_002.npy,47
C:\Users\AB\Downloads\Sign_Recognition_Model\data\processed\sequences\048_001_003.npy,47
C:\Users\AB\Downloads\Sign_Recognition_Model\data\processed\sequences\048_001_004.npy,47
C:\Users\AB\Downloads\Sign_Recognition_Model\data\processed\sequences\048_001_005.npy,47
C:\Users\AB\Downloads\Sign_Recognition_Model\data\processed\sequences\048_002_001.npy,47
C:\Users\AB\Downloads\Sign_Recognition_Model\data\processed\sequences\048_002_002.npy,47
C:\Users\AB\Downloads\Sign_Recognition_Model\data\processed\sequences\048_002_003.npy,47
C:\Users\AB\Downloads\Sign_Recognition_Model\data\processed\sequences\048_002_004.npy,47
C:\Users\AB\Downloads\Sign_Recognition_Model\data\processed\sequences\048_002_005.npy,47
C:\Users\AB\Downloads\Sign_Recognition_Model\data\processed\sequences\048_003_001.npy,47
C:\Users\AB\Downloads\Sign_Recognition_Model\data\processed\sequences\048_003_002.npy,47
C:\Users\AB\Downloads\Sign_Recognition_Model\data\processed\sequences\048_003_003.npy,47
C:\Users\AB\Downloads\Sign_Recognition_Model\data\processed\sequences\048_003_004.npy,47
C:\Users\AB\Downloads\Sign_Recognition_Model\data\processed\sequences\048_003_005.npy,47
C:\Users\AB\Downloads\Sign_Recognition_Model\data\processed\sequences\048_004_001.npy,47
C:\Users\AB\Downloads\Sign_Recognition_Model\data\processed\sequences\048_004_002.npy,47
C:\Users\AB\Downloads\Sign_Recognition_Model\data\processed\sequences\048_004_003.npy,47
C:\Users\AB\Downloads\Sign_Recognition_Model\data\processed\sequences\048_004_004.npy,47
C:\Users\AB\Downloads\Sign_Recognition_Model\data\processed\sequences\048_004_005.npy,47
C:\Users\AB\Downloads\Sign_Recognition_Model\data\processed\sequences\048_005_001.npy,47
C:\Users\AB\Downloads\Sign_Recognition_Model\data\processed\sequences\048_005_002.npy,47
C:\Users\AB\Downloads\Sign_Recognition_Model\data\processed\sequences\048_005_003.npy,47
C:\Users\AB\Downloads\Sign_Recognition_Model\data\processed\sequences\048_005_004.npy,47
C:\Users\AB\Downloads\Sign_Recognition_Model\data\processed\sequences\048_005_005.npy,47
C:\Users\AB\Downloads\Sign_Recognition_Model\data\processed\sequences\048_006_001.npy,47
C:\Users\AB\Downloads\Sign_Recognition_Model\data\processed\sequences\048_006_002.npy,47
C:\Users\AB\Downloads\Sign_Recognition_Model\data\processed\sequences\048_006_003.npy,47
C:\Users\AB\Downloads\Sign_Recognition_Model\data\processed\sequences\048_006_004.npy,47
C:\Users\AB\Downloads\Sign_Recognition_Model\data\processed\sequences\048_006_005.npy,47
C:\Users\AB\Downloads\Sign_Recognition_Model\data\processed\sequences\048_007_001.npy,47
C:\Users\AB\Downloads\Sign_Recognition_Model\data\processed\sequences\048_007_002.npy,47
C:\Users\AB\Downloads\Sign_Recognition_Model\data\processed\sequences\048_007_003.npy,47
C:\Users\AB\Downloads\Sign_Recognition_Model\data\processed\sequences\048_007_004.npy,47
C:\Users\AB\Downloads\Sign_Recognition_Model\data\processed\sequences\048_007_005.npy,47
C:\Users\AB\Downloads\Sign_Recognition_Model\data\processed\sequences\049_001_001.npy,48
C:\Users\AB\Downloads\Sign_Recognition_Model\data\processed\sequences\049_001_002.npy,48
C:\Users\AB\Downloads\Sign_Recognition_Model\data\processed\sequences\049_001_003.npy,48
C:\Users\AB\Downloads\Sign_Recognition_Model\data\processed\sequences\049_001_004.npy,48
C:\Users\AB\Downloads\Sign_Recognition_Model\data\processed\sequences\049_001_005.npy,48
C:\Users\AB\Downloads\Sign_Recognition_Model\data\processed\sequences\049_002_001.npy,48
C:\Users\AB\Downloads\Sign_Recognition_Model\data\processed\sequences\049_002_002.npy,48
C:\Users\AB\Downloads\Sign_Recognition_Model\data\processed\sequences\049_002_003.npy,48
C:\Users\AB\Downloads\Sign_Recognition_Model\data\processed\sequences\049_002_004.npy,48
C:\Users\AB\Downloads\Sign_Recognition_Model\data\processed\sequences\049_002_005.npy,48
C:\Users\AB\Downloads\Sign_Recognition_Model\data\processed\sequences\049_003_001.npy,48
C:\Users\AB\Downloads\Sign_Recognition_Model\data\processed\sequences\049_003_002.npy,48
C:\Users\AB\Downloads\Sign_Recognition_Model\data\processed\sequences\049_003_003.npy,48
C:\Users\AB\Downloads\Sign_Recognition_Model\data\processed\sequences\049_003_004.npy,48
C:\Users\AB\Downloads\Sign_Recognition_Model\data\processed\sequences\049_003_005.npy,48
C:\Users\AB\Downloads\Sign_Recognition_Model\data\processed\sequences\049_004_001.npy,48
C:\Users\AB\Downloads\Sign_Recognition_Model\data\processed\sequences\049_004_002.npy,48
C:\Users\AB\Downloads\Sign_Recognition_Model\data\processed\sequences\049_004_003.npy,48
C:\Users\AB\Downloads\Sign_Recognition_Model\data\processed\sequences\049_004_004.npy,48
C:\Users\AB\Downloads\Sign_Recognition_Model\data\processed\sequences\049_004_005.npy,48
C:\Users\AB\Downloads\Sign_Recognition_Model\data\processed\sequences\049_005_001.npy,48
C:\Users\AB\Downloads\Sign_Recognition_Model\data\processed\sequences\049_005_002.npy,48
C:\Users\AB\Downloads\Sign_Recognition_Model\data\processed\sequences\049_005_003.npy,48
C:\Users\AB\Downloads\Sign_Recognition_Model\data\processed\sequences\049_005_004.npy,48
C:\Users\AB\Downloads\Sign_Recognition_Model\data\processed\sequences\049_005_005.npy,48
C:\Users\AB\Downloads\Sign_Recognition_Model\data\processed\sequences\049_006_001.npy,48
C:\Users\AB\Downloads\Sign_Recognition_Model\data\processed\sequences\049_006_002.npy,48
C:\Users\AB\Downloads\Sign_Recognition_Model\data\processed\sequences\049_006_003.npy,48
C:\Users\AB\Downloads\Sign_Recognition_Model\data\processed\sequences\049_006_004.npy,48
C:\Users\AB\Downloads\Sign_Recognition_Model\data\processed\sequences\049_006_005.npy,48
C:\Users\AB\Downloads\Sign_Recognition_Model\data\processed\sequences\049_007_001.npy,48
C:\Users\AB\Downloads\Sign_Recognition_Model\data\processed\sequences\049_007_002.npy,48
C:\Users\AB\Downloads\Sign_Recognition_Model\data\processed\sequences\049_007_003.npy,48
C:\Users\AB\Downloads\Sign_Recognition_Model\data\processed\sequences\049_007_004.npy,48
C:\Users\AB\Downloads\Sign_Recognition_Model\data\processed\sequences\049_007_005.npy,48
C:\Users\AB\Downloads\Sign_Recognition_Model\data\processed\sequences\050_001_001.npy,49
C:\Users\AB\Downloads\Sign_Recognition_Model\data\processed\sequences\050_001_002.npy,49
C:\Users\AB\Downloads\Sign_Recognition_Model\data\processed\sequences\050_001_003.npy,49
C:\Users\AB\Downloads\Sign_Recognition_Model\data\processed\sequences\050_001_004.npy,49
C:\Users\AB\Downloads\Sign_Recognition_Model\data\processed\sequences\050_001_005.npy,49
C:\Users\AB\Downloads\Sign_Recognition_Model\data\processed\sequences\050_002_001.npy,49
C:\Users\AB\Downloads\Sign_Recognition_Model\data\processed\sequences\050_002_002.npy,49
C:\Users\AB\Downloads\Sign_Recognition_Model\data\processed\sequences\050_002_003.npy,49
C:\Users\AB\Downloads\Sign_Recognition_Model\data\processed\sequences\050_002_004.npy,49
C:\Users\AB\Downloads\Sign_Recognition_Model\data\processed\sequences\050_002_005.npy,49
C:\Users\AB\Downloads\Sign_Recognition_Model\data\processed\sequences\050_003_001.npy,49
C:\Users\AB\Downloads\Sign_Recognition_Model\data\processed\sequences\050_003_002.npy,49
C:\Users\AB\Downloads\Sign_Recognition_Model\data\processed\sequences\050_003_003.npy,49
C:\Users\AB\Downloads\Sign_Recognition_Model\data\processed\sequences\050_003_004.npy,49
C:\Users\AB\Downloads\Sign_Recognition_Model\data\processed\sequences\050_003_005.npy,49
C:\Users\AB\Downloads\Sign_Recognition_Model\data\processed\sequences\050_004_001.npy,49
C:\Users\AB\Downloads\Sign_Recognition_Model\data\processed\sequences\050_004_002.npy,49
C:\Users\AB\Downloads\Sign_Recognition_Model\data\processed\sequences\050_004_003.npy,49
C:\Users\AB\Downloads\Sign_Recognition_Model\data\processed\sequences\050_004_004.npy,49
C:\Users\AB\Downloads\Sign_Recognition_Model\data\processed\sequences\050_004_005.npy,49
C:\Users\AB\Downloads\Sign_Recognition_Model\data\processed\sequences\050_005_001.npy,49
C:\Users\AB\Downloads\Sign_Recognition_Model\data\processed\sequences\050_005_002.npy,49
C:\Users\AB\Downloads\Sign_Recognition_Model\data\processed\sequences\050_005_003.npy,49
C:\Users\AB\Downloads\Sign_Recognition_Model\data\processed\sequences\050_005_004.npy,49
C:\Users\AB\Downloads\Sign_Recognition_Model\data\processed\sequences\050_005_005.npy,49
C:\Users\AB\Downloads\Sign_Recognition_Model\data\processed\sequences\050_006_001.npy,49
C:\Users\AB\Downloads\Sign_Recognition_Model\data\processed\sequences\050_006_002.npy,49
C:\Users\AB\Downloads\Sign_Recognition_Model\data\processed\sequences\050_006_003.npy,49
C:\Users\AB\Downloads\Sign_Recognition_Model\data\processed\sequences\050_006_004.npy,49
C:\Users\AB\Downloads\Sign_Recognition_Model\data\processed\sequences\050_006_005.npy,49
C:\Users\AB\Downloads\Sign_Recognition_Model\data\processed\sequences\050_007_001.npy,49
C:\Users\AB\Downloads\Sign_Recognition_Model\data\processed\sequences\050_007_002.npy,49
C:\Users\AB\Downloads\Sign_Recognition_Model\data\processed\sequences\050_007_003.npy,49
C:\Users\AB\Downloads\Sign_Recognition_Model\data\processed\sequences\050_007_004.npy,49
C:\Users\AB\Downloads\Sign_Recognition_Model\data\processed\sequences\050_007_005.npy,49
C:\Users\AB\Downloads\Sign_Recognition_Model\data\processed\sequences\051_001_001.npy,50
C:\Users\AB\Downloads\Sign_Recognition_Model\data\processed\sequences\051_001_002.npy,50
C:\Users\AB\Downloads\Sign_Recognition_Model\data\processed\sequences\051_001_003.npy,50
C:\Users\AB\Downloads\Sign_Recognition_Model\data\processed\sequences\051_001_004.npy,50
C:\Users\AB\Downloads\Sign_Recognition_Model\data\processed\sequences\051_001_005.npy,50
C:\Users\AB\Downloads\Sign_Recognition_Model\data\processed\sequences\051_002_001.npy,50
C:\Users\AB\Downloads\Sign_Recognition_Model\data\processed\sequences\051_002_002.npy,50
C:\Users\AB\Downloads\Sign_Recognition_Model\data\processed\sequences\051_002_003.npy,50
C:\Users\AB\Downloads\Sign_Recognition_Model\data\processed\sequences\051_002_004.npy,50
C:\Users\AB\Downloads\Sign_Recognition_Model\data\processed\sequences\051_002_005.npy,50
C:\Users\AB\Downloads\Sign_Recognition_Model\data\processed\sequences\051_003_001.npy,50
C:\Users\AB\Downloads\Sign_Recognition_Model\data\processed\sequences\051_003_002.npy,50
C:\Users\AB\Downloads\Sign_Recognition_Model\data\processed\sequences\051_003_003.npy,50
C:\Users\AB\Downloads\Sign_Recognition_Model\data\processed\sequences\051_003_004.npy,50
C:\Users\AB\Downloads\Sign_Recognition_Model\data\processed\sequences\051_003_005.npy,50
C:\Users\AB\Downloads\Sign_Recognition_Model\data\processed\sequences\051_004_001.npy,50
C:\Users\AB\Downloads\Sign_Recognition_Model\data\processed\sequences\051_004_002.npy,50
C:\Users\AB\Downloads\Sign_Recognition_Model\data\processed\sequences\051_004_003.npy,50
C:\Users\AB\Downloads\Sign_Recognition_Model\data\processed\sequences\051_004_004.npy,50
C:\Users\AB\Downloads\Sign_Recognition_Model\data\processed\sequences\051_004_005.npy,50
C:\Users\AB\Downloads\Sign_Recognition_Model\data\processed\sequences\051_005_001.npy,50
C:\Users\AB\Downloads\Sign_Recognition_Model\data\processed\sequences\051_005_002.npy,50
C:\Users\AB\Downloads\Sign_Recognition_Model\data\processed\sequences\051_005_003.npy,50
C:\Users\AB\Downloads\Sign_Recognition_Model\data\processed\sequences\051_005_004.npy,50
C:\Users\AB\Downloads\Sign_Recognition_Model\data\processed\sequences\051_005_005.npy,50
C:\Users\AB\Downloads\Sign_Recognition_Model\data\processed\sequences\051_006_001.npy,50
C:\Users\AB\Downloads\Sign_Recognition_Model\data\processed\sequences\051_006_002.npy,50
C:\Users\AB\Downloads\Sign_Recognition_Model\data\processed\sequences\051_006_003.npy,50
C:\Users\AB\Downloads\Sign_Recognition_Model\data\processed\sequences\051_006_004.npy,50
C:\Users\AB\Downloads\Sign_Recognition_Model\data\processed\sequences\051_006_005.npy,50
C:\Users\AB\Downloads\Sign_Recognition_Model\data\processed\sequences\051_007_001.npy,50
C:\Users\AB\Downloads\Sign_Recognition_Model\data\processed\sequences\051_007_002.npy,50
C:\Users\AB\Downloads\Sign_Recognition_Model\data\processed\sequences\051_007_003.npy,50
C:\Users\AB\Downloads\Sign_Recognition_Model\data\processed\sequences\051_007_004.npy,50
C:\Users\AB\Downloads\Sign_Recognition_Model\data\processed\sequences\051_007_005.npy,50
C:\Users\AB\Downloads\Sign_Recognition_Model\data\processed\sequences\052_001_001.npy,51
C:\Users\AB\Downloads\Sign_Recognition_Model\data\processed\sequences\052_001_002.npy,51
C:\Users\AB\Downloads\Sign_Recognition_Model\data\processed\sequences\052_001_003.npy,51
C:\Users\AB\Downloads\Sign_Recognition_Model\data\processed\sequences\052_001_004.npy,51
C:\Users\AB\Downloads\Sign_Recognition_Model\data\processed\sequences\052_001_005.npy,51
C:\Users\AB\Downloads\Sign_Recognition_Model\data\processed\sequences\052_002_001.npy,51
C:\Users\AB\Downloads\Sign_Recognition_Model\data\processed\sequences\052_002_002.npy,51
C:\Users\AB\Downloads\Sign_Recognition_Model\data\processed\sequences\052_002_003.npy,51
C:\Users\AB\Downloads\Sign_Recognition_Model\data\processed\sequences\052_002_004.npy,51
C:\Users\AB\Downloads\Sign_Recognition_Model\data\processed\sequences\052_002_005.npy,51
C:\Users\AB\Downloads\Sign_Recognition_Model\data\processed\sequences\052_003_001.npy,51
C:\Users\AB\Downloads\Sign_Recognition_Model\data\processed\sequences\052_003_002.npy,51
C:\Users\AB\Downloads\Sign_Recognition_Model\data\processed\sequences\052_003_003.npy,51
C:\Users\AB\Downloads\Sign_Recognition_Model\data\processed\sequences\052_003_004.npy,51
C:\Users\AB\Downloads\Sign_Recognition_Model\data\processed\sequences\052_003_005.npy,51
C:\Users\AB\Downloads\Sign_Recognition_Model\data\processed\sequences\052_004_001.npy,51
C:\Users\AB\Downloads\Sign_Recognition_Model\data\processed\sequences\052_004_002.npy,51
C:\Users\AB\Downloads\Sign_Recognition_Model\data\processed\sequences\052_004_003.npy,51
C:\Users\AB\Downloads\Sign_Recognition_Model\data\processed\sequences\052_004_004.npy,51
C:\Users\AB\Downloads\Sign_Recognition_Model\data\processed\sequences\052_004_005.npy,51
C:\Users\AB\Downloads\Sign_Recognition_Model\data\processed\sequences\052_005_001.npy,51
C:\Users\AB\Downloads\Sign_Recognition_Model\data\processed\sequences\052_005_002.npy,51
C:\Users\AB\Downloads\Sign_Recognition_Model\data\processed\sequences\052_005_003.npy,51
C:\Users\AB\Downloads\Sign_Recognition_Model\data\processed\sequences\052_005_004.npy,51
C:\Users\AB\Downloads\Sign_Recognition_Model\data\processed\sequences\052_005_005.npy,51
C:\Users\AB\Downloads\Sign_Recognition_Model\data\processed\sequences\052_006_001.npy,51
C:\Users\AB\Downloads\Sign_Recognition_Model\data\processed\sequences\052_006_002.npy,51
C:\Users\AB\Downloads\Sign_Recognition_Model\data\processed\sequences\052_006_003.npy,51
C:\Users\AB\Downloads\Sign_Recognition_Model\data\processed\sequences\052_006_004.npy,51
C:\Users\AB\Downloads\Sign_Recognition_Model\data\processed\sequences\052_006_005.npy,51
C:\Users\AB\Downloads\Sign_Recognition_Model\data\processed\sequences\052_007_001.npy,51
C:\Users\AB\Downloads\Sign_Recognition_Model\data\processed\sequences\052_007_002.npy,51
C:\Users\AB\Downloads\Sign_Recognition_Model\data\processed\sequences\052_007_003.npy,51
C:\Users\AB\Downloads\Sign_Recognition_Model\data\processed\sequences\052_007_004.npy,51
C:\Users\AB\Downloads\Sign_Recognition_Model\data\processed\sequences\052_007_005.npy,51
C:\Users\AB\Downloads\Sign_Recognition_Model\data\processed\sequences\053_001_001.npy,52
C:\Users\AB\Downloads\Sign_Recognition_Model\data\processed\sequences\053_001_002.npy,52
C:\Users\AB\Downloads\Sign_Recognition_Model\data\processed\sequences\053_001_003.npy,52
C:\Users\AB\Downloads\Sign_Recognition_Model\data\processed\sequences\053_001_004.npy,52
C:\Users\AB\Downloads\Sign_Recognition_Model\data\processed\sequences\053_001_005.npy,52
C:\Users\AB\Downloads\Sign_Recognition_Model\data\processed\sequences\053_002_001.npy,52
C:\Users\AB\Downloads\Sign_Recognition_Model\data\processed\sequences\053_002_002.npy,52
C:\Users\AB\Downloads\Sign_Recognition_Model\data\processed\sequences\053_002_003.npy,52
C:\Users\AB\Downloads\Sign_Recognition_Model\data\processed\sequences\053_002_004.npy,52
C:\Users\AB\Downloads\Sign_Recognition_Model\data\processed\sequences\053_002_005.npy,52
C:\Users\AB\Downloads\Sign_Recognition_Model\data\processed\sequences\053_003_001.npy,52
C:\Users\AB\Downloads\Sign_Recognition_Model\data\processed\sequences\053_003_002.npy,52
C:\Users\AB\Downloads\Sign_Recognition_Model\data\processed\sequences\053_003_003.npy,52
C:\Users\AB\Downloads\Sign_Recognition_Model\data\processed\sequences\053_003_004.npy,52
C:\Users\AB\Downloads\Sign_Recognition_Model\data\processed\sequences\053_003_005.npy,52
C:\Users\AB\Downloads\Sign_Recognition_Model\data\processed\sequences\053_004_001.npy,52
C:\Users\AB\Downloads\Sign_Recognition_Model\data\processed\sequences\053_004_002.npy,52
C:\Users\AB\Downloads\Sign_Recognition_Model\data\processed\sequences\053_004_003.npy,52
C:\Users\AB\Downloads\Sign_Recognition_Model\data\processed\sequences\053_004_004.npy,52
C:\Users\AB\Downloads\Sign_Recognition_Model\data\processed\sequences\053_004_005.npy,52
C:\Users\AB\Downloads\Sign_Recognition_Model\data\processed\sequences\053_005_001.npy,52
C:\Users\AB\Downloads\Sign_Recognition_Model\data\processed\sequences\053_005_002.npy,52
C:\Users\AB\Downloads\Sign_Recognition_Model\data\processed\sequences\053_005_003.npy,52
C:\Users\AB\Downloads\Sign_Recognition_Model\data\processed\sequences\053_005_004.npy,52
C:\Users\AB\Downloads\Sign_Recognition_Model\data\processed\sequences\053_005_005.npy,52
C:\Users\AB\Downloads\Sign_Recognition_Model\data\processed\sequences\053_006_001.npy,52
C:\Users\AB\Downloads\Sign_Recognition_Model\data\processed\sequences\053_006_002.npy,52
C:\Users\AB\Downloads\Sign_Recognition_Model\data\processed\sequences\053_006_003.npy,52
C:\Users\AB\Downloads\Sign_Recognition_Model\data\processed\sequences\053_006_004.npy,52
C:\Users\AB\Downloads\Sign_Recognition_Model\data\processed\sequences\053_006_005.npy,52
C:\Users\AB\Downloads\Sign_Recognition_Model\data\processed\sequences\053_007_001.npy,52
C:\Users\AB\Downloads\Sign_Recognition_Model\data\processed\sequences\053_007_002.npy,52
C:\Users\AB\Downloads\Sign_Recognition_Model\data\processed\sequences\053_007_003.npy,52
C:\Users\AB\Downloads\Sign_Recognition_Model\data\processed\sequences\053_007_004.npy,52
C:\Users\AB\Downloads\Sign_Recognition_Model\data\processed\sequences\053_007_005.npy,52
C:\Users\AB\Downloads\Sign_Recognition_Model\data\processed\sequences\054_001_001.npy,53
C:\Users\AB\Downloads\Sign_Recognition_Model\data\processed\sequences\054_001_002.npy,53
C:\Users\AB\Downloads\Sign_Recognition_Model\data\processed\sequences\054_001_003.npy,53
C:\Users\AB\Downloads\Sign_Recognition_Model\data\processed\sequences\054_001_004.npy,53
C:\Users\AB\Downloads\Sign_Recognition_Model\data\processed\sequences\054_001_005.npy,53
C:\Users\AB\Downloads\Sign_Recognition_Model\data\processed\sequences\054_002_001.npy,53
C:\Users\AB\Downloads\Sign_Recognition_Model\data\processed\sequences\054_002_002.npy,53
C:\Users\AB\Downloads\Sign_Recognition_Model\data\processed\sequences\054_002_003.npy,53
C:\Users\AB\Downloads\Sign_Recognition_Model\data\processed\sequences\054_002_004.npy,53
C:\Users\AB\Downloads\Sign_Recognition_Model\data\processed\sequences\054_002_005.npy,53
C:\Users\AB\Downloads\Sign_Recognition_Model\data\processed\sequences\054_003_001.npy,53
C:\Users\AB\Downloads\Sign_Recognition_Model\data\processed\sequences\054_003_002.npy,53
C:\Users\AB\Downloads\Sign_Recognition_Model\data\processed\sequences\054_003_003.npy,53
C:\Users\AB\Downloads\Sign_Recognition_Model\data\processed\sequences\054_003_004.npy,53
C:\Users\AB\Downloads\Sign_Recognition_Model\data\processed\sequences\054_003_005.npy,53
C:\Users\AB\Downloads\Sign_Recognition_Model\data\processed\sequences\054_004_001.npy,53
C:\Users\AB\Downloads\Sign_Recognition_Model\data\processed\sequences\054_004_002.npy,53
C:\Users\AB\Downloads\Sign_Recognition_Model\data\processed\sequences\054_004_003.npy,53
C:\Users\AB\Downloads\Sign_Recognition_Model\data\processed\sequences\054_004_004.npy,53
C:\Users\AB\Downloads\Sign_Recognition_Model\data\processed\sequences\054_004_005.npy,53
C:\Users\AB\Downloads\Sign_Recognition_Model\data\processed\sequences\054_005_001.npy,53
C:\Users\AB\Downloads\Sign_Recognition_Model\data\processed\sequences\054_005_002.npy,53
C:\Users\AB\Downloads\Sign_Recognition_Model\data\processed\sequences\054_005_003.npy,53
C:\Users\AB\Downloads\Sign_Recognition_Model\data\processed\sequences\054_005_004.npy,53
C:\Users\AB\Downloads\Sign_Recognition_Model\data\processed\sequences\054_005_005.npy,53
C:\Users\AB\Downloads\Sign_Recognition_Model\data\processed\sequences\054_006_001.npy,53
C:\Users\AB\Downloads\Sign_Recognition_Model\data\processed\sequences\054_006_002.npy,53
C:\Users\AB\Downloads\Sign_Recognition_Model\data\processed\sequences\054_006_003.npy,53
C:\Users\AB\Downloads\Sign_Recognition_Model\data\processed\sequences\054_006_004.npy,53
C:\Users\AB\Downloads\Sign_Recognition_Model\data\processed\sequences\054_006_005.npy,53
C:\Users\AB\Downloads\Sign_Recognition_Model\data\processed\sequences\054_007_001.npy,53
C:\Users\AB\Downloads\Sign_Recognition_Model\data\processed\sequences\054_007_002.npy,53
C:\Users\AB\Downloads\Sign_Recognition_Model\data\processed\sequences\054_007_003.npy,53
C:\Users\AB\Downloads\Sign_Recognition_Model\data\processed\sequences\054_007_004.npy,53
C:\Users\AB\Downloads\Sign_Recognition_Model\data\processed\sequences\054_007_005.npy,53
C:\Users\AB\Downloads\Sign_Recognition_Model\data\processed\sequences\055_001_001.npy,54
C:\Users\AB\Downloads\Sign_Recognition_Model\data\processed\sequences\055_001_002.npy,54
C:\Users\AB\Downloads\Sign_Recognition_Model\data\processed\sequences\055_001_003.npy,54
C:\Users\AB\Downloads\Sign_Recognition_Model\data\processed\sequences\055_001_004.npy,54
C:\Users\AB\Downloads\Sign_Recognition_Model\data\processed\sequences\055_001_005.npy,54
C:\Users\AB\Downloads\Sign_Recognition_Model\data\processed\sequences\055_002_001.npy,54
C:\Users\AB\Downloads\Sign_Recognition_Model\data\processed\sequences\055_002_002.npy,54
C:\Users\AB\Downloads\Sign_Recognition_Model\data\processed\sequences\055_002_003.npy,54
C:\Users\AB\Downloads\Sign_Recognition_Model\data\processed\sequences\055_002_004.npy,54
C:\Users\AB\Downloads\Sign_Recognition_Model\data\processed\sequences\055_002_005.npy,54
C:\Users\AB\Downloads\Sign_Recognition_Model\data\processed\sequences\055_003_001.npy,54
C:\Users\AB\Downloads\Sign_Recognition_Model\data\processed\sequences\055_003_002.npy,54
C:\Users\AB\Downloads\Sign_Recognition_Model\data\processed\sequences\055_003_003.npy,54
C:\Users\AB\Downloads\Sign_Recognition_Model\data\processed\sequences\055_003_004.npy,54
C:\Users\AB\Downloads\Sign_Recognition_Model\data\processed\sequences\055_003_005.npy,54
C:\Users\AB\Downloads\Sign_Recognition_Model\data\processed\sequences\055_004_001.npy,54
C:\Users\AB\Downloads\Sign_Recognition_Model\data\processed\sequences\055_004_002.npy,54
C:\Users\AB\Downloads\Sign_Recognition_Model\data\processed\sequences\055_004_003.npy,54
C:\Users\AB\Downloads\Sign_Recognition_Model\data\processed\sequences\055_004_004.npy,54
C:\Users\AB\Downloads\Sign_Recognition_Model\data\processed\sequences\055_004_005.npy,54
C:\Users\AB\Downloads\Sign_Recognition_Model\data\processed\sequences\055_005_001.npy,54
C:\Users\AB\Downloads\Sign_Recognition_Model\data\processed\sequences\055_005_002.npy,54
C:\Users\AB\Downloads\Sign_Recognition_Model\data\processed\sequences\055_005_003.npy,54
C:\Users\AB\Downloads\Sign_Recognition_Model\data\processed\sequences\055_005_004.npy,54
C:\Users\AB\Downloads\Sign_Recognition_Model\data\processed\sequences\055_005_005.npy,54
C:\Users\AB\Downloads\Sign_Recognition_Model\data\processed\sequences\055_006_001.npy,54
C:\Users\AB\Downloads\Sign_Recognition_Model\data\processed\sequences\055_006_002.npy,54
C:\Users\AB\Downloads\Sign_Recognition_Model\data\processed\sequences\055_006_003.npy,54
C:\Users\AB\Downloads\Sign_Recognition_Model\data\processed\sequences\055_006_004.npy,54
C:\Users\AB\Downloads\Sign_Recognition_Model\data\processed\sequences\055_006_005.npy,54
C:\Users\AB\Downloads\Sign_Recognition_Model\data\processed\sequences\055_007_001.npy,54
C:\Users\AB\Downloads\Sign_Recognition_Model\data\processed\sequences\055_007_002.npy,54
C:\Users\AB\Downloads\Sign_Recognition_Model\data\processed\sequences\055_007_003.npy,54
C:\Users\AB\Downloads\Sign_Recognition_Model\data\processed\sequences\055_007_004.npy,54
C:\Users\AB\Downloads\Sign_Recognition_Model\data\processed\sequences\055_007_005.npy,54
C:\Users\AB\Downloads\Sign_Recognition_Model\data\processed\sequences\056_001_001.npy,55
C:\Users\AB\Downloads\Sign_Recognition_Model\data\processed\sequences\056_001_002.npy,55
C:\Users\AB\Downloads\Sign_Recognition_Model\data\processed\sequences\056_001_003.npy,55
C:\Users\AB\Downloads\Sign_Recognition_Model\data\processed\sequences\056_001_004.npy,55
C:\Users\AB\Downloads\Sign_Recognition_Model\data\processed\sequences\056_001_005.npy,55
C:\Users\AB\Downloads\Sign_Recognition_Model\data\processed\sequences\056_002_001.npy,55
C:\Users\AB\Downloads\Sign_Recognition_Model\data\processed\sequences\056_002_002.npy,55
C:\Users\AB\Downloads\Sign_Recognition_Model\data\processed\sequences\056_002_003.npy,55
C:\Users\AB\Downloads\Sign_Recognition_Model\data\processed\sequences\056_002_004.npy,55
C:\Users\AB\Downloads\Sign_Recognition_Model\data\processed\sequences\056_002_005.npy,55
C:\Users\AB\Downloads\Sign_Recognition_Model\data\processed\sequences\056_003_001.npy,55
C:\Users\AB\Downloads\Sign_Recognition_Model\data\processed\sequences\056_003_002.npy,55
C:\Users\AB\Downloads\Sign_Recognition_Model\data\processed\sequences\056_003_003.npy,55
C:\Users\AB\Downloads\Sign_Recognition_Model\data\processed\sequences\056_003_004.npy,55
C:\Users\AB\Downloads\Sign_Recognition_Model\data\processed\sequences\056_003_005.npy,55
C:\Users\AB\Downloads\Sign_Recognition_Model\data\processed\sequences\056_004_001.npy,55
C:\Users\AB\Downloads\Sign_Recognition_Model\data\processed\sequences\056_004_002.npy,55
C:\Users\AB\Downloads\Sign_Recognition_Model\data\processed\sequences\056_004_003.npy,55
C:\Users\AB\Downloads\Sign_Recognition_Model\data\processed\sequences\056_004_004.npy,55
C:\Users\AB\Downloads\Sign_Recognition_Model\data\processed\sequences\056_004_005.npy,55
C:\Users\AB\Downloads\Sign_Recognition_Model\data\processed\sequences\056_005_001.npy,55
C:\Users\AB\Downloads\Sign_Recognition_Model\data\processed\sequences\056_005_002.npy,55
C:\Users\AB\Downloads\Sign_Recognition_Model\data\processed\sequences\056_005_003.npy,55
C:\Users\AB\Downloads\Sign_Recognition_Model\data\processed\sequences\056_005_004.npy,55
C:\Users\AB\Downloads\Sign_Recognition_Model\data\processed\sequences\056_005_005.npy,55
C:\Users\AB\Downloads\Sign_Recognition_Model\data\processed\sequences\056_006_001.npy,55
C:\Users\AB\Downloads\Sign_Recognition_Model\data\processed\sequences\056_006_002.npy,55
C:\Users\AB\Downloads\Sign_Recognition_Model\data\processed\sequences\056_006_003.npy,55
C:\Users\AB\Downloads\Sign_Recognition_Model\data\processed\sequences\056_006_004.npy,55
C:\Users\AB\Downloads\Sign_Recognition_Model\data\processed\sequences\056_006_005.npy,55
C:\Users\AB\Downloads\Sign_Recognition_Model\data\processed\sequences\056_007_001.npy,55
C:\Users\AB\Downloads\Sign_Recognition_Model\data\processed\sequences\056_007_002.npy,55
C:\Users\AB\Downloads\Sign_Recognition_Model\data\processed\sequences\056_007_003.npy,55
C:\Users\AB\Downloads\Sign_Recognition_Model\data\processed\sequences\056_007_004.npy,55
C:\Users\AB\Downloads\Sign_Recognition_Model\data\processed\sequences\056_007_005.npy,55
C:\Users\AB\Downloads\Sign_Recognition_Model\data\processed\sequences\057_001_001.npy,56
C:\Users\AB\Downloads\Sign_Recognition_Model\data\processed\sequences\057_001_002.npy,56
C:\Users\AB\Downloads\Sign_Recognition_Model\data\processed\sequences\057_001_003.npy,56
C:\Users\AB\Downloads\Sign_Recognition_Model\data\processed\sequences\057_001_004.npy,56
C:\Users\AB\Downloads\Sign_Recognition_Model\data\processed\sequences\057_001_005.npy,56
C:\Users\AB\Downloads\Sign_Recognition_Model\data\processed\sequences\057_002_001.npy,56
C:\Users\AB\Downloads\Sign_Recognition_Model\data\processed\sequences\057_002_002.npy,56
C:\Users\AB\Downloads\Sign_Recognition_Model\data\processed\sequences\057_002_003.npy,56
C:\Users\AB\Downloads\Sign_Recognition_Model\data\processed\sequences\057_002_004.npy,56
C:\Users\AB\Downloads\Sign_Recognition_Model\data\processed\sequences\057_002_005.npy,56
C:\Users\AB\Downloads\Sign_Recognition_Model\data\processed\sequences\057_003_001.npy,56
C:\Users\AB\Downloads\Sign_Recognition_Model\data\processed\sequences\057_003_002.npy,56
C:\Users\AB\Downloads\Sign_Recognition_Model\data\processed\sequences\057_003_003.npy,56
C:\Users\AB\Downloads\Sign_Recognition_Model\data\processed\sequences\057_003_004.npy,56
C:\Users\AB\Downloads\Sign_Recognition_Model\data\processed\sequences\057_003_005.npy,56
C:\Users\AB\Downloads\Sign_Recognition_Model\data\processed\sequences\057_004_001.npy,56
C:\Users\AB\Downloads\Sign_Recognition_Model\data\processed\sequences\057_004_002.npy,56
C:\Users\AB\Downloads\Sign_Recognition_Model\data\processed\sequences\057_004_003.npy,56
C:\Users\AB\Downloads\Sign_Recognition_Model\data\processed\sequences\057_004_004.npy,56
C:\Users\AB\Downloads\Sign_Recognition_Model\data\processed\sequences\057_004_005.npy,56
C:\Users\AB\Downloads\Sign_Recognition_Model\data\processed\sequences\057_005_001.npy,56
C:\Users\AB\Downloads\Sign_Recognition_Model\data\processed\sequences\057_005_002.npy,56
C:\Users\AB\Downloads\Sign_Recognition_Model\data\processed\sequences\057_005_003.npy,56
C:\Users\AB\Downloads\Sign_Recognition_Model\data\processed\sequences\057_005_004.npy,56
C:\Users\AB\Downloads\Sign_Recognition_Model\data\processed\sequences\057_005_005.npy,56
C:\Users\AB\Downloads\Sign_Recognition_Model\data\processed\sequences\057_006_001.npy,56
C:\Users\AB\Downloads\Sign_Recognition_Model\data\processed\sequences\057_006_002.npy,56
C:\Users\AB\Downloads\Sign_Recognition_Model\data\processed\sequences\057_006_003.npy,56
C:\Users\AB\Downloads\Sign_Recognition_Model\data\processed\sequences\057_006_004.npy,56
C:\Users\AB\Downloads\Sign_Recognition_Model\data\processed\sequences\057_006_005.npy,56
C:\Users\AB\Downloads\Sign_Recognition_Model\data\processed\sequences\057_007_001.npy,56
C:\Users\AB\Downloads\Sign_Recognition_Model\data\processed\sequences\057_007_002.npy,56
C:\Users\AB\Downloads\Sign_Recognition_Model\data\processed\sequences\057_007_003.npy,56
C:\Users\AB\Downloads\Sign_Recognition_Model\data\processed\sequences\057_007_004.npy,56
C:\Users\AB\Downloads\Sign_Recognition_Model\data\processed\sequences\057_007_005.npy,56
C:\Users\AB\Downloads\Sign_Recognition_Model\data\processed\sequences\058_001_001.npy,57
C:\Users\AB\Downloads\Sign_Recognition_Model\data\processed\sequences\058_001_002.npy,57
C:\Users\AB\Downloads\Sign_Recognition_Model\data\processed\sequences\058_001_003.npy,57
C:\Users\AB\Downloads\Sign_Recognition_Model\data\processed\sequences\058_001_004.npy,57
C:\Users\AB\Downloads\Sign_Recognition_Model\data\processed\sequences\058_001_005.npy,57
C:\Users\AB\Downloads\Sign_Recognition_Model\data\processed\sequences\058_002_001.npy,57
C:\Users\AB\Downloads\Sign_Recognition_Model\data\processed\sequences\058_002_002.npy,57
C:\Users\AB\Downloads\Sign_Recognition_Model\data\processed\sequences\058_002_003.npy,57
C:\Users\AB\Downloads\Sign_Recognition_Model\data\processed\sequences\058_002_004.npy,57
C:\Users\AB\Downloads\Sign_Recognition_Model\data\processed\sequences\058_002_005.npy,57
C:\Users\AB\Downloads\Sign_Recognition_Model\data\processed\sequences\058_003_001.npy,57
C:\Users\AB\Downloads\Sign_Recognition_Model\data\processed\sequences\058_003_002.npy,57
C:\Users\AB\Downloads\Sign_Recognition_Model\data\processed\sequences\058_003_003.npy,57
C:\Users\AB\Downloads\Sign_Recognition_Model\data\processed\sequences\058_003_004.npy,57
C:\Users\AB\Downloads\Sign_Recognition_Model\data\processed\sequences\058_003_005.npy,57
C:\Users\AB\Downloads\Sign_Recognition_Model\data\processed\sequences\058_004_001.npy,57
C:\Users\AB\Downloads\Sign_Recognition_Model\data\processed\sequences\058_004_002.npy,57
C:\Users\AB\Downloads\Sign_Recognition_Model\data\processed\sequences\058_004_003.npy,57
C:\Users\AB\Downloads\Sign_Recognition_Model\data\processed\sequences\058_004_004.npy,57
C:\Users\AB\Downloads\Sign_Recognition_Model\data\processed\sequences\058_004_005.npy,57
C:\Users\AB\Downloads\Sign_Recognition_Model\data\processed\sequences\058_005_001.npy,57
C:\Users\AB\Downloads\Sign_Recognition_Model\data\processed\sequences\058_005_002.npy,57
C:\Users\AB\Downloads\Sign_Recognition_Model\data\processed\sequences\058_005_003.npy,57
C:\Users\AB\Downloads\Sign_Recognition_Model\data\processed\sequences\058_005_004.npy,57
C:\Users\AB\Downloads\Sign_Recognition_Model\data\processed\sequences\058_005_005.npy,57
C:\Users\AB\Downloads\Sign_Recognition_Model\data\processed\sequences\058_006_001.npy,57
C:\Users\AB\Downloads\Sign_Recognition_Model\data\processed\sequences\058_006_002.npy,57
C:\Users\AB\Downloads\Sign_Recognition_Model\data\processed\sequences\058_006_003.npy,57
C:\Users\AB\Downloads\Sign_Recognition_Model\data\processed\sequences\058_006_004.npy,57
C:\Users\AB\Downloads\Sign_Recognition_Model\data\processed\sequences\058_006_005.npy,57
C:\Users\AB\Downloads\Sign_Recognition_Model\data\processed\sequences\058_007_001.npy,57
C:\Users\AB\Downloads\Sign_Recognition_Model\data\processed\sequences\058_007_002.npy,57
C:\Users\AB\Downloads\Sign_Recognition_Model\data\processed\sequences\058_007_003.npy,57
C:\Users\AB\Downloads\Sign_Recognition_Model\data\processed\sequences\058_007_004.npy,57
C:\Users\AB\Downloads\Sign_Recognition_Model\data\processed\sequences\058_007_005.npy,57
C:\Users\AB\Downloads\Sign_Recognition_Model\data\processed\sequences\059_001_001.npy,58
C:\Users\AB\Downloads\Sign_Recognition_Model\data\processed\sequences\059_001_002.npy,58
C:\Users\AB\Downloads\Sign_Recognition_Model\data\processed\sequences\059_001_003.npy,58
C:\Users\AB\Downloads\Sign_Recognition_Model\data\processed\sequences\059_001_004.npy,58
C:\Users\AB\Downloads\Sign_Recognition_Model\data\processed\sequences\059_001_005.npy,58
C:\Users\AB\Downloads\Sign_Recognition_Model\data\processed\sequences\059_002_001.npy,58
C:\Users\AB\Downloads\Sign_Recognition_Model\data\processed\sequences\059_002_002.npy,58
C:\Users\AB\Downloads\Sign_Recognition_Model\data\processed\sequences\059_002_003.npy,58
C:\Users\AB\Downloads\Sign_Recognition_Model\data\processed\sequences\059_002_004.npy,58
C:\Users\AB\Downloads\Sign_Recognition_Model\data\processed\sequences\059_002_005.npy,58
C:\Users\AB\Downloads\Sign_Recognition_Model\data\processed\sequences\059_003_001.npy,58
C:\Users\AB\Downloads\Sign_Recognition_Model\data\processed\sequences\059_003_002.npy,58
C:\Users\AB\Downloads\Sign_Recognition_Model\data\processed\sequences\059_003_003.npy,58
C:\Users\AB\Downloads\Sign_Recognition_Model\data\processed\sequences\059_003_004.npy,58
C:\Users\AB\Downloads\Sign_Recognition_Model\data\processed\sequences\059_003_005.npy,58
C:\Users\AB\Downloads\Sign_Recognition_Model\data\processed\sequences\059_004_001.npy,58
C:\Users\AB\Downloads\Sign_Recognition_Model\data\processed\sequences\059_004_002.npy,58
C:\Users\AB\Downloads\Sign_Recognition_Model\data\processed\sequences\059_004_003.npy,58
C:\Users\AB\Downloads\Sign_Recognition_Model\data\processed\sequences\059_004_004.npy,58
C:\Users\AB\Downloads\Sign_Recognition_Model\data\processed\sequences\059_004_005.npy,58
C:\Users\AB\Downloads\Sign_Recognition_Model\data\processed\sequences\059_005_001.npy,58
C:\Users\AB\Downloads\Sign_Recognition_Model\data\processed\sequences\059_005_002.npy,58
C:\Users\AB\Downloads\Sign_Recognition_Model\data\processed\sequences\059_005_003.npy,58
C:\Users\AB\Downloads\Sign_Recognition_Model\data\processed\sequences\059_005_004.npy,58
C:\Users\AB\Downloads\Sign_Recognition_Model\data\processed\sequences\059_005_005.npy,58
C:\Users\AB\Downloads\Sign_Recognition_Model\data\processed\sequences\059_006_001.npy,58
C:\Users\AB\Downloads\Sign_Recognition_Model\data\processed\sequences\059_006_002.npy,58
C:\Users\AB\Downloads\Sign_Recognition_Model\data\processed\sequences\059_006_003.npy,58
C:\Users\AB\Downloads\Sign_Recognition_Model\data\processed\sequences\059_006_004.npy,58
C:\Users\AB\Downloads\Sign_Recognition_Model\data\processed\sequences\059_006_005.npy,58
C:\Users\AB\Downloads\Sign_Recognition_Model\data\processed\sequences\059_007_001.npy,58
C:\Users\AB\Downloads\Sign_Recognition_Model\data\processed\sequences\059_007_002.npy,58
C:\Users\AB\Downloads\Sign_Recognition_Model\data\processed\sequences\059_007_003.npy,58
C:\Users\AB\Downloads\Sign_Recognition_Model\data\processed\sequences\059_007_004.npy,58
C:\Users\AB\Downloads\Sign_Recognition_Model\data\processed\sequences\059_007_005.npy,58
C:\Users\AB\Downloads\Sign_Recognition_Model\data\processed\sequences\060_001_001.npy,59
C:\Users\AB\Downloads\Sign_Recognition_Model\data\processed\sequences\060_001_002.npy,59
C:\Users\AB\Downloads\Sign_Recognition_Model\data\processed\sequences\060_001_003.npy,59
C:\Users\AB\Downloads\Sign_Recognition_Model\data\processed\sequences\060_001_004.npy,59
C:\Users\AB\Downloads\Sign_Recognition_Model\data\processed\sequences\060_001_005.npy,59
C:\Users\AB\Downloads\Sign_Recognition_Model\data\processed\sequences\060_002_001.npy,59
C:\Users\AB\Downloads\Sign_Recognition_Model\data\processed\sequences\060_002_002.npy,59
C:\Users\AB\Downloads\Sign_Recognition_Model\data\processed\sequences\060_002_003.npy,59
C:\Users\AB\Downloads\Sign_Recognition_Model\data\processed\sequences\060_002_004.npy,59
C:\Users\AB\Downloads\Sign_Recognition_Model\data\processed\sequences\060_002_005.npy,59
C:\Users\AB\Downloads\Sign_Recognition_Model\data\processed\sequences\060_003_001.npy,59
C:\Users\AB\Downloads\Sign_Recognition_Model\data\processed\sequences\060_003_002.npy,59
C:\Users\AB\Downloads\Sign_Recognition_Model\data\processed\sequences\060_003_003.npy,59
C:\Users\AB\Downloads\Sign_Recognition_Model\data\processed\sequences\060_003_004.npy,59
C:\Users\AB\Downloads\Sign_Recognition_Model\data\processed\sequences\060_003_005.npy,59
C:\Users\AB\Downloads\Sign_Recognition_Model\data\processed\sequences\060_004_001.npy,59
C:\Users\AB\Downloads\Sign_Recognition_Model\data\processed\sequences\060_004_002.npy,59
C:\Users\AB\Downloads\Sign_Recognition_Model\data\processed\sequences\060_004_003.npy,59
C:\Users\AB\Downloads\Sign_Recognition_Model\data\processed\sequences\060_004_004.npy,59
C:\Users\AB\Downloads\Sign_Recognition_Model\data\processed\sequences\060_004_005.npy,59
C:\Users\AB\Downloads\Sign_Recognition_Model\data\processed\sequences\060_005_001.npy,59
C:\Users\AB\Downloads\Sign_Recognition_Model\data\processed\sequences\060_005_002.npy,59
C:\Users\AB\Downloads\Sign_Recognition_Model\data\processed\sequences\060_005_003.npy,59
C:\Users\AB\Downloads\Sign_Recognition_Model\data\processed\sequences\060_005_004.npy,59
C:\Users\AB\Downloads\Sign_Recognition_Model\data\processed\sequences\060_005_005.npy,59
C:\Users\AB\Downloads\Sign_Recognition_Model\data\processed\sequences\060_006_001.npy,59
C:\Users\AB\Downloads\Sign_Recognition_Model\data\processed\sequences\060_006_002.npy,59
C:\Users\AB\Downloads\Sign_Recognition_Model\data\processed\sequences\060_006_003.npy,59
C:\Users\AB\Downloads\Sign_Recognition_Model\data\processed\sequences\060_006_004.npy,59
C:\Users\AB\Downloads\Sign_Recognition_Model\data\processed\sequences\060_006_005.npy,59
C:\Users\AB\Downloads\Sign_Recognition_Model\data\processed\sequences\060_007_001.npy,59
C:\Users\AB\Downloads\Sign_Recognition_Model\data\processed\sequences\060_007_002.npy,59
C:\Users\AB\Downloads\Sign_Recognition_Model\data\processed\sequences\060_007_003.npy,59
C:\Users\AB\Downloads\Sign_Recognition_Model\data\processed\sequences\060_007_004.npy,59
C:\Users\AB\Downloads\Sign_Recognition_Model\data\processed\sequences\060_007_005.npy,59
C:\Users\AB\Downloads\Sign_Recognition_Model\data\processed\sequences\061_001_001.npy,60
C:\Users\AB\Downloads\Sign_Recognition_Model\data\processed\sequences\061_001_002.npy,60
C:\Users\AB\Downloads\Sign_Recognition_Model\data\processed\sequences\061_001_003.npy,60
C:\Users\AB\Downloads\Sign_Recognition_Model\data\processed\sequences\061_001_004.npy,60
C:\Users\AB\Downloads\Sign_Recognition_Model\data\processed\sequences\061_001_005.npy,60
C:\Users\AB\Downloads\Sign_Recognition_Model\data\processed\sequences\061_002_001.npy,60
C:\Users\AB\Downloads\Sign_Recognition_Model\data\processed\sequences\061_002_002.npy,60
C:\Users\AB\Downloads\Sign_Recognition_Model\data\processed\sequences\061_002_003.npy,60
C:\Users\AB\Downloads\Sign_Recognition_Model\data\processed\sequences\061_002_004.npy,60
C:\Users\AB\Downloads\Sign_Recognition_Model\data\processed\sequences\061_002_005.npy,60
C:\Users\AB\Downloads\Sign_Recognition_Model\data\processed\sequences\061_003_001.npy,60
C:\Users\AB\Downloads\Sign_Recognition_Model\data\processed\sequences\061_003_002.npy,60
C:\Users\AB\Downloads\Sign_Recognition_Model\data\processed\sequences\061_003_003.npy,60
C:\Users\AB\Downloads\Sign_Recognition_Model\data\processed\sequences\061_003_004.npy,60
C:\Users\AB\Downloads\Sign_Recognition_Model\data\processed\sequences\061_003_005.npy,60
C:\Users\AB\Downloads\Sign_Recognition_Model\data\processed\sequences\061_004_001.npy,60
C:\Users\AB\Downloads\Sign_Recognition_Model\data\processed\sequences\061_004_002.npy,60
C:\Users\AB\Downloads\Sign_Recognition_Model\data\processed\sequences\061_004_003.npy,60
C:\Users\AB\Downloads\Sign_Recognition_Model\data\processed\sequences\061_004_004.npy,60
C:\Users\AB\Downloads\Sign_Recognition_Model\data\processed\sequences\061_004_005.npy,60
C:\Users\AB\Downloads\Sign_Recognition_Model\data\processed\sequences\061_005_001.npy,60
C:\Users\AB\Downloads\Sign_Recognition_Model\data\processed\sequences\061_005_002.npy,60
C:\Users\AB\Downloads\Sign_Recognition_Model\data\processed\sequences\061_005_003.npy,60
C:\Users\AB\Downloads\Sign_Recognition_Model\data\processed\sequences\061_005_004.npy,60
C:\Users\AB\Downloads\Sign_Recognition_Model\data\processed\sequences\061_005_005.npy,60
C:\Users\AB\Downloads\Sign_Recognition_Model\data\processed\sequences\061_006_001.npy,60
C:\Users\AB\Downloads\Sign_Recognition_Model\data\processed\sequences\061_006_002.npy,60
C:\Users\AB\Downloads\Sign_Recognition_Model\data\processed\sequences\061_006_003.npy,60
C:\Users\AB\Downloads\Sign_Recognition_Model\data\processed\sequences\061_006_004.npy,60
C:\Users\AB\Downloads\Sign_Recognition_Model\data\processed\sequences\061_006_005.npy,60
C:\Users\AB\Downloads\Sign_Recognition_Model\data\processed\sequences\061_007_001.npy,60
C:\Users\AB\Downloads\Sign_Recognition_Model\data\processed\sequences\061_007_002.npy,60
C:\Users\AB\Downloads\Sign_Recognition_Model\data\processed\sequences\061_007_003.npy,60
C:\Users\AB\Downloads\Sign_Recognition_Model\data\processed\sequences\061_007_004.npy,60
C:\Users\AB\Downloads\Sign_Recognition_Model\data\processed\sequences\061_007_005.npy,60
C:\Users\AB\Downloads\Sign_Recognition_Model\data\processed\sequences\062_001_001.npy,61
C:\Users\AB\Downloads\Sign_Recognition_Model\data\processed\sequences\062_001_002.npy,61
C:\Users\AB\Downloads\Sign_Recognition_Model\data\processed\sequences\062_001_003.npy,61
C:\Users\AB\Downloads\Sign_Recognition_Model\data\processed\sequences\062_001_004.npy,61
C:\Users\AB\Downloads\Sign_Recognition_Model\data\processed\sequences\062_001_005.npy,61
C:\Users\AB\Downloads\Sign_Recognition_Model\data\processed\sequences\062_002_001.npy,61
C:\Users\AB\Downloads\Sign_Recognition_Model\data\processed\sequences\062_002_002.npy,61
C:\Users\AB\Downloads\Sign_Recognition_Model\data\processed\sequences\062_002_003.npy,61
C:\Users\AB\Downloads\Sign_Recognition_Model\data\processed\sequences\062_002_004.npy,61
C:\Users\AB\Downloads\Sign_Recognition_Model\data\processed\sequences\062_002_005.npy,61
C:\Users\AB\Downloads\Sign_Recognition_Model\data\processed\sequences\062_003_001.npy,61
C:\Users\AB\Downloads\Sign_Recognition_Model\data\processed\sequences\062_003_002.npy,61
C:\Users\AB\Downloads\Sign_Recognition_Model\data\processed\sequences\062_003_003.npy,61
C:\Users\AB\Downloads\Sign_Recognition_Model\data\processed\sequences\062_003_004.npy,61
C:\Users\AB\Downloads\Sign_Recognition_Model\data\processed\sequences\062_003_005.npy,61
C:\Users\AB\Downloads\Sign_Recognition_Model\data\processed\sequences\062_004_001.npy,61
C:\Users\AB\Downloads\Sign_Recognition_Model\data\processed\sequences\062_004_002.npy,61
C:\Users\AB\Downloads\Sign_Recognition_Model\data\processed\sequences\062_004_003.npy,61
C:\Users\AB\Downloads\Sign_Recognition_Model\data\processed\sequences\062_004_004.npy,61
C:\Users\AB\Downloads\Sign_Recognition_Model\data\processed\sequences\062_004_005.npy,61
C:\Users\AB\Downloads\Sign_Recognition_Model\data\processed\sequences\062_005_001.npy,61
C:\Users\AB\Downloads\Sign_Recognition_Model\data\processed\sequences\062_005_002.npy,61
C:\Users\AB\Downloads\Sign_Recognition_Model\data\processed\sequences\062_005_003.npy,61
C:\Users\AB\Downloads\Sign_Recognition_Model\data\processed\sequences\062_005_004.npy,61
C:\Users\AB\Downloads\Sign_Recognition_Model\data\processed\sequences\062_005_005.npy,61
C:\Users\AB\Downloads\Sign_Recognition_Model\data\processed\sequences\062_006_001.npy,61
C:\Users\AB\Downloads\Sign_Recognition_Model\data\processed\sequences\062_006_002.npy,61
C:\Users\AB\Downloads\Sign_Recognition_Model\data\processed\sequences\062_006_003.npy,61
C:\Users\AB\Downloads\Sign_Recognition_Model\data\processed\sequences\062_006_004.npy,61
C:\Users\AB\Downloads\Sign_Recognition_Model\data\processed\sequences\062_006_005.npy,61
C:\Users\AB\Downloads\Sign_Recognition_Model\data\processed\sequences\062_007_001.npy,61
C:\Users\AB\Downloads\Sign_Recognition_Model\data\processed\sequences\062_007_002.npy,61
C:\Users\AB\Downloads\Sign_Recognition_Model\data\processed\sequences\062_007_003.npy,61
C:\Users\AB\Downloads\Sign_Recognition_Model\data\processed\sequences\062_007_004.npy,61
C:\Users\AB\Downloads\Sign_Recognition_Model\data\processed\sequences\062_007_005.npy,61
C:\Users\AB\Downloads\Sign_Recognition_Model\data\processed\sequences\063_001_001.npy,62
C:\Users\AB\Downloads\Sign_Recognition_Model\data\processed\sequences\063_001_002.npy,62
C:\Users\AB\Downloads\Sign_Recognition_Model\data\processed\sequences\063_001_003.npy,62
C:\Users\AB\Downloads\Sign_Recognition_Model\data\processed\sequences\063_001_004.npy,62
C:\Users\AB\Downloads\Sign_Recognition_Model\data\processed\sequences\063_001_005.npy,62
C:\Users\AB\Downloads\Sign_Recognition_Model\data\processed\sequences\063_002_001.npy,62
C:\Users\AB\Downloads\Sign_Recognition_Model\data\processed\sequences\063_002_002.npy,62
C:\Users\AB\Downloads\Sign_Recognition_Model\data\processed\sequences\063_002_003.npy,62
C:\Users\AB\Downloads\Sign_Recognition_Model\data\processed\sequences\063_002_004.npy,62
C:\Users\AB\Downloads\Sign_Recognition_Model\data\processed\sequences\063_002_005.npy,62
C:\Users\AB\Downloads\Sign_Recognition_Model\data\processed\sequences\063_003_001.npy,62
C:\Users\AB\Downloads\Sign_Recognition_Model\data\processed\sequences\063_003_002.npy,62
C:\Users\AB\Downloads\Sign_Recognition_Model\data\processed\sequences\063_003_003.npy,62
C:\Users\AB\Downloads\Sign_Recognition_Model\data\processed\sequences\063_003_004.npy,62
C:\Users\AB\Downloads\Sign_Recognition_Model\data\processed\sequences\063_003_005.npy,62
C:\Users\AB\Downloads\Sign_Recognition_Model\data\processed\sequences\063_004_001.npy,62
C:\Users\AB\Downloads\Sign_Recognition_Model\data\processed\sequences\063_004_002.npy,62
C:\Users\AB\Downloads\Sign_Recognition_Model\data\processed\sequences\063_004_003.npy,62
C:\Users\AB\Downloads\Sign_Recognition_Model\data\processed\sequences\063_004_004.npy,62
C:\Users\AB\Downloads\Sign_Recognition_Model\data\processed\sequences\063_004_005.npy,62
C:\Users\AB\Downloads\Sign_Recognition_Model\data\processed\sequences\063_005_001.npy,62
C:\Users\AB\Downloads\Sign_Recognition_Model\data\processed\sequences\063_005_002.npy,62
C:\Users\AB\Downloads\Sign_Recognition_Model\data\processed\sequences\063_005_003.npy,62
C:\Users\AB\Downloads\Sign_Recognition_Model\data\processed\sequences\063_005_004.npy,62
C:\Users\AB\Downloads\Sign_Recognition_Model\data\processed\sequences\063_005_005.npy,62
C:\Users\AB\Downloads\Sign_Recognition_Model\data\processed\sequences\063_006_001.npy,62
C:\Users\AB\Downloads\Sign_Recognition_Model\data\processed\sequences\063_006_002.npy,62
C:\Users\AB\Downloads\Sign_Recognition_Model\data\processed\sequences\063_006_003.npy,62
C:\Users\AB\Downloads\Sign_Recognition_Model\data\processed\sequences\063_006_004.npy,62
C:\Users\AB\Downloads\Sign_Recognition_Model\data\processed\sequences\063_006_005.npy,62
C:\Users\AB\Downloads\Sign_Recognition_Model\data\processed\sequences\063_007_001.npy,62
C:\Users\AB\Downloads\Sign_Recognition_Model\data\processed\sequences\063_007_002.npy,62
C:\Users\AB\Downloads\Sign_Recognition_Model\data\processed\sequences\063_007_003.npy,62
C:\Users\AB\Downloads\Sign_Recognition_Model\data\processed\sequences\063_007_004.npy,62
C:\Users\AB\Downloads\Sign_Recognition_Model\data\processed\sequences\063_007_005.npy,62
C:\Users\AB\Downloads\Sign_Recognition_Model\data\processed\sequences\064_001_001.npy,63
C:\Users\AB\Downloads\Sign_Recognition_Model\data\processed\sequences\064_001_002.npy,63
C:\Users\AB\Downloads\Sign_Recognition_Model\data\processed\sequences\064_001_003.npy,63
C:\Users\AB\Downloads\Sign_Recognition_Model\data\processed\sequences\064_001_004.npy,63
C:\Users\AB\Downloads\Sign_Recognition_Model\data\processed\sequences\064_001_005.npy,63
C:\Users\AB\Downloads\Sign_Recognition_Model\data\processed\sequences\064_002_001.npy,63
C:\Users\AB\Downloads\Sign_Recognition_Model\data\processed\sequences\064_002_002.npy,63
C:\Users\AB\Downloads\Sign_Recognition_Model\data\processed\sequences\064_002_003.npy,63
C:\Users\AB\Downloads\Sign_Recognition_Model\data\processed\sequences\064_002_004.npy,63
C:\Users\AB\Downloads\Sign_Recognition_Model\data\processed\sequences\064_002_005.npy,63
C:\Users\AB\Downloads\Sign_Recognition_Model\data\processed\sequences\064_003_001.npy,63
C:\Users\AB\Downloads\Sign_Recognition_Model\data\processed\sequences\064_003_002.npy,63
C:\Users\AB\Downloads\Sign_Recognition_Model\data\processed\sequences\064_003_003.npy,63
C:\Users\AB\Downloads\Sign_Recognition_Model\data\processed\sequences\064_003_004.npy,63
C:\Users\AB\Downloads\Sign_Recognition_Model\data\processed\sequences\064_003_005.npy,63
C:\Users\AB\Downloads\Sign_Recognition_Model\data\processed\sequences\064_004_001.npy,63
C:\Users\AB\Downloads\Sign_Recognition_Model\data\processed\sequences\064_004_002.npy,63
C:\Users\AB\Downloads\Sign_Recognition_Model\data\processed\sequences\064_004_003.npy,63
C:\Users\AB\Downloads\Sign_Recognition_Model\data\processed\sequences\064_004_004.npy,63
C:\Users\AB\Downloads\Sign_Recognition_Model\data\processed\sequences\064_004_005.npy,63
C:\Users\AB\Downloads\Sign_Recognition_Model\data\processed\sequences\064_005_001.npy,63
C:\Users\AB\Downloads\Sign_Recognition_Model\data\processed\sequences\064_005_002.npy,63
C:\Users\AB\Downloads\Sign_Recognition_Model\data\processed\sequences\064_005_003.npy,63
C:\Users\AB\Downloads\Sign_Recognition_Model\data\processed\sequences\064_005_004.npy,63
C:\Users\AB\Downloads\Sign_Recognition_Model\data\processed\sequences\064_005_005.npy,63
C:\Users\AB\Downloads\Sign_Recognition_Model\data\processed\sequences\064_006_001.npy,63
C:\Users\AB\Downloads\Sign_Recognition_Model\data\processed\sequences\064_006_002.npy,63
C:\Users\AB\Downloads\Sign_Recognition_Model\data\processed\sequences\064_006_003.npy,63
C:\Users\AB\Downloads\Sign_Recognition_Model\data\processed\sequences\064_006_004.npy,63
C:\Users\AB\Downloads\Sign_Recognition_Model\data\processed\sequences\064_006_005.npy,63
C:\Users\AB\Downloads\Sign_Recognition_Model\data\processed\sequences\064_007_001.npy,63
C:\Users\AB\Downloads\Sign_Recognition_Model\data\processed\sequences\064_007_002.npy,63
C:\Users\AB\Downloads\Sign_Recognition_Model\data\processed\sequences\064_007_003.npy,63
C:\Users\AB\Downloads\Sign_Recognition_Model\data\processed\sequences\064_007_004.npy,63
C:\Users\AB\Downloads\Sign_Recognition_Model\data\processed\sequences\064_007_005.npy,63
