filepath,sign_id,subject_id,repetition,fps,frames,width,height
C:\Users\AB\Downloads\Sign_Recognition_Model\data\raw\001_001_001.mp4,1,1,1,59.94,88,1920,1080
C:\Users\AB\Downloads\Sign_Recognition_Model\data\raw\001_001_002.mp4,1,1,2,59.94,148,1920,1080
C:\Users\AB\Downloads\Sign_Recognition_Model\data\raw\001_001_003.mp4,1,1,3,59.94,118,1920,1080
C:\Users\AB\Downloads\Sign_Recognition_Model\data\raw\001_001_004.mp4,1,1,4,59.94,118,1920,1080
C:\Users\AB\Downloads\Sign_Recognition_Model\data\raw\001_001_005.mp4,1,1,5,59.94,88,1920,1080
C:\Users\AB\Downloads\Sign_Recognition_Model\data\raw\001_002_001.mp4,1,2,1,59.94,118,1920,1080
C:\Users\AB\Downloads\Sign_Recognition_Model\data\raw\001_002_002.mp4,1,2,2,59.94,118,1920,1080
C:\Users\AB\Downloads\Sign_Recognition_Model\data\raw\001_002_003.mp4,1,2,3,59.94,118,1920,1080
C:\Users\AB\Downloads\Sign_Recognition_Model\data\raw\001_002_004.mp4,1,2,4,59.94,118,1920,1080
C:\Users\AB\Downloads\Sign_Recognition_Model\data\raw\001_002_005.mp4,1,2,5,59.94,118,1920,1080
C:\Users\AB\Downloads\Sign_Recognition_Model\data\raw\001_003_001.mp4,1,3,1,59.94,118,1920,1080
C:\Users\AB\Downloads\Sign_Recognition_Model\data\raw\001_003_002.mp4,1,3,2,59.94,118,1920,1080
C:\Users\AB\Downloads\Sign_Recognition_Model\data\raw\001_003_003.mp4,1,3,3,59.94,118,1920,1080
C:\Users\AB\Downloads\Sign_Recognition_Model\data\raw\001_003_004.mp4,1,3,4,59.94,118,1920,1080
C:\Users\AB\Downloads\Sign_Recognition_Model\data\raw\001_003_005.mp4,1,3,5,59.94,118,1920,1080
C:\Users\AB\Downloads\Sign_Recognition_Model\data\raw\001_004_001.mp4,1,4,1,59.94,148,1920,1080
C:\Users\AB\Downloads\Sign_Recognition_Model\data\raw\001_004_002.mp4,1,4,2,59.94,148,1920,1080
C:\Users\AB\Downloads\Sign_Recognition_Model\data\raw\001_004_003.mp4,1,4,3,59.94,148,1920,1080
C:\Users\AB\Downloads\Sign_Recognition_Model\data\raw\001_004_004.mp4,1,4,4,59.94,148,1920,1080
C:\Users\AB\Downloads\Sign_Recognition_Model\data\raw\001_004_005.mp4,1,4,5,59.94,118,1920,1080
C:\Users\AB\Downloads\Sign_Recognition_Model\data\raw\001_005_001.mp4,1,5,1,59.94,118,1920,1080
C:\Users\AB\Downloads\Sign_Recognition_Model\data\raw\001_005_002.mp4,1,5,2,59.94,118,1920,1080
C:\Users\AB\Downloads\Sign_Recognition_Model\data\raw\001_005_003.mp4,1,5,3,59.94,118,1920,1080
C:\Users\AB\Downloads\Sign_Recognition_Model\data\raw\001_005_004.mp4,1,5,4,59.94,148,1920,1080
C:\Users\AB\Downloads\Sign_Recognition_Model\data\raw\001_005_005.mp4,1,5,5,59.94,118,1920,1080
C:\Users\AB\Downloads\Sign_Recognition_Model\data\raw\001_006_001.mp4,1,6,1,59.94,118,1920,1080
C:\Users\AB\Downloads\Sign_Recognition_Model\data\raw\001_006_002.mp4,1,6,2,59.94,118,1920,1080
C:\Users\AB\Downloads\Sign_Recognition_Model\data\raw\001_006_003.mp4,1,6,3,59.94,118,1920,1080
C:\Users\AB\Downloads\Sign_Recognition_Model\data\raw\001_006_004.mp4,1,6,4,59.94,118,1920,1080
C:\Users\AB\Downloads\Sign_Recognition_Model\data\raw\001_006_005.mp4,1,6,5,59.94,148,1920,1080
C:\Users\AB\Downloads\Sign_Recognition_Model\data\raw\001_007_001.mp4,1,7,1,59.94,88,1920,1080
C:\Users\AB\Downloads\Sign_Recognition_Model\data\raw\001_007_002.mp4,1,7,2,59.94,88,1920,1080
C:\Users\AB\Downloads\Sign_Recognition_Model\data\raw\001_007_003.mp4,1,7,3,59.94,148,1920,1080
C:\Users\AB\Downloads\Sign_Recognition_Model\data\raw\001_007_004.mp4,1,7,4,59.94,148,1920,1080
C:\Users\AB\Downloads\Sign_Recognition_Model\data\raw\001_007_005.mp4,1,7,5,59.94,88,1920,1080
C:\Users\AB\Downloads\Sign_Recognition_Model\data\raw\001_008_001.mp4,1,8,1,59.94,88,1920,1080
C:\Users\AB\Downloads\Sign_Recognition_Model\data\raw\001_008_002.mp4,1,8,2,59.94,88,1920,1080
C:\Users\AB\Downloads\Sign_Recognition_Model\data\raw\001_008_003.mp4,1,8,3,59.94,88,1920,1080
C:\Users\AB\Downloads\Sign_Recognition_Model\data\raw\001_008_004.mp4,1,8,4,59.94,118,1920,1080
C:\Users\AB\Downloads\Sign_Recognition_Model\data\raw\001_008_005.mp4,1,8,5,59.94,88,1920,1080
C:\Users\AB\Downloads\Sign_Recognition_Model\data\raw\001_009_001.mp4,1,9,1,59.94,178,1920,1080
C:\Users\AB\Downloads\Sign_Recognition_Model\data\raw\001_009_002.mp4,1,9,2,59.94,118,1920,1080
C:\Users\AB\Downloads\Sign_Recognition_Model\data\raw\001_009_003.mp4,1,9,3,59.94,88,1920,1080
C:\Users\AB\Downloads\Sign_Recognition_Model\data\raw\001_009_004.mp4,1,9,4,59.94,88,1920,1080
C:\Users\AB\Downloads\Sign_Recognition_Model\data\raw\001_009_005.mp4,1,9,5,59.94,118,1920,1080
C:\Users\AB\Downloads\Sign_Recognition_Model\data\raw\001_010_001.mp4,1,10,1,59.94,148,1920,1080
C:\Users\AB\Downloads\Sign_Recognition_Model\data\raw\001_010_002.mp4,1,10,2,59.94,118,1920,1080
C:\Users\AB\Downloads\Sign_Recognition_Model\data\raw\001_010_003.mp4,1,10,3,59.94,118,1920,1080
C:\Users\AB\Downloads\Sign_Recognition_Model\data\raw\001_010_004.mp4,1,10,4,59.94,88,1920,1080
C:\Users\AB\Downloads\Sign_Recognition_Model\data\raw\001_010_005.mp4,1,10,5,59.94,118,1920,1080
C:\Users\AB\Downloads\Sign_Recognition_Model\data\raw\002_001_001.mp4,2,1,1,59.94,118,1920,1080
C:\Users\AB\Downloads\Sign_Recognition_Model\data\raw\002_001_002.mp4,2,1,2,59.94,118,1920,1080
C:\Users\AB\Downloads\Sign_Recognition_Model\data\raw\002_001_003.mp4,2,1,3,59.94,118,1920,1080
C:\Users\AB\Downloads\Sign_Recognition_Model\data\raw\002_001_004.mp4,2,1,4,59.94,118,1920,1080
C:\Users\AB\Downloads\Sign_Recognition_Model\data\raw\002_001_005.mp4,2,1,5,59.94,118,1920,1080
C:\Users\AB\Downloads\Sign_Recognition_Model\data\raw\002_002_001.mp4,2,2,1,59.94,118,1920,1080
C:\Users\AB\Downloads\Sign_Recognition_Model\data\raw\002_002_002.mp4,2,2,2,59.94,118,1920,1080
C:\Users\AB\Downloads\Sign_Recognition_Model\data\raw\002_002_003.mp4,2,2,3,59.94,118,1920,1080
C:\Users\AB\Downloads\Sign_Recognition_Model\data\raw\002_002_004.mp4,2,2,4,59.94,118,1920,1080
C:\Users\AB\Downloads\Sign_Recognition_Model\data\raw\002_002_005.mp4,2,2,5,59.94,118,1920,1080
C:\Users\AB\Downloads\Sign_Recognition_Model\data\raw\002_003_001.mp4,2,3,1,59.94,118,1920,1080
C:\Users\AB\Downloads\Sign_Recognition_Model\data\raw\002_003_002.mp4,2,3,2,59.94,118,1920,1080
C:\Users\AB\Downloads\Sign_Recognition_Model\data\raw\002_003_003.mp4,2,3,3,59.94,118,1920,1080
C:\Users\AB\Downloads\Sign_Recognition_Model\data\raw\002_003_004.mp4,2,3,4,59.94,118,1920,1080
C:\Users\AB\Downloads\Sign_Recognition_Model\data\raw\002_003_005.mp4,2,3,5,59.94,118,1920,1080
C:\Users\AB\Downloads\Sign_Recognition_Model\data\raw\002_004_001.mp4,2,4,1,59.94,148,1920,1080
C:\Users\AB\Downloads\Sign_Recognition_Model\data\raw\002_004_002.mp4,2,4,2,59.94,118,1920,1080
C:\Users\AB\Downloads\Sign_Recognition_Model\data\raw\002_004_003.mp4,2,4,3,59.94,148,1920,1080
C:\Users\AB\Downloads\Sign_Recognition_Model\data\raw\002_004_004.mp4,2,4,4,59.94,118,1920,1080
C:\Users\AB\Downloads\Sign_Recognition_Model\data\raw\002_004_005.mp4,2,4,5,59.94,148,1920,1080
C:\Users\AB\Downloads\Sign_Recognition_Model\data\raw\002_005_001.mp4,2,5,1,59.94,118,1920,1080
C:\Users\AB\Downloads\Sign_Recognition_Model\data\raw\002_005_002.mp4,2,5,2,59.94,148,1920,1080
C:\Users\AB\Downloads\Sign_Recognition_Model\data\raw\002_005_003.mp4,2,5,3,59.94,118,1920,1080
C:\Users\AB\Downloads\Sign_Recognition_Model\data\raw\002_005_004.mp4,2,5,4,59.94,118,1920,1080
C:\Users\AB\Downloads\Sign_Recognition_Model\data\raw\002_005_005.mp4,2,5,5,59.94,118,1920,1080
C:\Users\AB\Downloads\Sign_Recognition_Model\data\raw\002_006_001.mp4,2,6,1,59.94,148,1920,1080
C:\Users\AB\Downloads\Sign_Recognition_Model\data\raw\002_006_002.mp4,2,6,2,59.94,118,1920,1080
C:\Users\AB\Downloads\Sign_Recognition_Model\data\raw\002_006_003.mp4,2,6,3,59.94,118,1920,1080
C:\Users\AB\Downloads\Sign_Recognition_Model\data\raw\002_006_004.mp4,2,6,4,59.94,148,1920,1080
C:\Users\AB\Downloads\Sign_Recognition_Model\data\raw\002_006_005.mp4,2,6,5,59.94,148,1920,1080
C:\Users\AB\Downloads\Sign_Recognition_Model\data\raw\002_007_001.mp4,2,7,1,59.94,118,1920,1080
C:\Users\AB\Downloads\Sign_Recognition_Model\data\raw\002_007_002.mp4,2,7,2,59.94,88,1920,1080
C:\Users\AB\Downloads\Sign_Recognition_Model\data\raw\002_007_003.mp4,2,7,3,59.94,118,1920,1080
C:\Users\AB\Downloads\Sign_Recognition_Model\data\raw\002_007_004.mp4,2,7,4,59.94,88,1920,1080
C:\Users\AB\Downloads\Sign_Recognition_Model\data\raw\002_007_005.mp4,2,7,5,59.94,118,1920,1080
C:\Users\AB\Downloads\Sign_Recognition_Model\data\raw\002_008_001.mp4,2,8,1,59.94,118,1920,1080
C:\Users\AB\Downloads\Sign_Recognition_Model\data\raw\002_008_002.mp4,2,8,2,59.94,118,1920,1080
C:\Users\AB\Downloads\Sign_Recognition_Model\data\raw\002_008_003.mp4,2,8,3,59.94,118,1920,1080
C:\Users\AB\Downloads\Sign_Recognition_Model\data\raw\002_008_004.mp4,2,8,4,59.94,148,1920,1080
C:\Users\AB\Downloads\Sign_Recognition_Model\data\raw\002_008_005.mp4,2,8,5,59.94,118,1920,1080
C:\Users\AB\Downloads\Sign_Recognition_Model\data\raw\002_009_001.mp4,2,9,1,59.94,118,1920,1080
C:\Users\AB\Downloads\Sign_Recognition_Model\data\raw\002_009_002.mp4,2,9,2,59.94,118,1920,1080
C:\Users\AB\Downloads\Sign_Recognition_Model\data\raw\002_009_003.mp4,2,9,3,59.94,148,1920,1080
C:\Users\AB\Downloads\Sign_Recognition_Model\data\raw\002_009_004.mp4,2,9,4,59.94,118,1920,1080
C:\Users\AB\Downloads\Sign_Recognition_Model\data\raw\002_009_005.mp4,2,9,5,59.94,148,1920,1080
C:\Users\AB\Downloads\Sign_Recognition_Model\data\raw\002_010_001.mp4,2,10,1,59.94,148,1920,1080
C:\Users\AB\Downloads\Sign_Recognition_Model\data\raw\002_010_002.mp4,2,10,2,59.94,148,1920,1080
C:\Users\AB\Downloads\Sign_Recognition_Model\data\raw\002_010_003.mp4,2,10,3,59.94,118,1920,1080
C:\Users\AB\Downloads\Sign_Recognition_Model\data\raw\002_010_004.mp4,2,10,4,59.94,118,1920,1080
C:\Users\AB\Downloads\Sign_Recognition_Model\data\raw\002_010_005.mp4,2,10,5,59.94,88,1920,1080
C:\Users\AB\Downloads\Sign_Recognition_Model\data\raw\003_001_001.mp4,3,1,1,59.94,118,1920,1080
C:\Users\AB\Downloads\Sign_Recognition_Model\data\raw\003_001_002.mp4,3,1,2,59.94,118,1920,1080
C:\Users\AB\Downloads\Sign_Recognition_Model\data\raw\003_001_003.mp4,3,1,3,59.94,118,1920,1080
C:\Users\AB\Downloads\Sign_Recognition_Model\data\raw\003_001_004.mp4,3,1,4,59.94,118,1920,1080
C:\Users\AB\Downloads\Sign_Recognition_Model\data\raw\003_001_005.mp4,3,1,5,59.94,118,1920,1080
C:\Users\AB\Downloads\Sign_Recognition_Model\data\raw\003_002_001.mp4,3,2,1,59.94,118,1920,1080
C:\Users\AB\Downloads\Sign_Recognition_Model\data\raw\003_002_002.mp4,3,2,2,59.94,118,1920,1080
C:\Users\AB\Downloads\Sign_Recognition_Model\data\raw\003_002_003.mp4,3,2,3,59.94,118,1920,1080
C:\Users\AB\Downloads\Sign_Recognition_Model\data\raw\003_002_004.mp4,3,2,4,59.94,148,1920,1080
C:\Users\AB\Downloads\Sign_Recognition_Model\data\raw\003_002_005.mp4,3,2,5,59.94,118,1920,1080
C:\Users\AB\Downloads\Sign_Recognition_Model\data\raw\003_003_001.mp4,3,3,1,59.94,148,1920,1080
C:\Users\AB\Downloads\Sign_Recognition_Model\data\raw\003_003_002.mp4,3,3,2,59.94,118,1920,1080
C:\Users\AB\Downloads\Sign_Recognition_Model\data\raw\003_003_003.mp4,3,3,3,59.94,148,1920,1080
C:\Users\AB\Downloads\Sign_Recognition_Model\data\raw\003_003_004.mp4,3,3,4,59.94,118,1920,1080
C:\Users\AB\Downloads\Sign_Recognition_Model\data\raw\003_003_005.mp4,3,3,5,59.94,118,1920,1080
C:\Users\AB\Downloads\Sign_Recognition_Model\data\raw\003_004_001.mp4,3,4,1,59.94,148,1920,1080
C:\Users\AB\Downloads\Sign_Recognition_Model\data\raw\003_004_002.mp4,3,4,2,59.94,148,1920,1080
C:\Users\AB\Downloads\Sign_Recognition_Model\data\raw\003_004_003.mp4,3,4,3,59.94,118,1920,1080
C:\Users\AB\Downloads\Sign_Recognition_Model\data\raw\003_004_004.mp4,3,4,4,59.94,118,1920,1080
C:\Users\AB\Downloads\Sign_Recognition_Model\data\raw\003_004_005.mp4,3,4,5,59.94,118,1920,1080
C:\Users\AB\Downloads\Sign_Recognition_Model\data\raw\003_005_001.mp4,3,5,1,59.94,118,1920,1080
C:\Users\AB\Downloads\Sign_Recognition_Model\data\raw\003_005_002.mp4,3,5,2,59.94,118,1920,1080
C:\Users\AB\Downloads\Sign_Recognition_Model\data\raw\003_005_003.mp4,3,5,3,59.94,118,1920,1080
C:\Users\AB\Downloads\Sign_Recognition_Model\data\raw\003_005_004.mp4,3,5,4,59.94,118,1920,1080
C:\Users\AB\Downloads\Sign_Recognition_Model\data\raw\003_005_005.mp4,3,5,5,59.94,118,1920,1080
C:\Users\AB\Downloads\Sign_Recognition_Model\data\raw\003_006_001.mp4,3,6,1,59.94,118,1920,1080
C:\Users\AB\Downloads\Sign_Recognition_Model\data\raw\003_006_002.mp4,3,6,2,59.94,148,1920,1080
C:\Users\AB\Downloads\Sign_Recognition_Model\data\raw\003_006_003.mp4,3,6,3,59.94,148,1920,1080
C:\Users\AB\Downloads\Sign_Recognition_Model\data\raw\003_006_004.mp4,3,6,4,59.94,148,1920,1080
C:\Users\AB\Downloads\Sign_Recognition_Model\data\raw\003_006_005.mp4,3,6,5,59.94,148,1920,1080
C:\Users\AB\Downloads\Sign_Recognition_Model\data\raw\003_007_001.mp4,3,7,1,59.94,88,1920,1080
C:\Users\AB\Downloads\Sign_Recognition_Model\data\raw\003_007_002.mp4,3,7,2,59.94,88,1920,1080
C:\Users\AB\Downloads\Sign_Recognition_Model\data\raw\003_007_003.mp4,3,7,3,59.94,88,1920,1080
C:\Users\AB\Downloads\Sign_Recognition_Model\data\raw\003_007_004.mp4,3,7,4,59.94,88,1920,1080
C:\Users\AB\Downloads\Sign_Recognition_Model\data\raw\003_007_005.mp4,3,7,5,59.94,118,1920,1080
C:\Users\AB\Downloads\Sign_Recognition_Model\data\raw\003_008_001.mp4,3,8,1,59.94,118,1920,1080
C:\Users\AB\Downloads\Sign_Recognition_Model\data\raw\003_008_002.mp4,3,8,2,59.94,118,1920,1080
C:\Users\AB\Downloads\Sign_Recognition_Model\data\raw\003_008_003.mp4,3,8,3,59.94,118,1920,1080
C:\Users\AB\Downloads\Sign_Recognition_Model\data\raw\003_008_004.mp4,3,8,4,59.94,118,1920,1080
C:\Users\AB\Downloads\Sign_Recognition_Model\data\raw\003_008_005.mp4,3,8,5,59.94,118,1920,1080
C:\Users\AB\Downloads\Sign_Recognition_Model\data\raw\003_009_001.mp4,3,9,1,59.94,118,1920,1080
C:\Users\AB\Downloads\Sign_Recognition_Model\data\raw\003_009_002.mp4,3,9,2,59.94,118,1920,1080
C:\Users\AB\Downloads\Sign_Recognition_Model\data\raw\003_009_003.mp4,3,9,3,59.94,118,1920,1080
C:\Users\AB\Downloads\Sign_Recognition_Model\data\raw\003_009_004.mp4,3,9,4,59.94,118,1920,1080
C:\Users\AB\Downloads\Sign_Recognition_Model\data\raw\003_009_005.mp4,3,9,5,59.94,118,1920,1080
C:\Users\AB\Downloads\Sign_Recognition_Model\data\raw\003_010_001.mp4,3,10,1,59.94,118,1920,1080
C:\Users\AB\Downloads\Sign_Recognition_Model\data\raw\003_010_002.mp4,3,10,2,59.94,88,1920,1080
C:\Users\AB\Downloads\Sign_Recognition_Model\data\raw\003_010_003.mp4,3,10,3,59.94,88,1920,1080
C:\Users\AB\Downloads\Sign_Recognition_Model\data\raw\003_010_004.mp4,3,10,4,59.94,118,1920,1080
C:\Users\AB\Downloads\Sign_Recognition_Model\data\raw\003_010_005.mp4,3,10,5,59.94,118,1920,1080
C:\Users\AB\Downloads\Sign_Recognition_Model\data\raw\004_001_001.mp4,4,1,1,59.94,88,1920,1080
C:\Users\AB\Downloads\Sign_Recognition_Model\data\raw\004_001_002.mp4,4,1,2,59.94,88,1920,1080
C:\Users\AB\Downloads\Sign_Recognition_Model\data\raw\004_001_003.mp4,4,1,3,59.94,88,1920,1080
C:\Users\AB\Downloads\Sign_Recognition_Model\data\raw\004_001_004.mp4,4,1,4,59.94,88,1920,1080
C:\Users\AB\Downloads\Sign_Recognition_Model\data\raw\004_001_005.mp4,4,1,5,59.94,88,1920,1080
C:\Users\AB\Downloads\Sign_Recognition_Model\data\raw\004_002_001.mp4,4,2,1,59.94,148,1920,1080
C:\Users\AB\Downloads\Sign_Recognition_Model\data\raw\004_002_002.mp4,4,2,2,59.94,148,1920,1080
C:\Users\AB\Downloads\Sign_Recognition_Model\data\raw\004_002_003.mp4,4,2,3,59.94,118,1920,1080
C:\Users\AB\Downloads\Sign_Recognition_Model\data\raw\004_002_004.mp4,4,2,4,59.94,88,1920,1080
C:\Users\AB\Downloads\Sign_Recognition_Model\data\raw\004_002_005.mp4,4,2,5,59.94,88,1920,1080
C:\Users\AB\Downloads\Sign_Recognition_Model\data\raw\004_003_001.mp4,4,3,1,59.94,88,1920,1080
C:\Users\AB\Downloads\Sign_Recognition_Model\data\raw\004_003_002.mp4,4,3,2,59.94,88,1920,1080
C:\Users\AB\Downloads\Sign_Recognition_Model\data\raw\004_003_003.mp4,4,3,3,59.94,88,1920,1080
C:\Users\AB\Downloads\Sign_Recognition_Model\data\raw\004_003_004.mp4,4,3,4,59.94,88,1920,1080
C:\Users\AB\Downloads\Sign_Recognition_Model\data\raw\004_003_005.mp4,4,3,5,59.94,88,1920,1080
C:\Users\AB\Downloads\Sign_Recognition_Model\data\raw\004_004_001.mp4,4,4,1,59.94,118,1920,1080
C:\Users\AB\Downloads\Sign_Recognition_Model\data\raw\004_004_002.mp4,4,4,2,59.94,118,1920,1080
C:\Users\AB\Downloads\Sign_Recognition_Model\data\raw\004_004_003.mp4,4,4,3,59.94,118,1920,1080
C:\Users\AB\Downloads\Sign_Recognition_Model\data\raw\004_004_004.mp4,4,4,4,59.94,118,1920,1080
C:\Users\AB\Downloads\Sign_Recognition_Model\data\raw\004_004_005.mp4,4,4,5,59.94,118,1920,1080
C:\Users\AB\Downloads\Sign_Recognition_Model\data\raw\004_005_001.mp4,4,5,1,59.94,88,1920,1080
C:\Users\AB\Downloads\Sign_Recognition_Model\data\raw\004_005_002.mp4,4,5,2,59.94,118,1920,1080
C:\Users\AB\Downloads\Sign_Recognition_Model\data\raw\004_005_003.mp4,4,5,3,59.94,118,1920,1080
C:\Users\AB\Downloads\Sign_Recognition_Model\data\raw\004_005_004.mp4,4,5,4,59.94,118,1920,1080
C:\Users\AB\Downloads\Sign_Recognition_Model\data\raw\004_005_005.mp4,4,5,5,59.94,118,1920,1080
C:\Users\AB\Downloads\Sign_Recognition_Model\data\raw\004_006_001.mp4,4,6,1,59.94,118,1920,1080
C:\Users\AB\Downloads\Sign_Recognition_Model\data\raw\004_006_002.mp4,4,6,2,59.94,148,1920,1080
C:\Users\AB\Downloads\Sign_Recognition_Model\data\raw\004_006_003.mp4,4,6,3,59.94,118,1920,1080
C:\Users\AB\Downloads\Sign_Recognition_Model\data\raw\004_006_004.mp4,4,6,4,59.94,118,1920,1080
C:\Users\AB\Downloads\Sign_Recognition_Model\data\raw\004_006_005.mp4,4,6,5,59.94,118,1920,1080
C:\Users\AB\Downloads\Sign_Recognition_Model\data\raw\004_007_001.mp4,4,7,1,59.94,88,1920,1080
C:\Users\AB\Downloads\Sign_Recognition_Model\data\raw\004_007_002.mp4,4,7,2,59.94,88,1920,1080
C:\Users\AB\Downloads\Sign_Recognition_Model\data\raw\004_007_003.mp4,4,7,3,59.94,88,1920,1080
C:\Users\AB\Downloads\Sign_Recognition_Model\data\raw\004_007_004.mp4,4,7,4,59.94,118,1920,1080
C:\Users\AB\Downloads\Sign_Recognition_Model\data\raw\004_007_005.mp4,4,7,5,59.94,88,1920,1080
C:\Users\AB\Downloads\Sign_Recognition_Model\data\raw\004_008_001.mp4,4,8,1,59.94,88,1920,1080
C:\Users\AB\Downloads\Sign_Recognition_Model\data\raw\004_008_002.mp4,4,8,2,59.94,88,1920,1080
C:\Users\AB\Downloads\Sign_Recognition_Model\data\raw\004_008_003.mp4,4,8,3,59.94,88,1920,1080
C:\Users\AB\Downloads\Sign_Recognition_Model\data\raw\004_008_004.mp4,4,8,4,59.94,118,1920,1080
C:\Users\AB\Downloads\Sign_Recognition_Model\data\raw\004_008_005.mp4,4,8,5,59.94,88,1920,1080
C:\Users\AB\Downloads\Sign_Recognition_Model\data\raw\004_009_001.mp4,4,9,1,59.94,118,1920,1080
C:\Users\AB\Downloads\Sign_Recognition_Model\data\raw\004_009_002.mp4,4,9,2,59.94,88,1920,1080
C:\Users\AB\Downloads\Sign_Recognition_Model\data\raw\004_009_003.mp4,4,9,3,59.94,88,1920,1080
C:\Users\AB\Downloads\Sign_Recognition_Model\data\raw\004_009_004.mp4,4,9,4,59.94,88,1920,1080
C:\Users\AB\Downloads\Sign_Recognition_Model\data\raw\004_009_005.mp4,4,9,5,59.94,88,1920,1080
C:\Users\AB\Downloads\Sign_Recognition_Model\data\raw\004_010_001.mp4,4,10,1,59.94,88,1920,1080
C:\Users\AB\Downloads\Sign_Recognition_Model\data\raw\004_010_002.mp4,4,10,2,59.94,88,1920,1080
C:\Users\AB\Downloads\Sign_Recognition_Model\data\raw\004_010_003.mp4,4,10,3,59.94,88,1920,1080
C:\Users\AB\Downloads\Sign_Recognition_Model\data\raw\004_010_004.mp4,4,10,4,59.94,88,1920,1080
C:\Users\AB\Downloads\Sign_Recognition_Model\data\raw\004_010_005.mp4,4,10,5,59.94,88,1920,1080
C:\Users\AB\Downloads\Sign_Recognition_Model\data\raw\005_001_001.mp4,5,1,1,59.94,118,1920,1080
C:\Users\AB\Downloads\Sign_Recognition_Model\data\raw\005_001_002.mp4,5,1,2,59.94,118,1920,1080
C:\Users\AB\Downloads\Sign_Recognition_Model\data\raw\005_001_003.mp4,5,1,3,59.94,118,1920,1080
C:\Users\AB\Downloads\Sign_Recognition_Model\data\raw\005_001_004.mp4,5,1,4,59.94,118,1920,1080
C:\Users\AB\Downloads\Sign_Recognition_Model\data\raw\005_001_005.mp4,5,1,5,59.94,118,1920,1080
C:\Users\AB\Downloads\Sign_Recognition_Model\data\raw\005_002_001.mp4,5,2,1,59.94,118,1920,1080
C:\Users\AB\Downloads\Sign_Recognition_Model\data\raw\005_002_002.mp4,5,2,2,59.94,118,1920,1080
C:\Users\AB\Downloads\Sign_Recognition_Model\data\raw\005_002_003.mp4,5,2,3,59.94,118,1920,1080
C:\Users\AB\Downloads\Sign_Recognition_Model\data\raw\005_002_004.mp4,5,2,4,59.94,148,1920,1080
C:\Users\AB\Downloads\Sign_Recognition_Model\data\raw\005_002_005.mp4,5,2,5,59.94,148,1920,1080
C:\Users\AB\Downloads\Sign_Recognition_Model\data\raw\005_003_001.mp4,5,3,1,59.94,118,1920,1080
C:\Users\AB\Downloads\Sign_Recognition_Model\data\raw\005_003_002.mp4,5,3,2,59.94,148,1920,1080
C:\Users\AB\Downloads\Sign_Recognition_Model\data\raw\005_003_003.mp4,5,3,3,59.94,148,1920,1080
C:\Users\AB\Downloads\Sign_Recognition_Model\data\raw\005_003_004.mp4,5,3,4,59.94,148,1920,1080
C:\Users\AB\Downloads\Sign_Recognition_Model\data\raw\005_003_005.mp4,5,3,5,59.94,148,1920,1080
C:\Users\AB\Downloads\Sign_Recognition_Model\data\raw\005_004_001.mp4,5,4,1,59.94,148,1920,1080
C:\Users\AB\Downloads\Sign_Recognition_Model\data\raw\005_004_002.mp4,5,4,2,59.94,148,1920,1080
C:\Users\AB\Downloads\Sign_Recognition_Model\data\raw\005_004_003.mp4,5,4,3,59.94,178,1920,1080
C:\Users\AB\Downloads\Sign_Recognition_Model\data\raw\005_004_004.mp4,5,4,4,59.94,118,1920,1080
C:\Users\AB\Downloads\Sign_Recognition_Model\data\raw\005_004_005.mp4,5,4,5,59.94,148,1920,1080
C:\Users\AB\Downloads\Sign_Recognition_Model\data\raw\005_005_001.mp4,5,5,1,59.94,148,1920,1080
C:\Users\AB\Downloads\Sign_Recognition_Model\data\raw\005_005_002.mp4,5,5,2,59.94,118,1920,1080
C:\Users\AB\Downloads\Sign_Recognition_Model\data\raw\005_005_003.mp4,5,5,3,59.94,148,1920,1080
C:\Users\AB\Downloads\Sign_Recognition_Model\data\raw\005_005_004.mp4,5,5,4,59.94,148,1920,1080
C:\Users\AB\Downloads\Sign_Recognition_Model\data\raw\005_005_005.mp4,5,5,5,59.94,148,1920,1080
C:\Users\AB\Downloads\Sign_Recognition_Model\data\raw\005_006_001.mp4,5,6,1,59.94,148,1920,1080
C:\Users\AB\Downloads\Sign_Recognition_Model\data\raw\005_006_002.mp4,5,6,2,59.94,118,1920,1080
C:\Users\AB\Downloads\Sign_Recognition_Model\data\raw\005_006_003.mp4,5,6,3,59.94,148,1920,1080
C:\Users\AB\Downloads\Sign_Recognition_Model\data\raw\005_006_004.mp4,5,6,4,59.94,148,1920,1080
C:\Users\AB\Downloads\Sign_Recognition_Model\data\raw\005_006_005.mp4,5,6,5,59.94,148,1920,1080
C:\Users\AB\Downloads\Sign_Recognition_Model\data\raw\005_007_001.mp4,5,7,1,59.94,118,1920,1080
C:\Users\AB\Downloads\Sign_Recognition_Model\data\raw\005_007_002.mp4,5,7,2,59.94,88,1920,1080
C:\Users\AB\Downloads\Sign_Recognition_Model\data\raw\005_007_003.mp4,5,7,3,59.94,88,1920,1080
C:\Users\AB\Downloads\Sign_Recognition_Model\data\raw\005_007_004.mp4,5,7,4,59.94,88,1920,1080
C:\Users\AB\Downloads\Sign_Recognition_Model\data\raw\005_007_005.mp4,5,7,5,59.94,118,1920,1080
C:\Users\AB\Downloads\Sign_Recognition_Model\data\raw\005_008_001.mp4,5,8,1,59.94,148,1920,1080
C:\Users\AB\Downloads\Sign_Recognition_Model\data\raw\005_008_002.mp4,5,8,2,59.94,148,1920,1080
C:\Users\AB\Downloads\Sign_Recognition_Model\data\raw\005_008_003.mp4,5,8,3,59.94,148,1920,1080
C:\Users\AB\Downloads\Sign_Recognition_Model\data\raw\005_008_004.mp4,5,8,4,59.94,148,1920,1080
C:\Users\AB\Downloads\Sign_Recognition_Model\data\raw\005_008_005.mp4,5,8,5,59.94,118,1920,1080
C:\Users\AB\Downloads\Sign_Recognition_Model\data\raw\005_009_001.mp4,5,9,1,59.94,118,1920,1080
C:\Users\AB\Downloads\Sign_Recognition_Model\data\raw\005_009_002.mp4,5,9,2,59.94,118,1920,1080
C:\Users\AB\Downloads\Sign_Recognition_Model\data\raw\005_009_003.mp4,5,9,3,59.94,118,1920,1080
C:\Users\AB\Downloads\Sign_Recognition_Model\data\raw\005_009_004.mp4,5,9,4,59.94,118,1920,1080
C:\Users\AB\Downloads\Sign_Recognition_Model\data\raw\005_009_005.mp4,5,9,5,59.94,118,1920,1080
C:\Users\AB\Downloads\Sign_Recognition_Model\data\raw\005_010_001.mp4,5,10,1,59.94,148,1920,1080
C:\Users\AB\Downloads\Sign_Recognition_Model\data\raw\005_010_002.mp4,5,10,2,59.94,208,1920,1080
C:\Users\AB\Downloads\Sign_Recognition_Model\data\raw\005_010_003.mp4,5,10,3,59.94,148,1920,1080
C:\Users\AB\Downloads\Sign_Recognition_Model\data\raw\005_010_004.mp4,5,10,4,59.94,118,1920,1080
C:\Users\AB\Downloads\Sign_Recognition_Model\data\raw\005_010_005.mp4,5,10,5,59.94,118,1920,1080
C:\Users\AB\Downloads\Sign_Recognition_Model\data\raw\006_001_001.mp4,6,1,1,59.94,148,1920,1080
C:\Users\AB\Downloads\Sign_Recognition_Model\data\raw\006_001_002.mp4,6,1,2,59.94,148,1920,1080
C:\Users\AB\Downloads\Sign_Recognition_Model\data\raw\006_001_003.mp4,6,1,3,59.94,148,1920,1080
C:\Users\AB\Downloads\Sign_Recognition_Model\data\raw\006_001_004.mp4,6,1,4,59.94,148,1920,1080
C:\Users\AB\Downloads\Sign_Recognition_Model\data\raw\006_001_005.mp4,6,1,5,59.94,148,1920,1080
C:\Users\AB\Downloads\Sign_Recognition_Model\data\raw\006_002_001.mp4,6,2,1,59.94,148,1920,1080
C:\Users\AB\Downloads\Sign_Recognition_Model\data\raw\006_002_002.mp4,6,2,2,59.94,148,1920,1080
C:\Users\AB\Downloads\Sign_Recognition_Model\data\raw\006_002_003.mp4,6,2,3,59.94,148,1920,1080
C:\Users\AB\Downloads\Sign_Recognition_Model\data\raw\006_002_004.mp4,6,2,4,59.94,148,1920,1080
C:\Users\AB\Downloads\Sign_Recognition_Model\data\raw\006_002_005.mp4,6,2,5,59.94,148,1920,1080
C:\Users\AB\Downloads\Sign_Recognition_Model\data\raw\006_003_001.mp4,6,3,1,59.94,148,1920,1080
C:\Users\AB\Downloads\Sign_Recognition_Model\data\raw\006_003_002.mp4,6,3,2,59.94,178,1920,1080
C:\Users\AB\Downloads\Sign_Recognition_Model\data\raw\006_003_003.mp4,6,3,3,59.94,148,1920,1080
C:\Users\AB\Downloads\Sign_Recognition_Model\data\raw\006_003_004.mp4,6,3,4,59.94,88,1920,1080
C:\Users\AB\Downloads\Sign_Recognition_Model\data\raw\006_003_005.mp4,6,3,5,59.94,178,1920,1080
C:\Users\AB\Downloads\Sign_Recognition_Model\data\raw\006_004_001.mp4,6,4,1,59.94,178,1920,1080
C:\Users\AB\Downloads\Sign_Recognition_Model\data\raw\006_004_002.mp4,6,4,2,59.94,178,1920,1080
C:\Users\AB\Downloads\Sign_Recognition_Model\data\raw\006_004_003.mp4,6,4,3,59.94,178,1920,1080
C:\Users\AB\Downloads\Sign_Recognition_Model\data\raw\006_004_004.mp4,6,4,4,59.94,148,1920,1080
C:\Users\AB\Downloads\Sign_Recognition_Model\data\raw\006_004_005.mp4,6,4,5,59.94,178,1920,1080
C:\Users\AB\Downloads\Sign_Recognition_Model\data\raw\006_005_001.mp4,6,5,1,59.94,178,1920,1080
C:\Users\AB\Downloads\Sign_Recognition_Model\data\raw\006_005_002.mp4,6,5,2,59.94,178,1920,1080
C:\Users\AB\Downloads\Sign_Recognition_Model\data\raw\006_005_003.mp4,6,5,3,59.94,178,1920,1080
C:\Users\AB\Downloads\Sign_Recognition_Model\data\raw\006_005_004.mp4,6,5,4,59.94,148,1920,1080
C:\Users\AB\Downloads\Sign_Recognition_Model\data\raw\006_005_005.mp4,6,5,5,59.94,148,1920,1080
C:\Users\AB\Downloads\Sign_Recognition_Model\data\raw\006_006_001.mp4,6,6,1,59.94,148,1920,1080
C:\Users\AB\Downloads\Sign_Recognition_Model\data\raw\006_006_002.mp4,6,6,2,59.94,178,1920,1080
C:\Users\AB\Downloads\Sign_Recognition_Model\data\raw\006_006_003.mp4,6,6,3,59.94,148,1920,1080
C:\Users\AB\Downloads\Sign_Recognition_Model\data\raw\006_006_004.mp4,6,6,4,59.94,148,1920,1080
C:\Users\AB\Downloads\Sign_Recognition_Model\data\raw\006_006_005.mp4,6,6,5,59.94,178,1920,1080
C:\Users\AB\Downloads\Sign_Recognition_Model\data\raw\006_007_001.mp4,6,7,1,59.94,148,1920,1080
C:\Users\AB\Downloads\Sign_Recognition_Model\data\raw\006_007_002.mp4,6,7,2,59.94,148,1920,1080
C:\Users\AB\Downloads\Sign_Recognition_Model\data\raw\006_007_003.mp4,6,7,3,59.94,148,1920,1080
C:\Users\AB\Downloads\Sign_Recognition_Model\data\raw\006_007_004.mp4,6,7,4,59.94,148,1920,1080
C:\Users\AB\Downloads\Sign_Recognition_Model\data\raw\006_007_005.mp4,6,7,5,59.94,148,1920,1080
C:\Users\AB\Downloads\Sign_Recognition_Model\data\raw\006_008_001.mp4,6,8,1,59.94,208,1920,1080
C:\Users\AB\Downloads\Sign_Recognition_Model\data\raw\006_008_002.mp4,6,8,2,59.94,178,1920,1080
C:\Users\AB\Downloads\Sign_Recognition_Model\data\raw\006_008_003.mp4,6,8,3,59.94,148,1920,1080
C:\Users\AB\Downloads\Sign_Recognition_Model\data\raw\006_008_004.mp4,6,8,4,59.94,178,1920,1080
C:\Users\AB\Downloads\Sign_Recognition_Model\data\raw\006_008_005.mp4,6,8,5,59.94,178,1920,1080
C:\Users\AB\Downloads\Sign_Recognition_Model\data\raw\006_009_001.mp4,6,9,1,59.94,148,1920,1080
C:\Users\AB\Downloads\Sign_Recognition_Model\data\raw\006_009_002.mp4,6,9,2,59.94,148,1920,1080
C:\Users\AB\Downloads\Sign_Recognition_Model\data\raw\006_009_003.mp4,6,9,3,59.94,148,1920,1080
C:\Users\AB\Downloads\Sign_Recognition_Model\data\raw\006_009_004.mp4,6,9,4,59.94,118,1920,1080
C:\Users\AB\Downloads\Sign_Recognition_Model\data\raw\006_009_005.mp4,6,9,5,59.94,148,1920,1080
C:\Users\AB\Downloads\Sign_Recognition_Model\data\raw\006_010_001.mp4,6,10,1,59.94,148,1920,1080
C:\Users\AB\Downloads\Sign_Recognition_Model\data\raw\006_010_002.mp4,6,10,2,59.94,148,1920,1080
C:\Users\AB\Downloads\Sign_Recognition_Model\data\raw\006_010_003.mp4,6,10,3,59.94,148,1920,1080
C:\Users\AB\Downloads\Sign_Recognition_Model\data\raw\006_010_004.mp4,6,10,4,59.94,118,1920,1080
C:\Users\AB\Downloads\Sign_Recognition_Model\data\raw\006_010_005.mp4,6,10,5,59.94,118,1920,1080
C:\Users\AB\Downloads\Sign_Recognition_Model\data\raw\007_001_001.mp4,7,1,1,59.94,118,1920,1080
C:\Users\AB\Downloads\Sign_Recognition_Model\data\raw\007_001_002.mp4,7,1,2,59.94,118,1920,1080
C:\Users\AB\Downloads\Sign_Recognition_Model\data\raw\007_001_003.mp4,7,1,3,59.94,118,1920,1080
C:\Users\AB\Downloads\Sign_Recognition_Model\data\raw\007_001_004.mp4,7,1,4,59.94,118,1920,1080
C:\Users\AB\Downloads\Sign_Recognition_Model\data\raw\007_001_005.mp4,7,1,5,59.94,118,1920,1080
C:\Users\AB\Downloads\Sign_Recognition_Model\data\raw\007_002_001.mp4,7,2,1,59.94,118,1920,1080
C:\Users\AB\Downloads\Sign_Recognition_Model\data\raw\007_002_002.mp4,7,2,2,59.94,118,1920,1080
C:\Users\AB\Downloads\Sign_Recognition_Model\data\raw\007_002_003.mp4,7,2,3,59.94,118,1920,1080
C:\Users\AB\Downloads\Sign_Recognition_Model\data\raw\007_002_004.mp4,7,2,4,59.94,118,1920,1080
C:\Users\AB\Downloads\Sign_Recognition_Model\data\raw\007_002_005.mp4,7,2,5,59.94,118,1920,1080
C:\Users\AB\Downloads\Sign_Recognition_Model\data\raw\007_003_001.mp4,7,3,1,59.94,118,1920,1080
C:\Users\AB\Downloads\Sign_Recognition_Model\data\raw\007_003_002.mp4,7,3,2,59.94,88,1920,1080
C:\Users\AB\Downloads\Sign_Recognition_Model\data\raw\007_003_003.mp4,7,3,3,59.94,118,1920,1080
C:\Users\AB\Downloads\Sign_Recognition_Model\data\raw\007_003_004.mp4,7,3,4,59.94,118,1920,1080
C:\Users\AB\Downloads\Sign_Recognition_Model\data\raw\007_003_005.mp4,7,3,5,59.94,118,1920,1080
C:\Users\AB\Downloads\Sign_Recognition_Model\data\raw\007_004_001.mp4,7,4,1,59.94,118,1920,1080
C:\Users\AB\Downloads\Sign_Recognition_Model\data\raw\007_004_002.mp4,7,4,2,59.94,118,1920,1080
C:\Users\AB\Downloads\Sign_Recognition_Model\data\raw\007_004_003.mp4,7,4,3,59.94,88,1920,1080
C:\Users\AB\Downloads\Sign_Recognition_Model\data\raw\007_004_004.mp4,7,4,4,59.94,118,1920,1080
C:\Users\AB\Downloads\Sign_Recognition_Model\data\raw\007_004_005.mp4,7,4,5,59.94,118,1920,1080
C:\Users\AB\Downloads\Sign_Recognition_Model\data\raw\007_005_001.mp4,7,5,1,59.94,118,1920,1080
C:\Users\AB\Downloads\Sign_Recognition_Model\data\raw\007_005_002.mp4,7,5,2,59.94,118,1920,1080
C:\Users\AB\Downloads\Sign_Recognition_Model\data\raw\007_005_003.mp4,7,5,3,59.94,118,1920,1080
C:\Users\AB\Downloads\Sign_Recognition_Model\data\raw\007_005_004.mp4,7,5,4,59.94,118,1920,1080
C:\Users\AB\Downloads\Sign_Recognition_Model\data\raw\007_005_005.mp4,7,5,5,59.94,118,1920,1080
C:\Users\AB\Downloads\Sign_Recognition_Model\data\raw\007_006_001.mp4,7,6,1,59.94,118,1920,1080
C:\Users\AB\Downloads\Sign_Recognition_Model\data\raw\007_006_002.mp4,7,6,2,59.94,118,1920,1080
C:\Users\AB\Downloads\Sign_Recognition_Model\data\raw\007_006_003.mp4,7,6,3,59.94,118,1920,1080
C:\Users\AB\Downloads\Sign_Recognition_Model\data\raw\007_006_004.mp4,7,6,4,59.94,118,1920,1080
C:\Users\AB\Downloads\Sign_Recognition_Model\data\raw\007_006_005.mp4,7,6,5,59.94,118,1920,1080
C:\Users\AB\Downloads\Sign_Recognition_Model\data\raw\007_007_001.mp4,7,7,1,59.94,88,1920,1080
C:\Users\AB\Downloads\Sign_Recognition_Model\data\raw\007_007_002.mp4,7,7,2,59.94,88,1920,1080
C:\Users\AB\Downloads\Sign_Recognition_Model\data\raw\007_007_003.mp4,7,7,3,59.94,88,1920,1080
C:\Users\AB\Downloads\Sign_Recognition_Model\data\raw\007_007_004.mp4,7,7,4,59.94,88,1920,1080
C:\Users\AB\Downloads\Sign_Recognition_Model\data\raw\007_007_005.mp4,7,7,5,59.94,88,1920,1080
C:\Users\AB\Downloads\Sign_Recognition_Model\data\raw\007_008_001.mp4,7,8,1,59.94,148,1920,1080
C:\Users\AB\Downloads\Sign_Recognition_Model\data\raw\007_008_002.mp4,7,8,2,59.94,88,1920,1080
C:\Users\AB\Downloads\Sign_Recognition_Model\data\raw\007_008_003.mp4,7,8,3,59.94,118,1920,1080
C:\Users\AB\Downloads\Sign_Recognition_Model\data\raw\007_008_004.mp4,7,8,4,59.94,118,1920,1080
C:\Users\AB\Downloads\Sign_Recognition_Model\data\raw\007_008_005.mp4,7,8,5,59.94,118,1920,1080
C:\Users\AB\Downloads\Sign_Recognition_Model\data\raw\007_009_001.mp4,7,9,1,59.94,88,1920,1080
C:\Users\AB\Downloads\Sign_Recognition_Model\data\raw\007_009_002.mp4,7,9,2,59.94,88,1920,1080
C:\Users\AB\Downloads\Sign_Recognition_Model\data\raw\007_009_003.mp4,7,9,3,59.94,88,1920,1080
C:\Users\AB\Downloads\Sign_Recognition_Model\data\raw\007_009_004.mp4,7,9,4,59.94,88,1920,1080
C:\Users\AB\Downloads\Sign_Recognition_Model\data\raw\007_009_005.mp4,7,9,5,59.94,88,1920,1080
C:\Users\AB\Downloads\Sign_Recognition_Model\data\raw\007_010_001.mp4,7,10,1,59.94,88,1920,1080
C:\Users\AB\Downloads\Sign_Recognition_Model\data\raw\007_010_002.mp4,7,10,2,59.94,88,1920,1080
C:\Users\AB\Downloads\Sign_Recognition_Model\data\raw\007_010_003.mp4,7,10,3,59.94,118,1920,1080
C:\Users\AB\Downloads\Sign_Recognition_Model\data\raw\007_010_004.mp4,7,10,4,59.94,88,1920,1080
C:\Users\AB\Downloads\Sign_Recognition_Model\data\raw\007_010_005.mp4,7,10,5,59.94,88,1920,1080
C:\Users\AB\Downloads\Sign_Recognition_Model\data\raw\008_001_001.mp4,8,1,1,59.94,88,1920,1080
C:\Users\AB\Downloads\Sign_Recognition_Model\data\raw\008_001_002.mp4,8,1,2,59.94,88,1920,1080
C:\Users\AB\Downloads\Sign_Recognition_Model\data\raw\008_001_003.mp4,8,1,3,59.94,118,1920,1080
C:\Users\AB\Downloads\Sign_Recognition_Model\data\raw\008_001_004.mp4,8,1,4,59.94,88,1920,1080
C:\Users\AB\Downloads\Sign_Recognition_Model\data\raw\008_001_005.mp4,8,1,5,59.94,118,1920,1080
C:\Users\AB\Downloads\Sign_Recognition_Model\data\raw\008_002_001.mp4,8,2,1,59.94,148,1920,1080
C:\Users\AB\Downloads\Sign_Recognition_Model\data\raw\008_002_002.mp4,8,2,2,59.94,88,1920,1080
C:\Users\AB\Downloads\Sign_Recognition_Model\data\raw\008_002_003.mp4,8,2,3,59.94,118,1920,1080
C:\Users\AB\Downloads\Sign_Recognition_Model\data\raw\008_002_004.mp4,8,2,4,59.94,118,1920,1080
C:\Users\AB\Downloads\Sign_Recognition_Model\data\raw\008_002_005.mp4,8,2,5,59.94,118,1920,1080
C:\Users\AB\Downloads\Sign_Recognition_Model\data\raw\008_003_001.mp4,8,3,1,59.94,88,1920,1080
C:\Users\AB\Downloads\Sign_Recognition_Model\data\raw\008_003_002.mp4,8,3,2,59.94,88,1920,1080
C:\Users\AB\Downloads\Sign_Recognition_Model\data\raw\008_003_003.mp4,8,3,3,59.94,88,1920,1080
C:\Users\AB\Downloads\Sign_Recognition_Model\data\raw\008_003_004.mp4,8,3,4,59.94,118,1920,1080
C:\Users\AB\Downloads\Sign_Recognition_Model\data\raw\008_003_005.mp4,8,3,5,59.94,118,1920,1080
C:\Users\AB\Downloads\Sign_Recognition_Model\data\raw\008_004_001.mp4,8,4,1,59.94,118,1920,1080
C:\Users\AB\Downloads\Sign_Recognition_Model\data\raw\008_004_002.mp4,8,4,2,59.94,88,1920,1080
C:\Users\AB\Downloads\Sign_Recognition_Model\data\raw\008_004_003.mp4,8,4,3,59.94,88,1920,1080
C:\Users\AB\Downloads\Sign_Recognition_Model\data\raw\008_004_004.mp4,8,4,4,59.94,88,1920,1080
C:\Users\AB\Downloads\Sign_Recognition_Model\data\raw\008_004_005.mp4,8,4,5,59.94,88,1920,1080
C:\Users\AB\Downloads\Sign_Recognition_Model\data\raw\008_005_001.mp4,8,5,1,59.94,118,1920,1080
C:\Users\AB\Downloads\Sign_Recognition_Model\data\raw\008_005_002.mp4,8,5,2,59.94,118,1920,1080
C:\Users\AB\Downloads\Sign_Recognition_Model\data\raw\008_005_003.mp4,8,5,3,59.94,118,1920,1080
C:\Users\AB\Downloads\Sign_Recognition_Model\data\raw\008_005_004.mp4,8,5,4,59.94,118,1920,1080
C:\Users\AB\Downloads\Sign_Recognition_Model\data\raw\008_005_005.mp4,8,5,5,59.94,118,1920,1080
C:\Users\AB\Downloads\Sign_Recognition_Model\data\raw\008_006_001.mp4,8,6,1,59.94,88,1920,1080
C:\Users\AB\Downloads\Sign_Recognition_Model\data\raw\008_006_002.mp4,8,6,2,59.94,118,1920,1080
C:\Users\AB\Downloads\Sign_Recognition_Model\data\raw\008_006_003.mp4,8,6,3,59.94,118,1920,1080
C:\Users\AB\Downloads\Sign_Recognition_Model\data\raw\008_006_004.mp4,8,6,4,59.94,88,1920,1080
C:\Users\AB\Downloads\Sign_Recognition_Model\data\raw\008_006_005.mp4,8,6,5,59.94,118,1920,1080
C:\Users\AB\Downloads\Sign_Recognition_Model\data\raw\008_007_001.mp4,8,7,1,59.94,88,1920,1080
C:\Users\AB\Downloads\Sign_Recognition_Model\data\raw\008_007_002.mp4,8,7,2,59.94,58,1920,1080
C:\Users\AB\Downloads\Sign_Recognition_Model\data\raw\008_007_003.mp4,8,7,3,59.94,88,1920,1080
C:\Users\AB\Downloads\Sign_Recognition_Model\data\raw\008_007_004.mp4,8,7,4,59.94,88,1920,1080
C:\Users\AB\Downloads\Sign_Recognition_Model\data\raw\008_007_005.mp4,8,7,5,59.94,88,1920,1080
C:\Users\AB\Downloads\Sign_Recognition_Model\data\raw\008_008_001.mp4,8,8,1,59.94,88,1920,1080
C:\Users\AB\Downloads\Sign_Recognition_Model\data\raw\008_008_002.mp4,8,8,2,59.94,88,1920,1080
C:\Users\AB\Downloads\Sign_Recognition_Model\data\raw\008_008_003.mp4,8,8,3,59.94,88,1920,1080
C:\Users\AB\Downloads\Sign_Recognition_Model\data\raw\008_008_004.mp4,8,8,4,59.94,118,1920,1080
C:\Users\AB\Downloads\Sign_Recognition_Model\data\raw\008_008_005.mp4,8,8,5,59.94,118,1920,1080
C:\Users\AB\Downloads\Sign_Recognition_Model\data\raw\008_009_001.mp4,8,9,1,59.94,88,1920,1080
C:\Users\AB\Downloads\Sign_Recognition_Model\data\raw\008_009_002.mp4,8,9,2,59.94,88,1920,1080
C:\Users\AB\Downloads\Sign_Recognition_Model\data\raw\008_009_003.mp4,8,9,3,59.94,88,1920,1080
C:\Users\AB\Downloads\Sign_Recognition_Model\data\raw\008_009_004.mp4,8,9,4,59.94,88,1920,1080
C:\Users\AB\Downloads\Sign_Recognition_Model\data\raw\008_009_005.mp4,8,9,5,59.94,88,1920,1080
C:\Users\AB\Downloads\Sign_Recognition_Model\data\raw\008_010_001.mp4,8,10,1,59.94,88,1920,1080
C:\Users\AB\Downloads\Sign_Recognition_Model\data\raw\008_010_002.mp4,8,10,2,59.94,118,1920,1080
C:\Users\AB\Downloads\Sign_Recognition_Model\data\raw\008_010_003.mp4,8,10,3,59.94,148,1920,1080
C:\Users\AB\Downloads\Sign_Recognition_Model\data\raw\008_010_004.mp4,8,10,4,59.94,88,1920,1080
C:\Users\AB\Downloads\Sign_Recognition_Model\data\raw\008_010_005.mp4,8,10,5,59.94,118,1920,1080
C:\Users\AB\Downloads\Sign_Recognition_Model\data\raw\009_001_001.mp4,9,1,1,59.94,118,1920,1080
C:\Users\AB\Downloads\Sign_Recognition_Model\data\raw\009_001_002.mp4,9,1,2,59.94,118,1920,1080
C:\Users\AB\Downloads\Sign_Recognition_Model\data\raw\009_001_003.mp4,9,1,3,59.94,118,1920,1080
C:\Users\AB\Downloads\Sign_Recognition_Model\data\raw\009_001_004.mp4,9,1,4,59.94,118,1920,1080
C:\Users\AB\Downloads\Sign_Recognition_Model\data\raw\009_001_005.mp4,9,1,5,59.94,88,1920,1080
C:\Users\AB\Downloads\Sign_Recognition_Model\data\raw\009_002_001.mp4,9,2,1,59.94,148,1920,1080
C:\Users\AB\Downloads\Sign_Recognition_Model\data\raw\009_002_002.mp4,9,2,2,59.94,118,1920,1080
C:\Users\AB\Downloads\Sign_Recognition_Model\data\raw\009_002_003.mp4,9,2,3,59.94,118,1920,1080
C:\Users\AB\Downloads\Sign_Recognition_Model\data\raw\009_002_004.mp4,9,2,4,59.94,148,1920,1080
C:\Users\AB\Downloads\Sign_Recognition_Model\data\raw\009_002_005.mp4,9,2,5,59.94,148,1920,1080
C:\Users\AB\Downloads\Sign_Recognition_Model\data\raw\009_003_001.mp4,9,3,1,59.94,118,1920,1080
C:\Users\AB\Downloads\Sign_Recognition_Model\data\raw\009_003_002.mp4,9,3,2,59.94,118,1920,1080
C:\Users\AB\Downloads\Sign_Recognition_Model\data\raw\009_003_003.mp4,9,3,3,59.94,178,1920,1080
C:\Users\AB\Downloads\Sign_Recognition_Model\data\raw\009_003_004.mp4,9,3,4,59.94,118,1920,1080
C:\Users\AB\Downloads\Sign_Recognition_Model\data\raw\009_003_005.mp4,9,3,5,59.94,118,1920,1080
C:\Users\AB\Downloads\Sign_Recognition_Model\data\raw\009_004_001.mp4,9,4,1,59.94,118,1920,1080
C:\Users\AB\Downloads\Sign_Recognition_Model\data\raw\009_004_002.mp4,9,4,2,59.94,118,1920,1080
C:\Users\AB\Downloads\Sign_Recognition_Model\data\raw\009_004_003.mp4,9,4,3,59.94,118,1920,1080
C:\Users\AB\Downloads\Sign_Recognition_Model\data\raw\009_004_004.mp4,9,4,4,59.94,118,1920,1080
C:\Users\AB\Downloads\Sign_Recognition_Model\data\raw\009_004_005.mp4,9,4,5,59.94,118,1920,1080
C:\Users\AB\Downloads\Sign_Recognition_Model\data\raw\009_005_001.mp4,9,5,1,59.94,148,1920,1080
C:\Users\AB\Downloads\Sign_Recognition_Model\data\raw\009_005_002.mp4,9,5,2,59.94,148,1920,1080
C:\Users\AB\Downloads\Sign_Recognition_Model\data\raw\009_005_003.mp4,9,5,3,59.94,148,1920,1080
C:\Users\AB\Downloads\Sign_Recognition_Model\data\raw\009_005_004.mp4,9,5,4,59.94,148,1920,1080
C:\Users\AB\Downloads\Sign_Recognition_Model\data\raw\009_005_005.mp4,9,5,5,59.94,148,1920,1080
C:\Users\AB\Downloads\Sign_Recognition_Model\data\raw\009_006_001.mp4,9,6,1,59.94,118,1920,1080
C:\Users\AB\Downloads\Sign_Recognition_Model\data\raw\009_006_002.mp4,9,6,2,59.94,118,1920,1080
C:\Users\AB\Downloads\Sign_Recognition_Model\data\raw\009_006_003.mp4,9,6,3,59.94,118,1920,1080
C:\Users\AB\Downloads\Sign_Recognition_Model\data\raw\009_006_004.mp4,9,6,4,59.94,118,1920,1080
C:\Users\AB\Downloads\Sign_Recognition_Model\data\raw\009_006_005.mp4,9,6,5,59.94,148,1920,1080
C:\Users\AB\Downloads\Sign_Recognition_Model\data\raw\009_007_001.mp4,9,7,1,59.94,118,1920,1080
C:\Users\AB\Downloads\Sign_Recognition_Model\data\raw\009_007_002.mp4,9,7,2,59.94,118,1920,1080
C:\Users\AB\Downloads\Sign_Recognition_Model\data\raw\009_007_003.mp4,9,7,3,59.94,118,1920,1080
C:\Users\AB\Downloads\Sign_Recognition_Model\data\raw\009_007_004.mp4,9,7,4,59.94,118,1920,1080
C:\Users\AB\Downloads\Sign_Recognition_Model\data\raw\009_007_005.mp4,9,7,5,59.94,118,1920,1080
C:\Users\AB\Downloads\Sign_Recognition_Model\data\raw\009_008_001.mp4,9,8,1,59.94,118,1920,1080
C:\Users\AB\Downloads\Sign_Recognition_Model\data\raw\009_008_002.mp4,9,8,2,59.94,118,1920,1080
C:\Users\AB\Downloads\Sign_Recognition_Model\data\raw\009_008_003.mp4,9,8,3,59.94,118,1920,1080
C:\Users\AB\Downloads\Sign_Recognition_Model\data\raw\009_008_004.mp4,9,8,4,59.94,118,1920,1080
C:\Users\AB\Downloads\Sign_Recognition_Model\data\raw\009_008_005.mp4,9,8,5,59.94,118,1920,1080
C:\Users\AB\Downloads\Sign_Recognition_Model\data\raw\009_009_001.mp4,9,9,1,59.94,178,1920,1080
C:\Users\AB\Downloads\Sign_Recognition_Model\data\raw\009_009_002.mp4,9,9,2,59.94,118,1920,1080
C:\Users\AB\Downloads\Sign_Recognition_Model\data\raw\009_009_003.mp4,9,9,3,59.94,118,1920,1080
C:\Users\AB\Downloads\Sign_Recognition_Model\data\raw\009_009_004.mp4,9,9,4,59.94,118,1920,1080
C:\Users\AB\Downloads\Sign_Recognition_Model\data\raw\009_009_005.mp4,9,9,5,59.94,88,1920,1080
C:\Users\AB\Downloads\Sign_Recognition_Model\data\raw\009_010_001.mp4,9,10,1,59.94,118,1920,1080
C:\Users\AB\Downloads\Sign_Recognition_Model\data\raw\009_010_002.mp4,9,10,2,59.94,118,1920,1080
C:\Users\AB\Downloads\Sign_Recognition_Model\data\raw\009_010_003.mp4,9,10,3,59.94,118,1920,1080
C:\Users\AB\Downloads\Sign_Recognition_Model\data\raw\009_010_004.mp4,9,10,4,59.94,118,1920,1080
C:\Users\AB\Downloads\Sign_Recognition_Model\data\raw\009_010_005.mp4,9,10,5,59.94,118,1920,1080
C:\Users\AB\Downloads\Sign_Recognition_Model\data\raw\010_001_001.mp4,10,1,1,59.94,118,1920,1080
C:\Users\AB\Downloads\Sign_Recognition_Model\data\raw\010_001_002.mp4,10,1,2,59.94,118,1920,1080
C:\Users\AB\Downloads\Sign_Recognition_Model\data\raw\010_001_003.mp4,10,1,3,59.94,88,1920,1080
C:\Users\AB\Downloads\Sign_Recognition_Model\data\raw\010_001_004.mp4,10,1,4,59.94,88,1920,1080
C:\Users\AB\Downloads\Sign_Recognition_Model\data\raw\010_001_005.mp4,10,1,5,59.94,88,1920,1080
C:\Users\AB\Downloads\Sign_Recognition_Model\data\raw\010_002_001.mp4,10,2,1,59.94,88,1920,1080
C:\Users\AB\Downloads\Sign_Recognition_Model\data\raw\010_002_002.mp4,10,2,2,59.94,88,1920,1080
C:\Users\AB\Downloads\Sign_Recognition_Model\data\raw\010_002_003.mp4,10,2,3,59.94,118,1920,1080
C:\Users\AB\Downloads\Sign_Recognition_Model\data\raw\010_002_004.mp4,10,2,4,59.94,118,1920,1080
C:\Users\AB\Downloads\Sign_Recognition_Model\data\raw\010_002_005.mp4,10,2,5,59.94,118,1920,1080
C:\Users\AB\Downloads\Sign_Recognition_Model\data\raw\010_003_001.mp4,10,3,1,59.94,118,1920,1080
C:\Users\AB\Downloads\Sign_Recognition_Model\data\raw\010_003_002.mp4,10,3,2,59.94,88,1920,1080
C:\Users\AB\Downloads\Sign_Recognition_Model\data\raw\010_003_003.mp4,10,3,3,59.94,118,1920,1080
C:\Users\AB\Downloads\Sign_Recognition_Model\data\raw\010_003_004.mp4,10,3,4,59.94,88,1920,1080
C:\Users\AB\Downloads\Sign_Recognition_Model\data\raw\010_003_005.mp4,10,3,5,59.94,118,1920,1080
C:\Users\AB\Downloads\Sign_Recognition_Model\data\raw\010_004_001.mp4,10,4,1,59.94,88,1920,1080
C:\Users\AB\Downloads\Sign_Recognition_Model\data\raw\010_004_002.mp4,10,4,2,59.94,118,1920,1080
C:\Users\AB\Downloads\Sign_Recognition_Model\data\raw\010_004_003.mp4,10,4,3,59.94,118,1920,1080
C:\Users\AB\Downloads\Sign_Recognition_Model\data\raw\010_004_004.mp4,10,4,4,59.94,88,1920,1080
C:\Users\AB\Downloads\Sign_Recognition_Model\data\raw\010_004_005.mp4,10,4,5,59.94,88,1920,1080
C:\Users\AB\Downloads\Sign_Recognition_Model\data\raw\010_005_001.mp4,10,5,1,59.94,88,1920,1080
C:\Users\AB\Downloads\Sign_Recognition_Model\data\raw\010_005_002.mp4,10,5,2,59.94,118,1920,1080
C:\Users\AB\Downloads\Sign_Recognition_Model\data\raw\010_005_003.mp4,10,5,3,59.94,118,1920,1080
C:\Users\AB\Downloads\Sign_Recognition_Model\data\raw\010_005_004.mp4,10,5,4,59.94,118,1920,1080
C:\Users\AB\Downloads\Sign_Recognition_Model\data\raw\010_005_005.mp4,10,5,5,59.94,118,1920,1080
C:\Users\AB\Downloads\Sign_Recognition_Model\data\raw\010_006_001.mp4,10,6,1,59.94,88,1920,1080
C:\Users\AB\Downloads\Sign_Recognition_Model\data\raw\010_006_002.mp4,10,6,2,59.94,88,1920,1080
C:\Users\AB\Downloads\Sign_Recognition_Model\data\raw\010_006_003.mp4,10,6,3,59.94,88,1920,1080
C:\Users\AB\Downloads\Sign_Recognition_Model\data\raw\010_006_004.mp4,10,6,4,59.94,118,1920,1080
C:\Users\AB\Downloads\Sign_Recognition_Model\data\raw\010_006_005.mp4,10,6,5,59.94,88,1920,1080
C:\Users\AB\Downloads\Sign_Recognition_Model\data\raw\010_007_001.mp4,10,7,1,59.94,88,1920,1080
C:\Users\AB\Downloads\Sign_Recognition_Model\data\raw\010_007_002.mp4,10,7,2,59.94,88,1920,1080
C:\Users\AB\Downloads\Sign_Recognition_Model\data\raw\010_007_003.mp4,10,7,3,59.94,88,1920,1080
C:\Users\AB\Downloads\Sign_Recognition_Model\data\raw\010_007_004.mp4,10,7,4,59.94,88,1920,1080
C:\Users\AB\Downloads\Sign_Recognition_Model\data\raw\010_007_005.mp4,10,7,5,59.94,88,1920,1080
C:\Users\AB\Downloads\Sign_Recognition_Model\data\raw\010_008_001.mp4,10,8,1,59.94,118,1920,1080
C:\Users\AB\Downloads\Sign_Recognition_Model\data\raw\010_008_002.mp4,10,8,2,59.94,88,1920,1080
C:\Users\AB\Downloads\Sign_Recognition_Model\data\raw\010_008_003.mp4,10,8,3,59.94,88,1920,1080
C:\Users\AB\Downloads\Sign_Recognition_Model\data\raw\010_008_004.mp4,10,8,4,59.94,88,1920,1080
C:\Users\AB\Downloads\Sign_Recognition_Model\data\raw\010_008_005.mp4,10,8,5,59.94,88,1920,1080
C:\Users\AB\Downloads\Sign_Recognition_Model\data\raw\010_009_001.mp4,10,9,1,59.94,118,1920,1080
C:\Users\AB\Downloads\Sign_Recognition_Model\data\raw\010_009_002.mp4,10,9,2,59.94,88,1920,1080
C:\Users\AB\Downloads\Sign_Recognition_Model\data\raw\010_009_003.mp4,10,9,3,59.94,88,1920,1080
C:\Users\AB\Downloads\Sign_Recognition_Model\data\raw\010_009_004.mp4,10,9,4,59.94,88,1920,1080
C:\Users\AB\Downloads\Sign_Recognition_Model\data\raw\010_009_005.mp4,10,9,5,59.94,88,1920,1080
C:\Users\AB\Downloads\Sign_Recognition_Model\data\raw\010_010_001.mp4,10,10,1,59.94,88,1920,1080
C:\Users\AB\Downloads\Sign_Recognition_Model\data\raw\010_010_002.mp4,10,10,2,59.94,88,1920,1080
C:\Users\AB\Downloads\Sign_Recognition_Model\data\raw\010_010_003.mp4,10,10,3,59.94,88,1920,1080
C:\Users\AB\Downloads\Sign_Recognition_Model\data\raw\010_010_004.mp4,10,10,4,59.94,88,1920,1080
C:\Users\AB\Downloads\Sign_Recognition_Model\data\raw\010_010_005.mp4,10,10,5,59.94,118,1920,1080
C:\Users\AB\Downloads\Sign_Recognition_Model\data\raw\011_001_001.mp4,11,1,1,59.94,118,1920,1080
C:\Users\AB\Downloads\Sign_Recognition_Model\data\raw\011_001_002.mp4,11,1,2,59.94,118,1920,1080
C:\Users\AB\Downloads\Sign_Recognition_Model\data\raw\011_001_003.mp4,11,1,3,59.94,118,1920,1080
C:\Users\AB\Downloads\Sign_Recognition_Model\data\raw\011_001_004.mp4,11,1,4,59.94,88,1920,1080
C:\Users\AB\Downloads\Sign_Recognition_Model\data\raw\011_001_005.mp4,11,1,5,59.94,178,1920,1080
C:\Users\AB\Downloads\Sign_Recognition_Model\data\raw\011_002_001.mp4,11,2,1,59.94,118,1920,1080
C:\Users\AB\Downloads\Sign_Recognition_Model\data\raw\011_002_002.mp4,11,2,2,59.94,118,1920,1080
C:\Users\AB\Downloads\Sign_Recognition_Model\data\raw\011_002_003.mp4,11,2,3,59.94,88,1920,1080
C:\Users\AB\Downloads\Sign_Recognition_Model\data\raw\011_002_004.mp4,11,2,4,59.94,118,1920,1080
C:\Users\AB\Downloads\Sign_Recognition_Model\data\raw\011_002_005.mp4,11,2,5,59.94,118,1920,1080
C:\Users\AB\Downloads\Sign_Recognition_Model\data\raw\011_003_001.mp4,11,3,1,59.94,118,1920,1080
C:\Users\AB\Downloads\Sign_Recognition_Model\data\raw\011_003_002.mp4,11,3,2,59.94,118,1920,1080
C:\Users\AB\Downloads\Sign_Recognition_Model\data\raw\011_003_003.mp4,11,3,3,59.94,118,1920,1080
C:\Users\AB\Downloads\Sign_Recognition_Model\data\raw\011_003_004.mp4,11,3,4,59.94,118,1920,1080
C:\Users\AB\Downloads\Sign_Recognition_Model\data\raw\011_003_005.mp4,11,3,5,59.94,118,1920,1080
C:\Users\AB\Downloads\Sign_Recognition_Model\data\raw\011_004_001.mp4,11,4,1,59.94,88,1920,1080
C:\Users\AB\Downloads\Sign_Recognition_Model\data\raw\011_004_002.mp4,11,4,2,59.94,118,1920,1080
C:\Users\AB\Downloads\Sign_Recognition_Model\data\raw\011_004_003.mp4,11,4,3,59.94,118,1920,1080
C:\Users\AB\Downloads\Sign_Recognition_Model\data\raw\011_004_004.mp4,11,4,4,59.94,118,1920,1080
C:\Users\AB\Downloads\Sign_Recognition_Model\data\raw\011_004_005.mp4,11,4,5,59.94,118,1920,1080
C:\Users\AB\Downloads\Sign_Recognition_Model\data\raw\011_005_001.mp4,11,5,1,59.94,88,1920,1080
C:\Users\AB\Downloads\Sign_Recognition_Model\data\raw\011_005_002.mp4,11,5,2,59.94,88,1920,1080
C:\Users\AB\Downloads\Sign_Recognition_Model\data\raw\011_005_003.mp4,11,5,3,59.94,118,1920,1080
C:\Users\AB\Downloads\Sign_Recognition_Model\data\raw\011_005_004.mp4,11,5,4,59.94,118,1920,1080
C:\Users\AB\Downloads\Sign_Recognition_Model\data\raw\011_005_005.mp4,11,5,5,59.94,118,1920,1080
C:\Users\AB\Downloads\Sign_Recognition_Model\data\raw\011_006_001.mp4,11,6,1,59.94,118,1920,1080
C:\Users\AB\Downloads\Sign_Recognition_Model\data\raw\011_006_002.mp4,11,6,2,59.94,88,1920,1080
C:\Users\AB\Downloads\Sign_Recognition_Model\data\raw\011_006_003.mp4,11,6,3,59.94,118,1920,1080
C:\Users\AB\Downloads\Sign_Recognition_Model\data\raw\011_006_004.mp4,11,6,4,59.94,88,1920,1080
C:\Users\AB\Downloads\Sign_Recognition_Model\data\raw\011_006_005.mp4,11,6,5,59.94,88,1920,1080
C:\Users\AB\Downloads\Sign_Recognition_Model\data\raw\011_007_001.mp4,11,7,1,59.94,118,1920,1080
C:\Users\AB\Downloads\Sign_Recognition_Model\data\raw\011_007_002.mp4,11,7,2,59.94,88,1920,1080
C:\Users\AB\Downloads\Sign_Recognition_Model\data\raw\011_007_003.mp4,11,7,3,59.94,118,1920,1080
C:\Users\AB\Downloads\Sign_Recognition_Model\data\raw\011_007_004.mp4,11,7,4,59.94,88,1920,1080
C:\Users\AB\Downloads\Sign_Recognition_Model\data\raw\011_007_005.mp4,11,7,5,59.94,88,1920,1080
C:\Users\AB\Downloads\Sign_Recognition_Model\data\raw\011_008_001.mp4,11,8,1,59.94,88,1920,1080
C:\Users\AB\Downloads\Sign_Recognition_Model\data\raw\011_008_002.mp4,11,8,2,59.94,88,1920,1080
C:\Users\AB\Downloads\Sign_Recognition_Model\data\raw\011_008_003.mp4,11,8,3,59.94,88,1920,1080
C:\Users\AB\Downloads\Sign_Recognition_Model\data\raw\011_008_004.mp4,11,8,4,59.94,88,1920,1080
C:\Users\AB\Downloads\Sign_Recognition_Model\data\raw\011_008_005.mp4,11,8,5,59.94,88,1920,1080
C:\Users\AB\Downloads\Sign_Recognition_Model\data\raw\011_009_001.mp4,11,9,1,59.94,88,1920,1080
C:\Users\AB\Downloads\Sign_Recognition_Model\data\raw\011_009_002.mp4,11,9,2,59.94,88,1920,1080
C:\Users\AB\Downloads\Sign_Recognition_Model\data\raw\011_009_003.mp4,11,9,3,59.94,88,1920,1080
C:\Users\AB\Downloads\Sign_Recognition_Model\data\raw\011_009_004.mp4,11,9,4,59.94,88,1920,1080
C:\Users\AB\Downloads\Sign_Recognition_Model\data\raw\011_009_005.mp4,11,9,5,59.94,88,1920,1080
C:\Users\AB\Downloads\Sign_Recognition_Model\data\raw\011_010_001.mp4,11,10,1,59.94,118,1920,1080
C:\Users\AB\Downloads\Sign_Recognition_Model\data\raw\011_010_002.mp4,11,10,2,59.94,88,1920,1080
C:\Users\AB\Downloads\Sign_Recognition_Model\data\raw\011_010_003.mp4,11,10,3,59.94,58,1920,1080
C:\Users\AB\Downloads\Sign_Recognition_Model\data\raw\011_010_004.mp4,11,10,4,59.94,88,1920,1080
C:\Users\AB\Downloads\Sign_Recognition_Model\data\raw\011_010_005.mp4,11,10,5,59.94,88,1920,1080
C:\Users\AB\Downloads\Sign_Recognition_Model\data\raw\012_001_001.mp4,12,1,1,59.94,88,1920,1080
C:\Users\AB\Downloads\Sign_Recognition_Model\data\raw\012_001_002.mp4,12,1,2,59.94,118,1920,1080
C:\Users\AB\Downloads\Sign_Recognition_Model\data\raw\012_001_003.mp4,12,1,3,59.94,118,1920,1080
C:\Users\AB\Downloads\Sign_Recognition_Model\data\raw\012_001_004.mp4,12,1,4,59.94,118,1920,1080
C:\Users\AB\Downloads\Sign_Recognition_Model\data\raw\012_001_005.mp4,12,1,5,59.94,148,1920,1080
C:\Users\AB\Downloads\Sign_Recognition_Model\data\raw\012_002_001.mp4,12,2,1,59.94,118,1920,1080
C:\Users\AB\Downloads\Sign_Recognition_Model\data\raw\012_002_002.mp4,12,2,2,59.94,118,1920,1080
C:\Users\AB\Downloads\Sign_Recognition_Model\data\raw\012_002_003.mp4,12,2,3,59.94,118,1920,1080
C:\Users\AB\Downloads\Sign_Recognition_Model\data\raw\012_002_004.mp4,12,2,4,59.94,148,1920,1080
C:\Users\AB\Downloads\Sign_Recognition_Model\data\raw\012_002_005.mp4,12,2,5,59.94,118,1920,1080
C:\Users\AB\Downloads\Sign_Recognition_Model\data\raw\012_003_001.mp4,12,3,1,59.94,118,1920,1080
C:\Users\AB\Downloads\Sign_Recognition_Model\data\raw\012_003_002.mp4,12,3,2,59.94,118,1920,1080
C:\Users\AB\Downloads\Sign_Recognition_Model\data\raw\012_003_003.mp4,12,3,3,59.94,118,1920,1080
C:\Users\AB\Downloads\Sign_Recognition_Model\data\raw\012_003_004.mp4,12,3,4,59.94,118,1920,1080
C:\Users\AB\Downloads\Sign_Recognition_Model\data\raw\012_003_005.mp4,12,3,5,59.94,148,1920,1080
C:\Users\AB\Downloads\Sign_Recognition_Model\data\raw\012_004_001.mp4,12,4,1,59.94,148,1920,1080
C:\Users\AB\Downloads\Sign_Recognition_Model\data\raw\012_004_002.mp4,12,4,2,59.94,148,1920,1080
C:\Users\AB\Downloads\Sign_Recognition_Model\data\raw\012_004_003.mp4,12,4,3,59.94,148,1920,1080
C:\Users\AB\Downloads\Sign_Recognition_Model\data\raw\012_004_004.mp4,12,4,4,59.94,148,1920,1080
C:\Users\AB\Downloads\Sign_Recognition_Model\data\raw\012_004_005.mp4,12,4,5,59.94,148,1920,1080
C:\Users\AB\Downloads\Sign_Recognition_Model\data\raw\012_005_001.mp4,12,5,1,59.94,118,1920,1080
C:\Users\AB\Downloads\Sign_Recognition_Model\data\raw\012_005_002.mp4,12,5,2,59.94,148,1920,1080
C:\Users\AB\Downloads\Sign_Recognition_Model\data\raw\012_005_003.mp4,12,5,3,59.94,148,1920,1080
C:\Users\AB\Downloads\Sign_Recognition_Model\data\raw\012_005_004.mp4,12,5,4,59.94,118,1920,1080
C:\Users\AB\Downloads\Sign_Recognition_Model\data\raw\012_005_005.mp4,12,5,5,59.94,118,1920,1080
C:\Users\AB\Downloads\Sign_Recognition_Model\data\raw\012_006_001.mp4,12,6,1,59.94,148,1920,1080
C:\Users\AB\Downloads\Sign_Recognition_Model\data\raw\012_006_002.mp4,12,6,2,59.94,148,1920,1080
C:\Users\AB\Downloads\Sign_Recognition_Model\data\raw\012_006_003.mp4,12,6,3,59.94,148,1920,1080
C:\Users\AB\Downloads\Sign_Recognition_Model\data\raw\012_006_004.mp4,12,6,4,59.94,148,1920,1080
C:\Users\AB\Downloads\Sign_Recognition_Model\data\raw\012_006_005.mp4,12,6,5,59.94,148,1920,1080
C:\Users\AB\Downloads\Sign_Recognition_Model\data\raw\012_007_001.mp4,12,7,1,59.94,118,1920,1080
C:\Users\AB\Downloads\Sign_Recognition_Model\data\raw\012_007_002.mp4,12,7,2,59.94,88,1920,1080
C:\Users\AB\Downloads\Sign_Recognition_Model\data\raw\012_007_003.mp4,12,7,3,59.94,88,1920,1080
C:\Users\AB\Downloads\Sign_Recognition_Model\data\raw\012_007_004.mp4,12,7,4,59.94,148,1920,1080
C:\Users\AB\Downloads\Sign_Recognition_Model\data\raw\012_007_005.mp4,12,7,5,59.94,88,1920,1080
C:\Users\AB\Downloads\Sign_Recognition_Model\data\raw\012_008_001.mp4,12,8,1,59.94,118,1920,1080
C:\Users\AB\Downloads\Sign_Recognition_Model\data\raw\012_008_002.mp4,12,8,2,59.94,148,1920,1080
C:\Users\AB\Downloads\Sign_Recognition_Model\data\raw\012_008_003.mp4,12,8,3,59.94,148,1920,1080
C:\Users\AB\Downloads\Sign_Recognition_Model\data\raw\012_008_004.mp4,12,8,4,59.94,148,1920,1080
C:\Users\AB\Downloads\Sign_Recognition_Model\data\raw\012_008_005.mp4,12,8,5,59.94,118,1920,1080
C:\Users\AB\Downloads\Sign_Recognition_Model\data\raw\012_009_001.mp4,12,9,1,59.94,118,1920,1080
C:\Users\AB\Downloads\Sign_Recognition_Model\data\raw\012_009_002.mp4,12,9,2,59.94,118,1920,1080
C:\Users\AB\Downloads\Sign_Recognition_Model\data\raw\012_009_003.mp4,12,9,3,59.94,118,1920,1080
C:\Users\AB\Downloads\Sign_Recognition_Model\data\raw\012_009_004.mp4,12,9,4,59.94,118,1920,1080
C:\Users\AB\Downloads\Sign_Recognition_Model\data\raw\012_009_005.mp4,12,9,5,59.94,148,1920,1080
C:\Users\AB\Downloads\Sign_Recognition_Model\data\raw\012_010_001.mp4,12,10,1,59.94,118,1920,1080
C:\Users\AB\Downloads\Sign_Recognition_Model\data\raw\012_010_002.mp4,12,10,2,59.94,118,1920,1080
C:\Users\AB\Downloads\Sign_Recognition_Model\data\raw\012_010_003.mp4,12,10,3,59.94,118,1920,1080
C:\Users\AB\Downloads\Sign_Recognition_Model\data\raw\012_010_004.mp4,12,10,4,59.94,118,1920,1080
C:\Users\AB\Downloads\Sign_Recognition_Model\data\raw\012_010_005.mp4,12,10,5,59.94,118,1920,1080
C:\Users\AB\Downloads\Sign_Recognition_Model\data\raw\013_001_001.mp4,13,1,1,59.94,148,1920,1080
C:\Users\AB\Downloads\Sign_Recognition_Model\data\raw\013_001_002.mp4,13,1,2,59.94,148,1920,1080
C:\Users\AB\Downloads\Sign_Recognition_Model\data\raw\013_001_003.mp4,13,1,3,59.94,148,1920,1080
C:\Users\AB\Downloads\Sign_Recognition_Model\data\raw\013_001_004.mp4,13,1,4,59.94,118,1920,1080
C:\Users\AB\Downloads\Sign_Recognition_Model\data\raw\013_001_005.mp4,13,1,5,59.94,118,1920,1080
C:\Users\AB\Downloads\Sign_Recognition_Model\data\raw\013_002_001.mp4,13,2,1,59.94,88,1920,1080
C:\Users\AB\Downloads\Sign_Recognition_Model\data\raw\013_002_002.mp4,13,2,2,59.94,118,1920,1080
C:\Users\AB\Downloads\Sign_Recognition_Model\data\raw\013_002_003.mp4,13,2,3,59.94,118,1920,1080
C:\Users\AB\Downloads\Sign_Recognition_Model\data\raw\013_002_004.mp4,13,2,4,59.94,118,1920,1080
C:\Users\AB\Downloads\Sign_Recognition_Model\data\raw\013_002_005.mp4,13,2,5,59.94,118,1920,1080
C:\Users\AB\Downloads\Sign_Recognition_Model\data\raw\013_003_001.mp4,13,3,1,59.94,118,1920,1080
C:\Users\AB\Downloads\Sign_Recognition_Model\data\raw\013_003_002.mp4,13,3,2,59.94,118,1920,1080
C:\Users\AB\Downloads\Sign_Recognition_Model\data\raw\013_003_003.mp4,13,3,3,59.94,118,1920,1080
C:\Users\AB\Downloads\Sign_Recognition_Model\data\raw\013_003_004.mp4,13,3,4,59.94,118,1920,1080
C:\Users\AB\Downloads\Sign_Recognition_Model\data\raw\013_003_005.mp4,13,3,5,59.94,118,1920,1080
C:\Users\AB\Downloads\Sign_Recognition_Model\data\raw\013_004_001.mp4,13,4,1,59.94,148,1920,1080
C:\Users\AB\Downloads\Sign_Recognition_Model\data\raw\013_004_002.mp4,13,4,2,59.94,148,1920,1080
C:\Users\AB\Downloads\Sign_Recognition_Model\data\raw\013_004_003.mp4,13,4,3,59.94,118,1920,1080
C:\Users\AB\Downloads\Sign_Recognition_Model\data\raw\013_004_004.mp4,13,4,4,59.94,118,1920,1080
C:\Users\AB\Downloads\Sign_Recognition_Model\data\raw\013_004_005.mp4,13,4,5,59.94,118,1920,1080
C:\Users\AB\Downloads\Sign_Recognition_Model\data\raw\013_005_001.mp4,13,5,1,59.94,118,1920,1080
C:\Users\AB\Downloads\Sign_Recognition_Model\data\raw\013_005_002.mp4,13,5,2,59.94,118,1920,1080
C:\Users\AB\Downloads\Sign_Recognition_Model\data\raw\013_005_003.mp4,13,5,3,59.94,148,1920,1080
C:\Users\AB\Downloads\Sign_Recognition_Model\data\raw\013_005_004.mp4,13,5,4,59.94,118,1920,1080
C:\Users\AB\Downloads\Sign_Recognition_Model\data\raw\013_005_005.mp4,13,5,5,59.94,118,1920,1080
C:\Users\AB\Downloads\Sign_Recognition_Model\data\raw\013_006_001.mp4,13,6,1,59.94,118,1920,1080
C:\Users\AB\Downloads\Sign_Recognition_Model\data\raw\013_006_002.mp4,13,6,2,59.94,118,1920,1080
C:\Users\AB\Downloads\Sign_Recognition_Model\data\raw\013_006_003.mp4,13,6,3,59.94,88,1920,1080
C:\Users\AB\Downloads\Sign_Recognition_Model\data\raw\013_006_004.mp4,13,6,4,59.94,148,1920,1080
C:\Users\AB\Downloads\Sign_Recognition_Model\data\raw\013_006_005.mp4,13,6,5,59.94,118,1920,1080
C:\Users\AB\Downloads\Sign_Recognition_Model\data\raw\013_007_001.mp4,13,7,1,59.94,88,1920,1080
C:\Users\AB\Downloads\Sign_Recognition_Model\data\raw\013_007_002.mp4,13,7,2,59.94,88,1920,1080
C:\Users\AB\Downloads\Sign_Recognition_Model\data\raw\013_007_003.mp4,13,7,3,59.94,88,1920,1080
C:\Users\AB\Downloads\Sign_Recognition_Model\data\raw\013_007_004.mp4,13,7,4,59.94,88,1920,1080
C:\Users\AB\Downloads\Sign_Recognition_Model\data\raw\013_007_005.mp4,13,7,5,59.94,118,1920,1080
C:\Users\AB\Downloads\Sign_Recognition_Model\data\raw\013_008_001.mp4,13,8,1,59.94,88,1920,1080
C:\Users\AB\Downloads\Sign_Recognition_Model\data\raw\013_008_002.mp4,13,8,2,59.94,88,1920,1080
C:\Users\AB\Downloads\Sign_Recognition_Model\data\raw\013_008_003.mp4,13,8,3,59.94,88,1920,1080
C:\Users\AB\Downloads\Sign_Recognition_Model\data\raw\013_008_004.mp4,13,8,4,59.94,88,1920,1080
C:\Users\AB\Downloads\Sign_Recognition_Model\data\raw\013_008_005.mp4,13,8,5,59.94,88,1920,1080
C:\Users\AB\Downloads\Sign_Recognition_Model\data\raw\013_009_001.mp4,13,9,1,59.94,118,1920,1080
C:\Users\AB\Downloads\Sign_Recognition_Model\data\raw\013_009_002.mp4,13,9,2,59.94,88,1920,1080
C:\Users\AB\Downloads\Sign_Recognition_Model\data\raw\013_009_003.mp4,13,9,3,59.94,88,1920,1080
C:\Users\AB\Downloads\Sign_Recognition_Model\data\raw\013_009_004.mp4,13,9,4,59.94,88,1920,1080
C:\Users\AB\Downloads\Sign_Recognition_Model\data\raw\013_009_005.mp4,13,9,5,59.94,88,1920,1080
C:\Users\AB\Downloads\Sign_Recognition_Model\data\raw\013_010_001.mp4,13,10,1,59.94,118,1920,1080
C:\Users\AB\Downloads\Sign_Recognition_Model\data\raw\013_010_002.mp4,13,10,2,59.94,88,1920,1080
C:\Users\AB\Downloads\Sign_Recognition_Model\data\raw\013_010_003.mp4,13,10,3,59.94,88,1920,1080
C:\Users\AB\Downloads\Sign_Recognition_Model\data\raw\013_010_004.mp4,13,10,4,59.94,88,1920,1080
C:\Users\AB\Downloads\Sign_Recognition_Model\data\raw\013_010_005.mp4,13,10,5,59.94,88,1920,1080
C:\Users\AB\Downloads\Sign_Recognition_Model\data\raw\014_001_001.mp4,14,1,1,59.94,118,1920,1080
C:\Users\AB\Downloads\Sign_Recognition_Model\data\raw\014_001_002.mp4,14,1,2,59.94,88,1920,1080
C:\Users\AB\Downloads\Sign_Recognition_Model\data\raw\014_001_003.mp4,14,1,3,59.94,88,1920,1080
C:\Users\AB\Downloads\Sign_Recognition_Model\data\raw\014_001_004.mp4,14,1,4,59.94,118,1920,1080
C:\Users\AB\Downloads\Sign_Recognition_Model\data\raw\014_001_005.mp4,14,1,5,59.94,118,1920,1080
C:\Users\AB\Downloads\Sign_Recognition_Model\data\raw\014_002_001.mp4,14,2,1,59.94,88,1920,1080
C:\Users\AB\Downloads\Sign_Recognition_Model\data\raw\014_002_002.mp4,14,2,2,59.94,118,1920,1080
C:\Users\AB\Downloads\Sign_Recognition_Model\data\raw\014_002_003.mp4,14,2,3,59.94,88,1920,1080
C:\Users\AB\Downloads\Sign_Recognition_Model\data\raw\014_002_004.mp4,14,2,4,59.94,88,1920,1080
C:\Users\AB\Downloads\Sign_Recognition_Model\data\raw\014_002_005.mp4,14,2,5,59.94,88,1920,1080
C:\Users\AB\Downloads\Sign_Recognition_Model\data\raw\014_003_001.mp4,14,3,1,59.94,118,1920,1080
C:\Users\AB\Downloads\Sign_Recognition_Model\data\raw\014_003_002.mp4,14,3,2,59.94,118,1920,1080
C:\Users\AB\Downloads\Sign_Recognition_Model\data\raw\014_003_003.mp4,14,3,3,59.94,88,1920,1080
C:\Users\AB\Downloads\Sign_Recognition_Model\data\raw\014_003_004.mp4,14,3,4,59.94,88,1920,1080
C:\Users\AB\Downloads\Sign_Recognition_Model\data\raw\014_003_005.mp4,14,3,5,59.94,118,1920,1080
C:\Users\AB\Downloads\Sign_Recognition_Model\data\raw\014_004_001.mp4,14,4,1,59.94,118,1920,1080
C:\Users\AB\Downloads\Sign_Recognition_Model\data\raw\014_004_002.mp4,14,4,2,59.94,88,1920,1080
C:\Users\AB\Downloads\Sign_Recognition_Model\data\raw\014_004_003.mp4,14,4,3,59.94,118,1920,1080
C:\Users\AB\Downloads\Sign_Recognition_Model\data\raw\014_004_004.mp4,14,4,4,59.94,118,1920,1080
C:\Users\AB\Downloads\Sign_Recognition_Model\data\raw\014_004_005.mp4,14,4,5,59.94,118,1920,1080
C:\Users\AB\Downloads\Sign_Recognition_Model\data\raw\014_005_001.mp4,14,5,1,59.94,88,1920,1080
C:\Users\AB\Downloads\Sign_Recognition_Model\data\raw\014_005_002.mp4,14,5,2,59.94,118,1920,1080
C:\Users\AB\Downloads\Sign_Recognition_Model\data\raw\014_005_003.mp4,14,5,3,59.94,118,1920,1080
C:\Users\AB\Downloads\Sign_Recognition_Model\data\raw\014_005_004.mp4,14,5,4,59.94,118,1920,1080
C:\Users\AB\Downloads\Sign_Recognition_Model\data\raw\014_005_005.mp4,14,5,5,59.94,88,1920,1080
C:\Users\AB\Downloads\Sign_Recognition_Model\data\raw\014_006_001.mp4,14,6,1,59.94,88,1920,1080
C:\Users\AB\Downloads\Sign_Recognition_Model\data\raw\014_006_002.mp4,14,6,2,59.94,88,1920,1080
C:\Users\AB\Downloads\Sign_Recognition_Model\data\raw\014_006_003.mp4,14,6,3,59.94,88,1920,1080
C:\Users\AB\Downloads\Sign_Recognition_Model\data\raw\014_006_004.mp4,14,6,4,59.94,88,1920,1080
C:\Users\AB\Downloads\Sign_Recognition_Model\data\raw\014_006_005.mp4,14,6,5,59.94,88,1920,1080
C:\Users\AB\Downloads\Sign_Recognition_Model\data\raw\014_007_001.mp4,14,7,1,59.94,88,1920,1080
C:\Users\AB\Downloads\Sign_Recognition_Model\data\raw\014_007_002.mp4,14,7,2,59.94,88,1920,1080
C:\Users\AB\Downloads\Sign_Recognition_Model\data\raw\014_007_003.mp4,14,7,3,59.94,58,1920,1080
C:\Users\AB\Downloads\Sign_Recognition_Model\data\raw\014_007_004.mp4,14,7,4,59.94,88,1920,1080
C:\Users\AB\Downloads\Sign_Recognition_Model\data\raw\014_007_005.mp4,14,7,5,59.94,58,1920,1080
C:\Users\AB\Downloads\Sign_Recognition_Model\data\raw\014_008_001.mp4,14,8,1,59.94,118,1920,1080
C:\Users\AB\Downloads\Sign_Recognition_Model\data\raw\014_008_002.mp4,14,8,2,59.94,88,1920,1080
C:\Users\AB\Downloads\Sign_Recognition_Model\data\raw\014_008_003.mp4,14,8,3,59.94,118,1920,1080
C:\Users\AB\Downloads\Sign_Recognition_Model\data\raw\014_008_004.mp4,14,8,4,59.94,88,1920,1080
C:\Users\AB\Downloads\Sign_Recognition_Model\data\raw\014_008_005.mp4,14,8,5,59.94,88,1920,1080
C:\Users\AB\Downloads\Sign_Recognition_Model\data\raw\014_009_001.mp4,14,9,1,59.94,118,1920,1080
C:\Users\AB\Downloads\Sign_Recognition_Model\data\raw\014_009_002.mp4,14,9,2,59.94,88,1920,1080
C:\Users\AB\Downloads\Sign_Recognition_Model\data\raw\014_009_003.mp4,14,9,3,59.94,88,1920,1080
C:\Users\AB\Downloads\Sign_Recognition_Model\data\raw\014_009_004.mp4,14,9,4,59.94,88,1920,1080
C:\Users\AB\Downloads\Sign_Recognition_Model\data\raw\014_009_005.mp4,14,9,5,59.94,88,1920,1080
C:\Users\AB\Downloads\Sign_Recognition_Model\data\raw\014_010_001.mp4,14,10,1,59.94,58,1920,1080
C:\Users\AB\Downloads\Sign_Recognition_Model\data\raw\014_010_002.mp4,14,10,2,59.94,58,1920,1080
C:\Users\AB\Downloads\Sign_Recognition_Model\data\raw\014_010_003.mp4,14,10,3,59.94,58,1920,1080
C:\Users\AB\Downloads\Sign_Recognition_Model\data\raw\014_010_004.mp4,14,10,4,59.94,58,1920,1080
C:\Users\AB\Downloads\Sign_Recognition_Model\data\raw\014_010_005.mp4,14,10,5,59.94,58,1920,1080
C:\Users\AB\Downloads\Sign_Recognition_Model\data\raw\015_001_001.mp4,15,1,1,59.94,118,1920,1080
C:\Users\AB\Downloads\Sign_Recognition_Model\data\raw\015_001_002.mp4,15,1,2,59.94,88,1920,1080
C:\Users\AB\Downloads\Sign_Recognition_Model\data\raw\015_001_003.mp4,15,1,3,59.94,88,1920,1080
C:\Users\AB\Downloads\Sign_Recognition_Model\data\raw\015_001_004.mp4,15,1,4,59.94,88,1920,1080
C:\Users\AB\Downloads\Sign_Recognition_Model\data\raw\015_001_005.mp4,15,1,5,59.94,178,1920,1080
C:\Users\AB\Downloads\Sign_Recognition_Model\data\raw\015_002_001.mp4,15,2,1,59.94,88,1920,1080
C:\Users\AB\Downloads\Sign_Recognition_Model\data\raw\015_002_002.mp4,15,2,2,59.94,118,1920,1080
C:\Users\AB\Downloads\Sign_Recognition_Model\data\raw\015_002_003.mp4,15,2,3,59.94,148,1920,1080
C:\Users\AB\Downloads\Sign_Recognition_Model\data\raw\015_002_004.mp4,15,2,4,59.94,118,1920,1080
C:\Users\AB\Downloads\Sign_Recognition_Model\data\raw\015_002_005.mp4,15,2,5,59.94,88,1920,1080
C:\Users\AB\Downloads\Sign_Recognition_Model\data\raw\015_003_001.mp4,15,3,1,59.94,88,1920,1080
C:\Users\AB\Downloads\Sign_Recognition_Model\data\raw\015_003_002.mp4,15,3,2,59.94,88,1920,1080
C:\Users\AB\Downloads\Sign_Recognition_Model\data\raw\015_003_003.mp4,15,3,3,59.94,88,1920,1080
C:\Users\AB\Downloads\Sign_Recognition_Model\data\raw\015_003_004.mp4,15,3,4,59.94,118,1920,1080
C:\Users\AB\Downloads\Sign_Recognition_Model\data\raw\015_003_005.mp4,15,3,5,59.94,88,1920,1080
C:\Users\AB\Downloads\Sign_Recognition_Model\data\raw\015_004_001.mp4,15,4,1,59.94,118,1920,1080
C:\Users\AB\Downloads\Sign_Recognition_Model\data\raw\015_004_002.mp4,15,4,2,59.94,88,1920,1080
C:\Users\AB\Downloads\Sign_Recognition_Model\data\raw\015_004_003.mp4,15,4,3,59.94,88,1920,1080
C:\Users\AB\Downloads\Sign_Recognition_Model\data\raw\015_004_004.mp4,15,4,4,59.94,88,1920,1080
C:\Users\AB\Downloads\Sign_Recognition_Model\data\raw\015_004_005.mp4,15,4,5,59.94,88,1920,1080
C:\Users\AB\Downloads\Sign_Recognition_Model\data\raw\015_005_001.mp4,15,5,1,59.94,118,1920,1080
C:\Users\AB\Downloads\Sign_Recognition_Model\data\raw\015_005_002.mp4,15,5,2,59.94,118,1920,1080
C:\Users\AB\Downloads\Sign_Recognition_Model\data\raw\015_005_003.mp4,15,5,3,59.94,118,1920,1080
C:\Users\AB\Downloads\Sign_Recognition_Model\data\raw\015_005_004.mp4,15,5,4,59.94,88,1920,1080
C:\Users\AB\Downloads\Sign_Recognition_Model\data\raw\015_005_005.mp4,15,5,5,59.94,118,1920,1080
C:\Users\AB\Downloads\Sign_Recognition_Model\data\raw\015_006_001.mp4,15,6,1,59.94,88,1920,1080
C:\Users\AB\Downloads\Sign_Recognition_Model\data\raw\015_006_002.mp4,15,6,2,59.94,88,1920,1080
C:\Users\AB\Downloads\Sign_Recognition_Model\data\raw\015_006_003.mp4,15,6,3,59.94,88,1920,1080
C:\Users\AB\Downloads\Sign_Recognition_Model\data\raw\015_006_004.mp4,15,6,4,59.94,88,1920,1080
C:\Users\AB\Downloads\Sign_Recognition_Model\data\raw\015_006_005.mp4,15,6,5,59.94,88,1920,1080
C:\Users\AB\Downloads\Sign_Recognition_Model\data\raw\015_007_001.mp4,15,7,1,59.94,88,1920,1080
C:\Users\AB\Downloads\Sign_Recognition_Model\data\raw\015_007_002.mp4,15,7,2,59.94,58,1920,1080
C:\Users\AB\Downloads\Sign_Recognition_Model\data\raw\015_007_003.mp4,15,7,3,59.94,58,1920,1080
C:\Users\AB\Downloads\Sign_Recognition_Model\data\raw\015_007_004.mp4,15,7,4,59.94,88,1920,1080
C:\Users\AB\Downloads\Sign_Recognition_Model\data\raw\015_007_005.mp4,15,7,5,59.94,88,1920,1080
C:\Users\AB\Downloads\Sign_Recognition_Model\data\raw\015_008_001.mp4,15,8,1,59.94,88,1920,1080
C:\Users\AB\Downloads\Sign_Recognition_Model\data\raw\015_008_002.mp4,15,8,2,59.94,88,1920,1080
C:\Users\AB\Downloads\Sign_Recognition_Model\data\raw\015_008_003.mp4,15,8,3,59.94,88,1920,1080
C:\Users\AB\Downloads\Sign_Recognition_Model\data\raw\015_008_004.mp4,15,8,4,59.94,88,1920,1080
C:\Users\AB\Downloads\Sign_Recognition_Model\data\raw\015_008_005.mp4,15,8,5,59.94,88,1920,1080
C:\Users\AB\Downloads\Sign_Recognition_Model\data\raw\015_009_001.mp4,15,9,1,59.94,88,1920,1080
C:\Users\AB\Downloads\Sign_Recognition_Model\data\raw\015_009_002.mp4,15,9,2,59.94,88,1920,1080
C:\Users\AB\Downloads\Sign_Recognition_Model\data\raw\015_009_003.mp4,15,9,3,59.94,88,1920,1080
C:\Users\AB\Downloads\Sign_Recognition_Model\data\raw\015_009_004.mp4,15,9,4,59.94,118,1920,1080
C:\Users\AB\Downloads\Sign_Recognition_Model\data\raw\015_009_005.mp4,15,9,5,59.94,88,1920,1080
C:\Users\AB\Downloads\Sign_Recognition_Model\data\raw\015_010_001.mp4,15,10,1,59.94,58,1920,1080
C:\Users\AB\Downloads\Sign_Recognition_Model\data\raw\015_010_002.mp4,15,10,2,59.94,58,1920,1080
C:\Users\AB\Downloads\Sign_Recognition_Model\data\raw\015_010_003.mp4,15,10,3,59.94,58,1920,1080
C:\Users\AB\Downloads\Sign_Recognition_Model\data\raw\015_010_004.mp4,15,10,4,59.94,58,1920,1080
C:\Users\AB\Downloads\Sign_Recognition_Model\data\raw\015_010_005.mp4,15,10,5,59.94,58,1920,1080
C:\Users\AB\Downloads\Sign_Recognition_Model\data\raw\016_001_001.mp4,16,1,1,59.94,118,1920,1080
C:\Users\AB\Downloads\Sign_Recognition_Model\data\raw\016_001_002.mp4,16,1,2,59.94,118,1920,1080
C:\Users\AB\Downloads\Sign_Recognition_Model\data\raw\016_001_003.mp4,16,1,3,59.94,118,1920,1080
C:\Users\AB\Downloads\Sign_Recognition_Model\data\raw\016_001_004.mp4,16,1,4,59.94,118,1920,1080
C:\Users\AB\Downloads\Sign_Recognition_Model\data\raw\016_001_005.mp4,16,1,5,59.94,88,1920,1080
C:\Users\AB\Downloads\Sign_Recognition_Model\data\raw\016_002_001.mp4,16,2,1,59.94,118,1920,1080
C:\Users\AB\Downloads\Sign_Recognition_Model\data\raw\016_002_002.mp4,16,2,2,59.94,118,1920,1080
C:\Users\AB\Downloads\Sign_Recognition_Model\data\raw\016_002_003.mp4,16,2,3,59.94,118,1920,1080
C:\Users\AB\Downloads\Sign_Recognition_Model\data\raw\016_002_004.mp4,16,2,4,59.94,118,1920,1080
C:\Users\AB\Downloads\Sign_Recognition_Model\data\raw\016_002_005.mp4,16,2,5,59.94,118,1920,1080
C:\Users\AB\Downloads\Sign_Recognition_Model\data\raw\016_003_001.mp4,16,3,1,59.94,118,1920,1080
C:\Users\AB\Downloads\Sign_Recognition_Model\data\raw\016_003_002.mp4,16,3,2,59.94,118,1920,1080
C:\Users\AB\Downloads\Sign_Recognition_Model\data\raw\016_003_003.mp4,16,3,3,59.94,118,1920,1080
C:\Users\AB\Downloads\Sign_Recognition_Model\data\raw\016_003_004.mp4,16,3,4,59.94,148,1920,1080
C:\Users\AB\Downloads\Sign_Recognition_Model\data\raw\016_003_005.mp4,16,3,5,59.94,118,1920,1080
C:\Users\AB\Downloads\Sign_Recognition_Model\data\raw\016_004_001.mp4,16,4,1,59.94,118,1920,1080
C:\Users\AB\Downloads\Sign_Recognition_Model\data\raw\016_004_002.mp4,16,4,2,59.94,118,1920,1080
C:\Users\AB\Downloads\Sign_Recognition_Model\data\raw\016_004_003.mp4,16,4,3,59.94,118,1920,1080
C:\Users\AB\Downloads\Sign_Recognition_Model\data\raw\016_004_004.mp4,16,4,4,59.94,118,1920,1080
C:\Users\AB\Downloads\Sign_Recognition_Model\data\raw\016_004_005.mp4,16,4,5,59.94,118,1920,1080
C:\Users\AB\Downloads\Sign_Recognition_Model\data\raw\016_005_001.mp4,16,5,1,59.94,118,1920,1080
C:\Users\AB\Downloads\Sign_Recognition_Model\data\raw\016_005_002.mp4,16,5,2,59.94,88,1920,1080
C:\Users\AB\Downloads\Sign_Recognition_Model\data\raw\016_005_003.mp4,16,5,3,59.94,118,1920,1080
C:\Users\AB\Downloads\Sign_Recognition_Model\data\raw\016_005_004.mp4,16,5,4,59.94,118,1920,1080
C:\Users\AB\Downloads\Sign_Recognition_Model\data\raw\016_005_005.mp4,16,5,5,59.94,118,1920,1080
C:\Users\AB\Downloads\Sign_Recognition_Model\data\raw\016_006_001.mp4,16,6,1,59.94,88,1920,1080
C:\Users\AB\Downloads\Sign_Recognition_Model\data\raw\016_006_002.mp4,16,6,2,59.94,148,1920,1080
C:\Users\AB\Downloads\Sign_Recognition_Model\data\raw\016_006_003.mp4,16,6,3,59.94,118,1920,1080
C:\Users\AB\Downloads\Sign_Recognition_Model\data\raw\016_006_004.mp4,16,6,4,59.94,118,1920,1080
C:\Users\AB\Downloads\Sign_Recognition_Model\data\raw\016_006_005.mp4,16,6,5,59.94,118,1920,1080
C:\Users\AB\Downloads\Sign_Recognition_Model\data\raw\016_007_001.mp4,16,7,1,59.94,118,1920,1080
C:\Users\AB\Downloads\Sign_Recognition_Model\data\raw\016_007_002.mp4,16,7,2,59.94,118,1920,1080
C:\Users\AB\Downloads\Sign_Recognition_Model\data\raw\016_007_003.mp4,16,7,3,59.94,118,1920,1080
C:\Users\AB\Downloads\Sign_Recognition_Model\data\raw\016_007_004.mp4,16,7,4,59.94,118,1920,1080
C:\Users\AB\Downloads\Sign_Recognition_Model\data\raw\016_007_005.mp4,16,7,5,59.94,148,1920,1080
C:\Users\AB\Downloads\Sign_Recognition_Model\data\raw\016_008_001.mp4,16,8,1,59.94,118,1920,1080
C:\Users\AB\Downloads\Sign_Recognition_Model\data\raw\016_008_002.mp4,16,8,2,59.94,118,1920,1080
C:\Users\AB\Downloads\Sign_Recognition_Model\data\raw\016_008_003.mp4,16,8,3,59.94,118,1920,1080
C:\Users\AB\Downloads\Sign_Recognition_Model\data\raw\016_008_004.mp4,16,8,4,59.94,118,1920,1080
C:\Users\AB\Downloads\Sign_Recognition_Model\data\raw\016_008_005.mp4,16,8,5,59.94,118,1920,1080
C:\Users\AB\Downloads\Sign_Recognition_Model\data\raw\016_009_001.mp4,16,9,1,59.94,118,1920,1080
C:\Users\AB\Downloads\Sign_Recognition_Model\data\raw\016_009_002.mp4,16,9,2,59.94,118,1920,1080
C:\Users\AB\Downloads\Sign_Recognition_Model\data\raw\016_009_003.mp4,16,9,3,59.94,118,1920,1080
C:\Users\AB\Downloads\Sign_Recognition_Model\data\raw\016_009_004.mp4,16,9,4,59.94,88,1920,1080
C:\Users\AB\Downloads\Sign_Recognition_Model\data\raw\016_009_005.mp4,16,9,5,59.94,118,1920,1080
C:\Users\AB\Downloads\Sign_Recognition_Model\data\raw\016_010_001.mp4,16,10,1,59.94,118,1920,1080
C:\Users\AB\Downloads\Sign_Recognition_Model\data\raw\016_010_002.mp4,16,10,2,59.94,88,1920,1080
C:\Users\AB\Downloads\Sign_Recognition_Model\data\raw\016_010_003.mp4,16,10,3,59.94,88,1920,1080
C:\Users\AB\Downloads\Sign_Recognition_Model\data\raw\016_010_004.mp4,16,10,4,59.94,118,1920,1080
C:\Users\AB\Downloads\Sign_Recognition_Model\data\raw\016_010_005.mp4,16,10,5,59.94,88,1920,1080
C:\Users\AB\Downloads\Sign_Recognition_Model\data\raw\017_001_001.mp4,17,1,1,59.94,118,1920,1080
C:\Users\AB\Downloads\Sign_Recognition_Model\data\raw\017_001_002.mp4,17,1,2,59.94,88,1920,1080
C:\Users\AB\Downloads\Sign_Recognition_Model\data\raw\017_001_003.mp4,17,1,3,59.94,118,1920,1080
C:\Users\AB\Downloads\Sign_Recognition_Model\data\raw\017_001_004.mp4,17,1,4,59.94,88,1920,1080
C:\Users\AB\Downloads\Sign_Recognition_Model\data\raw\017_001_005.mp4,17,1,5,59.94,118,1920,1080
C:\Users\AB\Downloads\Sign_Recognition_Model\data\raw\017_002_001.mp4,17,2,1,59.94,118,1920,1080
C:\Users\AB\Downloads\Sign_Recognition_Model\data\raw\017_002_002.mp4,17,2,2,59.94,88,1920,1080
C:\Users\AB\Downloads\Sign_Recognition_Model\data\raw\017_002_003.mp4,17,2,3,59.94,88,1920,1080
C:\Users\AB\Downloads\Sign_Recognition_Model\data\raw\017_002_004.mp4,17,2,4,59.94,88,1920,1080
C:\Users\AB\Downloads\Sign_Recognition_Model\data\raw\017_002_005.mp4,17,2,5,59.94,88,1920,1080
C:\Users\AB\Downloads\Sign_Recognition_Model\data\raw\017_003_001.mp4,17,3,1,59.94,118,1920,1080
C:\Users\AB\Downloads\Sign_Recognition_Model\data\raw\017_003_002.mp4,17,3,2,59.94,118,1920,1080
C:\Users\AB\Downloads\Sign_Recognition_Model\data\raw\017_003_003.mp4,17,3,3,59.94,118,1920,1080
C:\Users\AB\Downloads\Sign_Recognition_Model\data\raw\017_003_004.mp4,17,3,4,59.94,88,1920,1080
C:\Users\AB\Downloads\Sign_Recognition_Model\data\raw\017_003_005.mp4,17,3,5,59.94,118,1920,1080
C:\Users\AB\Downloads\Sign_Recognition_Model\data\raw\017_004_001.mp4,17,4,1,59.94,118,1920,1080
C:\Users\AB\Downloads\Sign_Recognition_Model\data\raw\017_004_002.mp4,17,4,2,59.94,118,1920,1080
C:\Users\AB\Downloads\Sign_Recognition_Model\data\raw\017_004_003.mp4,17,4,3,59.94,118,1920,1080
C:\Users\AB\Downloads\Sign_Recognition_Model\data\raw\017_004_004.mp4,17,4,4,59.94,118,1920,1080
C:\Users\AB\Downloads\Sign_Recognition_Model\data\raw\017_004_005.mp4,17,4,5,59.94,118,1920,1080
C:\Users\AB\Downloads\Sign_Recognition_Model\data\raw\017_005_001.mp4,17,5,1,59.94,88,1920,1080
C:\Users\AB\Downloads\Sign_Recognition_Model\data\raw\017_005_002.mp4,17,5,2,59.94,118,1920,1080
C:\Users\AB\Downloads\Sign_Recognition_Model\data\raw\017_005_003.mp4,17,5,3,59.94,118,1920,1080
C:\Users\AB\Downloads\Sign_Recognition_Model\data\raw\017_005_004.mp4,17,5,4,59.94,88,1920,1080
C:\Users\AB\Downloads\Sign_Recognition_Model\data\raw\017_005_005.mp4,17,5,5,59.94,118,1920,1080
C:\Users\AB\Downloads\Sign_Recognition_Model\data\raw\017_006_001.mp4,17,6,1,59.94,118,1920,1080
C:\Users\AB\Downloads\Sign_Recognition_Model\data\raw\017_006_002.mp4,17,6,2,59.94,88,1920,1080
C:\Users\AB\Downloads\Sign_Recognition_Model\data\raw\017_006_003.mp4,17,6,3,59.94,58,1920,1080
C:\Users\AB\Downloads\Sign_Recognition_Model\data\raw\017_006_004.mp4,17,6,4,59.94,88,1920,1080
C:\Users\AB\Downloads\Sign_Recognition_Model\data\raw\017_006_005.mp4,17,6,5,59.94,88,1920,1080
C:\Users\AB\Downloads\Sign_Recognition_Model\data\raw\017_007_001.mp4,17,7,1,59.94,88,1920,1080
C:\Users\AB\Downloads\Sign_Recognition_Model\data\raw\017_007_002.mp4,17,7,2,59.94,88,1920,1080
C:\Users\AB\Downloads\Sign_Recognition_Model\data\raw\017_007_003.mp4,17,7,3,59.94,58,1920,1080
C:\Users\AB\Downloads\Sign_Recognition_Model\data\raw\017_007_004.mp4,17,7,4,59.94,88,1920,1080
C:\Users\AB\Downloads\Sign_Recognition_Model\data\raw\017_007_005.mp4,17,7,5,59.94,88,1920,1080
C:\Users\AB\Downloads\Sign_Recognition_Model\data\raw\017_008_001.mp4,17,8,1,59.94,88,1920,1080
C:\Users\AB\Downloads\Sign_Recognition_Model\data\raw\017_008_002.mp4,17,8,2,59.94,88,1920,1080
C:\Users\AB\Downloads\Sign_Recognition_Model\data\raw\017_008_003.mp4,17,8,3,59.94,88,1920,1080
C:\Users\AB\Downloads\Sign_Recognition_Model\data\raw\017_008_004.mp4,17,8,4,59.94,88,1920,1080
C:\Users\AB\Downloads\Sign_Recognition_Model\data\raw\017_008_005.mp4,17,8,5,59.94,88,1920,1080
C:\Users\AB\Downloads\Sign_Recognition_Model\data\raw\017_009_001.mp4,17,9,1,59.94,88,1920,1080
C:\Users\AB\Downloads\Sign_Recognition_Model\data\raw\017_009_002.mp4,17,9,2,59.94,88,1920,1080
C:\Users\AB\Downloads\Sign_Recognition_Model\data\raw\017_009_003.mp4,17,9,3,59.94,118,1920,1080
C:\Users\AB\Downloads\Sign_Recognition_Model\data\raw\017_009_004.mp4,17,9,4,59.94,118,1920,1080
C:\Users\AB\Downloads\Sign_Recognition_Model\data\raw\017_009_005.mp4,17,9,5,59.94,88,1920,1080
C:\Users\AB\Downloads\Sign_Recognition_Model\data\raw\017_010_001.mp4,17,10,1,59.94,88,1920,1080
C:\Users\AB\Downloads\Sign_Recognition_Model\data\raw\017_010_002.mp4,17,10,2,59.94,88,1920,1080
C:\Users\AB\Downloads\Sign_Recognition_Model\data\raw\017_010_003.mp4,17,10,3,59.94,88,1920,1080
C:\Users\AB\Downloads\Sign_Recognition_Model\data\raw\017_010_004.mp4,17,10,4,59.94,88,1920,1080
C:\Users\AB\Downloads\Sign_Recognition_Model\data\raw\017_010_005.mp4,17,10,5,59.94,88,1920,1080
C:\Users\AB\Downloads\Sign_Recognition_Model\data\raw\018_001_001.mp4,18,1,1,59.94,118,1920,1080
C:\Users\AB\Downloads\Sign_Recognition_Model\data\raw\018_001_002.mp4,18,1,2,59.94,118,1920,1080
C:\Users\AB\Downloads\Sign_Recognition_Model\data\raw\018_001_003.mp4,18,1,3,59.94,118,1920,1080
C:\Users\AB\Downloads\Sign_Recognition_Model\data\raw\018_001_004.mp4,18,1,4,59.94,118,1920,1080
C:\Users\AB\Downloads\Sign_Recognition_Model\data\raw\018_001_005.mp4,18,1,5,59.94,118,1920,1080
C:\Users\AB\Downloads\Sign_Recognition_Model\data\raw\018_002_001.mp4,18,2,1,59.94,118,1920,1080
C:\Users\AB\Downloads\Sign_Recognition_Model\data\raw\018_002_002.mp4,18,2,2,59.94,118,1920,1080
C:\Users\AB\Downloads\Sign_Recognition_Model\data\raw\018_002_003.mp4,18,2,3,59.94,118,1920,1080
C:\Users\AB\Downloads\Sign_Recognition_Model\data\raw\018_002_004.mp4,18,2,4,59.94,118,1920,1080
C:\Users\AB\Downloads\Sign_Recognition_Model\data\raw\018_002_005.mp4,18,2,5,59.94,118,1920,1080
C:\Users\AB\Downloads\Sign_Recognition_Model\data\raw\018_003_001.mp4,18,3,1,59.94,118,1920,1080
C:\Users\AB\Downloads\Sign_Recognition_Model\data\raw\018_003_002.mp4,18,3,2,59.94,148,1920,1080
C:\Users\AB\Downloads\Sign_Recognition_Model\data\raw\018_003_003.mp4,18,3,3,59.94,148,1920,1080
C:\Users\AB\Downloads\Sign_Recognition_Model\data\raw\018_003_004.mp4,18,3,4,59.94,148,1920,1080
C:\Users\AB\Downloads\Sign_Recognition_Model\data\raw\018_003_005.mp4,18,3,5,59.94,148,1920,1080
C:\Users\AB\Downloads\Sign_Recognition_Model\data\raw\018_004_001.mp4,18,4,1,59.94,118,1920,1080
C:\Users\AB\Downloads\Sign_Recognition_Model\data\raw\018_004_002.mp4,18,4,2,59.94,118,1920,1080
C:\Users\AB\Downloads\Sign_Recognition_Model\data\raw\018_004_003.mp4,18,4,3,59.94,118,1920,1080
C:\Users\AB\Downloads\Sign_Recognition_Model\data\raw\018_004_004.mp4,18,4,4,59.94,118,1920,1080
C:\Users\AB\Downloads\Sign_Recognition_Model\data\raw\018_004_005.mp4,18,4,5,59.94,118,1920,1080
C:\Users\AB\Downloads\Sign_Recognition_Model\data\raw\018_005_001.mp4,18,5,1,59.94,88,1920,1080
C:\Users\AB\Downloads\Sign_Recognition_Model\data\raw\018_005_002.mp4,18,5,2,59.94,118,1920,1080
C:\Users\AB\Downloads\Sign_Recognition_Model\data\raw\018_005_003.mp4,18,5,3,59.94,118,1920,1080
C:\Users\AB\Downloads\Sign_Recognition_Model\data\raw\018_005_004.mp4,18,5,4,59.94,118,1920,1080
C:\Users\AB\Downloads\Sign_Recognition_Model\data\raw\018_005_005.mp4,18,5,5,59.94,118,1920,1080
C:\Users\AB\Downloads\Sign_Recognition_Model\data\raw\018_006_001.mp4,18,6,1,59.94,88,1920,1080
C:\Users\AB\Downloads\Sign_Recognition_Model\data\raw\018_006_002.mp4,18,6,2,59.94,118,1920,1080
C:\Users\AB\Downloads\Sign_Recognition_Model\data\raw\018_006_003.mp4,18,6,3,59.94,148,1920,1080
C:\Users\AB\Downloads\Sign_Recognition_Model\data\raw\018_006_004.mp4,18,6,4,59.94,118,1920,1080
C:\Users\AB\Downloads\Sign_Recognition_Model\data\raw\018_006_005.mp4,18,6,5,59.94,118,1920,1080
C:\Users\AB\Downloads\Sign_Recognition_Model\data\raw\018_007_001.mp4,18,7,1,59.94,118,1920,1080
C:\Users\AB\Downloads\Sign_Recognition_Model\data\raw\018_007_002.mp4,18,7,2,59.94,118,1920,1080
C:\Users\AB\Downloads\Sign_Recognition_Model\data\raw\018_007_003.mp4,18,7,3,59.94,148,1920,1080
C:\Users\AB\Downloads\Sign_Recognition_Model\data\raw\018_007_004.mp4,18,7,4,59.94,148,1920,1080
C:\Users\AB\Downloads\Sign_Recognition_Model\data\raw\018_007_005.mp4,18,7,5,59.94,148,1920,1080
C:\Users\AB\Downloads\Sign_Recognition_Model\data\raw\018_008_001.mp4,18,8,1,59.94,118,1920,1080
C:\Users\AB\Downloads\Sign_Recognition_Model\data\raw\018_008_002.mp4,18,8,2,59.94,118,1920,1080
C:\Users\AB\Downloads\Sign_Recognition_Model\data\raw\018_008_003.mp4,18,8,3,59.94,118,1920,1080
C:\Users\AB\Downloads\Sign_Recognition_Model\data\raw\018_008_004.mp4,18,8,4,59.94,118,1920,1080
C:\Users\AB\Downloads\Sign_Recognition_Model\data\raw\018_008_005.mp4,18,8,5,59.94,118,1920,1080
C:\Users\AB\Downloads\Sign_Recognition_Model\data\raw\018_009_001.mp4,18,9,1,59.94,118,1920,1080
C:\Users\AB\Downloads\Sign_Recognition_Model\data\raw\018_009_002.mp4,18,9,2,59.94,148,1920,1080
C:\Users\AB\Downloads\Sign_Recognition_Model\data\raw\018_009_003.mp4,18,9,3,59.94,118,1920,1080
C:\Users\AB\Downloads\Sign_Recognition_Model\data\raw\018_009_004.mp4,18,9,4,59.94,118,1920,1080
C:\Users\AB\Downloads\Sign_Recognition_Model\data\raw\018_009_005.mp4,18,9,5,59.94,118,1920,1080
C:\Users\AB\Downloads\Sign_Recognition_Model\data\raw\018_010_001.mp4,18,10,1,59.94,118,1920,1080
C:\Users\AB\Downloads\Sign_Recognition_Model\data\raw\018_010_002.mp4,18,10,2,59.94,88,1920,1080
C:\Users\AB\Downloads\Sign_Recognition_Model\data\raw\018_010_003.mp4,18,10,3,59.94,118,1920,1080
C:\Users\AB\Downloads\Sign_Recognition_Model\data\raw\018_010_004.mp4,18,10,4,59.94,118,1920,1080
C:\Users\AB\Downloads\Sign_Recognition_Model\data\raw\018_010_005.mp4,18,10,5,59.94,88,1920,1080
C:\Users\AB\Downloads\Sign_Recognition_Model\data\raw\019_001_001.mp4,19,1,1,59.94,88,1920,1080
C:\Users\AB\Downloads\Sign_Recognition_Model\data\raw\019_001_002.mp4,19,1,2,59.94,88,1920,1080
C:\Users\AB\Downloads\Sign_Recognition_Model\data\raw\019_001_003.mp4,19,1,3,59.94,88,1920,1080
C:\Users\AB\Downloads\Sign_Recognition_Model\data\raw\019_001_004.mp4,19,1,4,59.94,88,1920,1080
C:\Users\AB\Downloads\Sign_Recognition_Model\data\raw\019_001_005.mp4,19,1,5,59.94,88,1920,1080
C:\Users\AB\Downloads\Sign_Recognition_Model\data\raw\019_002_001.mp4,19,2,1,59.94,118,1920,1080
C:\Users\AB\Downloads\Sign_Recognition_Model\data\raw\019_002_002.mp4,19,2,2,59.94,88,1920,1080
C:\Users\AB\Downloads\Sign_Recognition_Model\data\raw\019_002_003.mp4,19,2,3,59.94,88,1920,1080
C:\Users\AB\Downloads\Sign_Recognition_Model\data\raw\019_002_004.mp4,19,2,4,59.94,88,1920,1080
C:\Users\AB\Downloads\Sign_Recognition_Model\data\raw\019_002_005.mp4,19,2,5,59.94,58,1920,1080
C:\Users\AB\Downloads\Sign_Recognition_Model\data\raw\019_003_001.mp4,19,3,1,59.94,118,1920,1080
C:\Users\AB\Downloads\Sign_Recognition_Model\data\raw\019_003_002.mp4,19,3,2,59.94,118,1920,1080
C:\Users\AB\Downloads\Sign_Recognition_Model\data\raw\019_003_003.mp4,19,3,3,59.94,118,1920,1080
C:\Users\AB\Downloads\Sign_Recognition_Model\data\raw\019_003_004.mp4,19,3,4,59.94,118,1920,1080
C:\Users\AB\Downloads\Sign_Recognition_Model\data\raw\019_003_005.mp4,19,3,5,59.94,88,1920,1080
C:\Users\AB\Downloads\Sign_Recognition_Model\data\raw\019_004_001.mp4,19,4,1,59.94,88,1920,1080
C:\Users\AB\Downloads\Sign_Recognition_Model\data\raw\019_004_002.mp4,19,4,2,59.94,88,1920,1080
C:\Users\AB\Downloads\Sign_Recognition_Model\data\raw\019_004_003.mp4,19,4,3,59.94,88,1920,1080
C:\Users\AB\Downloads\Sign_Recognition_Model\data\raw\019_004_004.mp4,19,4,4,59.94,88,1920,1080
C:\Users\AB\Downloads\Sign_Recognition_Model\data\raw\019_004_005.mp4,19,4,5,59.94,118,1920,1080
C:\Users\AB\Downloads\Sign_Recognition_Model\data\raw\019_005_001.mp4,19,5,1,59.94,88,1920,1080
C:\Users\AB\Downloads\Sign_Recognition_Model\data\raw\019_005_002.mp4,19,5,2,59.94,118,1920,1080
C:\Users\AB\Downloads\Sign_Recognition_Model\data\raw\019_005_003.mp4,19,5,3,59.94,88,1920,1080
C:\Users\AB\Downloads\Sign_Recognition_Model\data\raw\019_005_004.mp4,19,5,4,59.94,88,1920,1080
C:\Users\AB\Downloads\Sign_Recognition_Model\data\raw\019_005_005.mp4,19,5,5,59.94,118,1920,1080
C:\Users\AB\Downloads\Sign_Recognition_Model\data\raw\019_006_001.mp4,19,6,1,59.94,88,1920,1080
C:\Users\AB\Downloads\Sign_Recognition_Model\data\raw\019_006_002.mp4,19,6,2,59.94,88,1920,1080
C:\Users\AB\Downloads\Sign_Recognition_Model\data\raw\019_006_003.mp4,19,6,3,59.94,88,1920,1080
C:\Users\AB\Downloads\Sign_Recognition_Model\data\raw\019_006_004.mp4,19,6,4,59.94,88,1920,1080
C:\Users\AB\Downloads\Sign_Recognition_Model\data\raw\019_006_005.mp4,19,6,5,59.94,88,1920,1080
C:\Users\AB\Downloads\Sign_Recognition_Model\data\raw\019_007_001.mp4,19,7,1,59.94,88,1920,1080
C:\Users\AB\Downloads\Sign_Recognition_Model\data\raw\019_007_002.mp4,19,7,2,59.94,88,1920,1080
C:\Users\AB\Downloads\Sign_Recognition_Model\data\raw\019_007_003.mp4,19,7,3,59.94,88,1920,1080
C:\Users\AB\Downloads\Sign_Recognition_Model\data\raw\019_007_004.mp4,19,7,4,59.94,88,1920,1080
C:\Users\AB\Downloads\Sign_Recognition_Model\data\raw\019_007_005.mp4,19,7,5,59.94,88,1920,1080
C:\Users\AB\Downloads\Sign_Recognition_Model\data\raw\019_008_001.mp4,19,8,1,59.94,118,1920,1080
C:\Users\AB\Downloads\Sign_Recognition_Model\data\raw\019_008_002.mp4,19,8,2,59.94,88,1920,1080
C:\Users\AB\Downloads\Sign_Recognition_Model\data\raw\019_008_003.mp4,19,8,3,59.94,88,1920,1080
C:\Users\AB\Downloads\Sign_Recognition_Model\data\raw\019_008_004.mp4,19,8,4,59.94,88,1920,1080
C:\Users\AB\Downloads\Sign_Recognition_Model\data\raw\019_008_005.mp4,19,8,5,59.94,88,1920,1080
C:\Users\AB\Downloads\Sign_Recognition_Model\data\raw\019_009_001.mp4,19,9,1,59.94,88,1920,1080
C:\Users\AB\Downloads\Sign_Recognition_Model\data\raw\019_009_002.mp4,19,9,2,59.94,88,1920,1080
C:\Users\AB\Downloads\Sign_Recognition_Model\data\raw\019_009_003.mp4,19,9,3,59.94,88,1920,1080
C:\Users\AB\Downloads\Sign_Recognition_Model\data\raw\019_009_004.mp4,19,9,4,59.94,88,1920,1080
C:\Users\AB\Downloads\Sign_Recognition_Model\data\raw\019_009_005.mp4,19,9,5,59.94,88,1920,1080
C:\Users\AB\Downloads\Sign_Recognition_Model\data\raw\019_010_001.mp4,19,10,1,59.94,88,1920,1080
C:\Users\AB\Downloads\Sign_Recognition_Model\data\raw\019_010_002.mp4,19,10,2,59.94,58,1920,1080
C:\Users\AB\Downloads\Sign_Recognition_Model\data\raw\019_010_003.mp4,19,10,3,59.94,88,1920,1080
C:\Users\AB\Downloads\Sign_Recognition_Model\data\raw\019_010_004.mp4,19,10,4,59.94,88,1920,1080
C:\Users\AB\Downloads\Sign_Recognition_Model\data\raw\019_010_005.mp4,19,10,5,59.94,58,1920,1080
C:\Users\AB\Downloads\Sign_Recognition_Model\data\raw\020_001_001.mp4,20,1,1,59.94,118,1920,1080
C:\Users\AB\Downloads\Sign_Recognition_Model\data\raw\020_001_002.mp4,20,1,2,59.94,118,1920,1080
C:\Users\AB\Downloads\Sign_Recognition_Model\data\raw\020_001_003.mp4,20,1,3,59.94,88,1920,1080
C:\Users\AB\Downloads\Sign_Recognition_Model\data\raw\020_001_004.mp4,20,1,4,59.94,118,1920,1080
C:\Users\AB\Downloads\Sign_Recognition_Model\data\raw\020_001_005.mp4,20,1,5,59.94,118,1920,1080
C:\Users\AB\Downloads\Sign_Recognition_Model\data\raw\020_002_001.mp4,20,2,1,59.94,88,1920,1080
C:\Users\AB\Downloads\Sign_Recognition_Model\data\raw\020_002_002.mp4,20,2,2,59.94,88,1920,1080
C:\Users\AB\Downloads\Sign_Recognition_Model\data\raw\020_002_003.mp4,20,2,3,59.94,88,1920,1080
C:\Users\AB\Downloads\Sign_Recognition_Model\data\raw\020_002_004.mp4,20,2,4,59.94,88,1920,1080
C:\Users\AB\Downloads\Sign_Recognition_Model\data\raw\020_002_005.mp4,20,2,5,59.94,88,1920,1080
C:\Users\AB\Downloads\Sign_Recognition_Model\data\raw\020_003_001.mp4,20,3,1,59.94,118,1920,1080
C:\Users\AB\Downloads\Sign_Recognition_Model\data\raw\020_003_002.mp4,20,3,2,59.94,118,1920,1080
C:\Users\AB\Downloads\Sign_Recognition_Model\data\raw\020_003_003.mp4,20,3,3,59.94,118,1920,1080
C:\Users\AB\Downloads\Sign_Recognition_Model\data\raw\020_003_004.mp4,20,3,4,59.94,118,1920,1080
C:\Users\AB\Downloads\Sign_Recognition_Model\data\raw\020_003_005.mp4,20,3,5,59.94,118,1920,1080
C:\Users\AB\Downloads\Sign_Recognition_Model\data\raw\020_004_001.mp4,20,4,1,59.94,118,1920,1080
C:\Users\AB\Downloads\Sign_Recognition_Model\data\raw\020_004_002.mp4,20,4,2,59.94,118,1920,1080
C:\Users\AB\Downloads\Sign_Recognition_Model\data\raw\020_004_003.mp4,20,4,3,59.94,88,1920,1080
C:\Users\AB\Downloads\Sign_Recognition_Model\data\raw\020_004_004.mp4,20,4,4,59.94,88,1920,1080
C:\Users\AB\Downloads\Sign_Recognition_Model\data\raw\020_004_005.mp4,20,4,5,59.94,118,1920,1080
C:\Users\AB\Downloads\Sign_Recognition_Model\data\raw\020_005_001.mp4,20,5,1,59.94,118,1920,1080
C:\Users\AB\Downloads\Sign_Recognition_Model\data\raw\020_005_002.mp4,20,5,2,59.94,118,1920,1080
C:\Users\AB\Downloads\Sign_Recognition_Model\data\raw\020_005_003.mp4,20,5,3,59.94,118,1920,1080
C:\Users\AB\Downloads\Sign_Recognition_Model\data\raw\020_005_004.mp4,20,5,4,59.94,118,1920,1080
C:\Users\AB\Downloads\Sign_Recognition_Model\data\raw\020_005_005.mp4,20,5,5,59.94,88,1920,1080
C:\Users\AB\Downloads\Sign_Recognition_Model\data\raw\020_006_001.mp4,20,6,1,59.94,88,1920,1080
C:\Users\AB\Downloads\Sign_Recognition_Model\data\raw\020_006_002.mp4,20,6,2,59.94,88,1920,1080
C:\Users\AB\Downloads\Sign_Recognition_Model\data\raw\020_006_003.mp4,20,6,3,59.94,88,1920,1080
C:\Users\AB\Downloads\Sign_Recognition_Model\data\raw\020_006_004.mp4,20,6,4,59.94,88,1920,1080
C:\Users\AB\Downloads\Sign_Recognition_Model\data\raw\020_006_005.mp4,20,6,5,59.94,88,1920,1080
C:\Users\AB\Downloads\Sign_Recognition_Model\data\raw\020_007_001.mp4,20,7,1,59.94,88,1920,1080
C:\Users\AB\Downloads\Sign_Recognition_Model\data\raw\020_007_002.mp4,20,7,2,59.94,88,1920,1080
C:\Users\AB\Downloads\Sign_Recognition_Model\data\raw\020_007_003.mp4,20,7,3,59.94,88,1920,1080
C:\Users\AB\Downloads\Sign_Recognition_Model\data\raw\020_007_004.mp4,20,7,4,59.94,88,1920,1080
C:\Users\AB\Downloads\Sign_Recognition_Model\data\raw\020_007_005.mp4,20,7,5,59.94,88,1920,1080
C:\Users\AB\Downloads\Sign_Recognition_Model\data\raw\020_008_001.mp4,20,8,1,59.94,88,1920,1080
C:\Users\AB\Downloads\Sign_Recognition_Model\data\raw\020_008_002.mp4,20,8,2,59.94,88,1920,1080
C:\Users\AB\Downloads\Sign_Recognition_Model\data\raw\020_008_003.mp4,20,8,3,59.94,88,1920,1080
C:\Users\AB\Downloads\Sign_Recognition_Model\data\raw\020_008_004.mp4,20,8,4,59.94,88,1920,1080
C:\Users\AB\Downloads\Sign_Recognition_Model\data\raw\020_008_005.mp4,20,8,5,59.94,88,1920,1080
C:\Users\AB\Downloads\Sign_Recognition_Model\data\raw\020_009_001.mp4,20,9,1,59.94,88,1920,1080
C:\Users\AB\Downloads\Sign_Recognition_Model\data\raw\020_009_002.mp4,20,9,2,59.94,88,1920,1080
C:\Users\AB\Downloads\Sign_Recognition_Model\data\raw\020_009_003.mp4,20,9,3,59.94,88,1920,1080
C:\Users\AB\Downloads\Sign_Recognition_Model\data\raw\020_009_004.mp4,20,9,4,59.94,118,1920,1080
C:\Users\AB\Downloads\Sign_Recognition_Model\data\raw\020_009_005.mp4,20,9,5,59.94,118,1920,1080
C:\Users\AB\Downloads\Sign_Recognition_Model\data\raw\020_010_001.mp4,20,10,1,59.94,118,1920,1080
C:\Users\AB\Downloads\Sign_Recognition_Model\data\raw\020_010_002.mp4,20,10,2,59.94,58,1920,1080
C:\Users\AB\Downloads\Sign_Recognition_Model\data\raw\020_010_003.mp4,20,10,3,59.94,88,1920,1080
C:\Users\AB\Downloads\Sign_Recognition_Model\data\raw\020_010_004.mp4,20,10,4,59.94,58,1920,1080
C:\Users\AB\Downloads\Sign_Recognition_Model\data\raw\020_010_005.mp4,20,10,5,59.94,58,1920,1080
C:\Users\AB\Downloads\Sign_Recognition_Model\data\raw\021_001_001.mp4,21,1,1,59.94,148,1920,1080
C:\Users\AB\Downloads\Sign_Recognition_Model\data\raw\021_001_002.mp4,21,1,2,59.94,118,1920,1080
C:\Users\AB\Downloads\Sign_Recognition_Model\data\raw\021_001_003.mp4,21,1,3,59.94,118,1920,1080
C:\Users\AB\Downloads\Sign_Recognition_Model\data\raw\021_001_004.mp4,21,1,4,59.94,148,1920,1080
C:\Users\AB\Downloads\Sign_Recognition_Model\data\raw\021_001_005.mp4,21,1,5,59.94,118,1920,1080
C:\Users\AB\Downloads\Sign_Recognition_Model\data\raw\021_002_001.mp4,21,2,1,59.94,118,1920,1080
C:\Users\AB\Downloads\Sign_Recognition_Model\data\raw\021_002_002.mp4,21,2,2,59.94,118,1920,1080
C:\Users\AB\Downloads\Sign_Recognition_Model\data\raw\021_002_003.mp4,21,2,3,59.94,118,1920,1080
C:\Users\AB\Downloads\Sign_Recognition_Model\data\raw\021_002_004.mp4,21,2,4,59.94,148,1920,1080
C:\Users\AB\Downloads\Sign_Recognition_Model\data\raw\021_002_005.mp4,21,2,5,59.94,118,1920,1080
C:\Users\AB\Downloads\Sign_Recognition_Model\data\raw\021_003_001.mp4,21,3,1,59.94,148,1920,1080
C:\Users\AB\Downloads\Sign_Recognition_Model\data\raw\021_003_002.mp4,21,3,2,59.94,148,1920,1080
C:\Users\AB\Downloads\Sign_Recognition_Model\data\raw\021_003_003.mp4,21,3,3,59.94,148,1920,1080
C:\Users\AB\Downloads\Sign_Recognition_Model\data\raw\021_003_004.mp4,21,3,4,59.94,148,1920,1080
C:\Users\AB\Downloads\Sign_Recognition_Model\data\raw\021_003_005.mp4,21,3,5,59.94,178,1920,1080
C:\Users\AB\Downloads\Sign_Recognition_Model\data\raw\021_004_001.mp4,21,4,1,59.94,148,1920,1080
C:\Users\AB\Downloads\Sign_Recognition_Model\data\raw\021_004_002.mp4,21,4,2,59.94,148,1920,1080
C:\Users\AB\Downloads\Sign_Recognition_Model\data\raw\021_004_003.mp4,21,4,3,59.94,148,1920,1080
C:\Users\AB\Downloads\Sign_Recognition_Model\data\raw\021_004_004.mp4,21,4,4,59.94,148,1920,1080
C:\Users\AB\Downloads\Sign_Recognition_Model\data\raw\021_004_005.mp4,21,4,5,59.94,148,1920,1080
C:\Users\AB\Downloads\Sign_Recognition_Model\data\raw\021_005_001.mp4,21,5,1,59.94,118,1920,1080
C:\Users\AB\Downloads\Sign_Recognition_Model\data\raw\021_005_002.mp4,21,5,2,59.94,118,1920,1080
C:\Users\AB\Downloads\Sign_Recognition_Model\data\raw\021_005_003.mp4,21,5,3,59.94,118,1920,1080
C:\Users\AB\Downloads\Sign_Recognition_Model\data\raw\021_005_004.mp4,21,5,4,59.94,148,1920,1080
C:\Users\AB\Downloads\Sign_Recognition_Model\data\raw\021_005_005.mp4,21,5,5,59.94,118,1920,1080
C:\Users\AB\Downloads\Sign_Recognition_Model\data\raw\021_006_001.mp4,21,6,1,59.94,118,1920,1080
C:\Users\AB\Downloads\Sign_Recognition_Model\data\raw\021_006_002.mp4,21,6,2,59.94,118,1920,1080
C:\Users\AB\Downloads\Sign_Recognition_Model\data\raw\021_006_003.mp4,21,6,3,59.94,88,1920,1080
C:\Users\AB\Downloads\Sign_Recognition_Model\data\raw\021_006_004.mp4,21,6,4,59.94,148,1920,1080
C:\Users\AB\Downloads\Sign_Recognition_Model\data\raw\021_006_005.mp4,21,6,5,59.94,118,1920,1080
C:\Users\AB\Downloads\Sign_Recognition_Model\data\raw\021_007_001.mp4,21,7,1,59.94,118,1920,1080
C:\Users\AB\Downloads\Sign_Recognition_Model\data\raw\021_007_002.mp4,21,7,2,59.94,118,1920,1080
C:\Users\AB\Downloads\Sign_Recognition_Model\data\raw\021_007_003.mp4,21,7,3,59.94,118,1920,1080
C:\Users\AB\Downloads\Sign_Recognition_Model\data\raw\021_007_004.mp4,21,7,4,59.94,148,1920,1080
C:\Users\AB\Downloads\Sign_Recognition_Model\data\raw\021_007_005.mp4,21,7,5,59.94,118,1920,1080
C:\Users\AB\Downloads\Sign_Recognition_Model\data\raw\021_008_001.mp4,21,8,1,59.94,118,1920,1080
C:\Users\AB\Downloads\Sign_Recognition_Model\data\raw\021_008_002.mp4,21,8,2,59.94,148,1920,1080
C:\Users\AB\Downloads\Sign_Recognition_Model\data\raw\021_008_003.mp4,21,8,3,59.94,148,1920,1080
C:\Users\AB\Downloads\Sign_Recognition_Model\data\raw\021_008_004.mp4,21,8,4,59.94,118,1920,1080
C:\Users\AB\Downloads\Sign_Recognition_Model\data\raw\021_008_005.mp4,21,8,5,59.94,148,1920,1080
C:\Users\AB\Downloads\Sign_Recognition_Model\data\raw\021_009_001.mp4,21,9,1,59.94,118,1920,1080
C:\Users\AB\Downloads\Sign_Recognition_Model\data\raw\021_009_002.mp4,21,9,2,59.94,118,1920,1080
C:\Users\AB\Downloads\Sign_Recognition_Model\data\raw\021_009_003.mp4,21,9,3,59.94,118,1920,1080
C:\Users\AB\Downloads\Sign_Recognition_Model\data\raw\021_009_004.mp4,21,9,4,59.94,118,1920,1080
C:\Users\AB\Downloads\Sign_Recognition_Model\data\raw\021_009_005.mp4,21,9,5,59.94,118,1920,1080
C:\Users\AB\Downloads\Sign_Recognition_Model\data\raw\021_010_001.mp4,21,10,1,59.94,88,1920,1080
C:\Users\AB\Downloads\Sign_Recognition_Model\data\raw\021_010_002.mp4,21,10,2,59.94,118,1920,1080
C:\Users\AB\Downloads\Sign_Recognition_Model\data\raw\021_010_003.mp4,21,10,3,59.94,118,1920,1080
C:\Users\AB\Downloads\Sign_Recognition_Model\data\raw\021_010_004.mp4,21,10,4,59.94,88,1920,1080
C:\Users\AB\Downloads\Sign_Recognition_Model\data\raw\021_010_005.mp4,21,10,5,59.94,118,1920,1080
C:\Users\AB\Downloads\Sign_Recognition_Model\data\raw\022_001_001.mp4,22,1,1,59.94,118,1920,1080
C:\Users\AB\Downloads\Sign_Recognition_Model\data\raw\022_001_002.mp4,22,1,2,59.94,118,1920,1080
C:\Users\AB\Downloads\Sign_Recognition_Model\data\raw\022_001_003.mp4,22,1,3,59.94,118,1920,1080
C:\Users\AB\Downloads\Sign_Recognition_Model\data\raw\022_001_004.mp4,22,1,4,59.94,118,1920,1080
C:\Users\AB\Downloads\Sign_Recognition_Model\data\raw\022_001_005.mp4,22,1,5,59.94,148,1920,1080
C:\Users\AB\Downloads\Sign_Recognition_Model\data\raw\022_002_001.mp4,22,2,1,59.94,88,1920,1080
C:\Users\AB\Downloads\Sign_Recognition_Model\data\raw\022_002_002.mp4,22,2,2,59.94,88,1920,1080
C:\Users\AB\Downloads\Sign_Recognition_Model\data\raw\022_002_003.mp4,22,2,3,59.94,88,1920,1080
C:\Users\AB\Downloads\Sign_Recognition_Model\data\raw\022_002_004.mp4,22,2,4,59.94,118,1920,1080
C:\Users\AB\Downloads\Sign_Recognition_Model\data\raw\022_002_005.mp4,22,2,5,59.94,118,1920,1080
C:\Users\AB\Downloads\Sign_Recognition_Model\data\raw\022_003_001.mp4,22,3,1,59.94,118,1920,1080
C:\Users\AB\Downloads\Sign_Recognition_Model\data\raw\022_003_002.mp4,22,3,2,59.94,148,1920,1080
C:\Users\AB\Downloads\Sign_Recognition_Model\data\raw\022_003_003.mp4,22,3,3,59.94,118,1920,1080
C:\Users\AB\Downloads\Sign_Recognition_Model\data\raw\022_003_004.mp4,22,3,4,59.94,118,1920,1080
C:\Users\AB\Downloads\Sign_Recognition_Model\data\raw\022_003_005.mp4,22,3,5,59.94,118,1920,1080
C:\Users\AB\Downloads\Sign_Recognition_Model\data\raw\022_004_001.mp4,22,4,1,59.94,118,1920,1080
C:\Users\AB\Downloads\Sign_Recognition_Model\data\raw\022_004_002.mp4,22,4,2,59.94,118,1920,1080
C:\Users\AB\Downloads\Sign_Recognition_Model\data\raw\022_004_003.mp4,22,4,3,59.94,118,1920,1080
C:\Users\AB\Downloads\Sign_Recognition_Model\data\raw\022_004_004.mp4,22,4,4,59.94,118,1920,1080
C:\Users\AB\Downloads\Sign_Recognition_Model\data\raw\022_004_005.mp4,22,4,5,59.94,148,1920,1080
C:\Users\AB\Downloads\Sign_Recognition_Model\data\raw\022_005_001.mp4,22,5,1,59.94,118,1920,1080
C:\Users\AB\Downloads\Sign_Recognition_Model\data\raw\022_005_002.mp4,22,5,2,59.94,118,1920,1080
C:\Users\AB\Downloads\Sign_Recognition_Model\data\raw\022_005_003.mp4,22,5,3,59.94,118,1920,1080
C:\Users\AB\Downloads\Sign_Recognition_Model\data\raw\022_005_004.mp4,22,5,4,59.94,118,1920,1080
C:\Users\AB\Downloads\Sign_Recognition_Model\data\raw\022_005_005.mp4,22,5,5,59.94,118,1920,1080
C:\Users\AB\Downloads\Sign_Recognition_Model\data\raw\022_006_001.mp4,22,6,1,59.94,118,1920,1080
C:\Users\AB\Downloads\Sign_Recognition_Model\data\raw\022_006_002.mp4,22,6,2,59.94,118,1920,1080
C:\Users\AB\Downloads\Sign_Recognition_Model\data\raw\022_006_003.mp4,22,6,3,59.94,118,1920,1080
C:\Users\AB\Downloads\Sign_Recognition_Model\data\raw\022_006_004.mp4,22,6,4,59.94,88,1920,1080
C:\Users\AB\Downloads\Sign_Recognition_Model\data\raw\022_006_005.mp4,22,6,5,59.94,118,1920,1080
C:\Users\AB\Downloads\Sign_Recognition_Model\data\raw\022_007_001.mp4,22,7,1,59.94,118,1920,1080
C:\Users\AB\Downloads\Sign_Recognition_Model\data\raw\022_007_002.mp4,22,7,2,59.94,88,1920,1080
C:\Users\AB\Downloads\Sign_Recognition_Model\data\raw\022_007_003.mp4,22,7,3,59.94,118,1920,1080
C:\Users\AB\Downloads\Sign_Recognition_Model\data\raw\022_007_004.mp4,22,7,4,59.94,88,1920,1080
C:\Users\AB\Downloads\Sign_Recognition_Model\data\raw\022_007_005.mp4,22,7,5,59.94,118,1920,1080
C:\Users\AB\Downloads\Sign_Recognition_Model\data\raw\022_008_001.mp4,22,8,1,59.94,148,1920,1080
C:\Users\AB\Downloads\Sign_Recognition_Model\data\raw\022_008_002.mp4,22,8,2,59.94,118,1920,1080
C:\Users\AB\Downloads\Sign_Recognition_Model\data\raw\022_008_003.mp4,22,8,3,59.94,118,1920,1080
C:\Users\AB\Downloads\Sign_Recognition_Model\data\raw\022_008_004.mp4,22,8,4,59.94,118,1920,1080
C:\Users\AB\Downloads\Sign_Recognition_Model\data\raw\022_008_005.mp4,22,8,5,59.94,118,1920,1080
C:\Users\AB\Downloads\Sign_Recognition_Model\data\raw\022_009_001.mp4,22,9,1,59.94,148,1920,1080
C:\Users\AB\Downloads\Sign_Recognition_Model\data\raw\022_009_002.mp4,22,9,2,59.94,148,1920,1080
C:\Users\AB\Downloads\Sign_Recognition_Model\data\raw\022_009_003.mp4,22,9,3,59.94,148,1920,1080
C:\Users\AB\Downloads\Sign_Recognition_Model\data\raw\022_009_004.mp4,22,9,4,59.94,118,1920,1080
C:\Users\AB\Downloads\Sign_Recognition_Model\data\raw\022_009_005.mp4,22,9,5,59.94,118,1920,1080
C:\Users\AB\Downloads\Sign_Recognition_Model\data\raw\022_010_001.mp4,22,10,1,59.94,88,1920,1080
C:\Users\AB\Downloads\Sign_Recognition_Model\data\raw\022_010_002.mp4,22,10,2,59.94,88,1920,1080
C:\Users\AB\Downloads\Sign_Recognition_Model\data\raw\022_010_003.mp4,22,10,3,59.94,88,1920,1080
C:\Users\AB\Downloads\Sign_Recognition_Model\data\raw\022_010_004.mp4,22,10,4,59.94,118,1920,1080
C:\Users\AB\Downloads\Sign_Recognition_Model\data\raw\022_010_005.mp4,22,10,5,59.94,88,1920,1080
C:\Users\AB\Downloads\Sign_Recognition_Model\data\raw\023_001_001.mp4,23,1,1,59.94,118,1920,1080
C:\Users\AB\Downloads\Sign_Recognition_Model\data\raw\023_001_002.mp4,23,1,2,59.94,118,1920,1080
C:\Users\AB\Downloads\Sign_Recognition_Model\data\raw\023_001_003.mp4,23,1,3,59.94,148,1920,1080
C:\Users\AB\Downloads\Sign_Recognition_Model\data\raw\023_001_004.mp4,23,1,4,59.94,118,1920,1080
C:\Users\AB\Downloads\Sign_Recognition_Model\data\raw\023_001_005.mp4,23,1,5,59.94,118,1920,1080
C:\Users\AB\Downloads\Sign_Recognition_Model\data\raw\023_002_001.mp4,23,2,1,59.94,118,1920,1080
C:\Users\AB\Downloads\Sign_Recognition_Model\data\raw\023_002_002.mp4,23,2,2,59.94,118,1920,1080
C:\Users\AB\Downloads\Sign_Recognition_Model\data\raw\023_002_003.mp4,23,2,3,59.94,118,1920,1080
C:\Users\AB\Downloads\Sign_Recognition_Model\data\raw\023_002_004.mp4,23,2,4,59.94,118,1920,1080
C:\Users\AB\Downloads\Sign_Recognition_Model\data\raw\023_002_005.mp4,23,2,5,59.94,118,1920,1080
C:\Users\AB\Downloads\Sign_Recognition_Model\data\raw\023_003_001.mp4,23,3,1,59.94,148,1920,1080
C:\Users\AB\Downloads\Sign_Recognition_Model\data\raw\023_003_002.mp4,23,3,2,59.94,118,1920,1080
C:\Users\AB\Downloads\Sign_Recognition_Model\data\raw\023_003_003.mp4,23,3,3,59.94,148,1920,1080
C:\Users\AB\Downloads\Sign_Recognition_Model\data\raw\023_003_004.mp4,23,3,4,59.94,148,1920,1080
C:\Users\AB\Downloads\Sign_Recognition_Model\data\raw\023_003_005.mp4,23,3,5,59.94,118,1920,1080
C:\Users\AB\Downloads\Sign_Recognition_Model\data\raw\023_004_001.mp4,23,4,1,59.94,118,1920,1080
C:\Users\AB\Downloads\Sign_Recognition_Model\data\raw\023_004_002.mp4,23,4,2,59.94,148,1920,1080
C:\Users\AB\Downloads\Sign_Recognition_Model\data\raw\023_004_003.mp4,23,4,3,59.94,148,1920,1080
C:\Users\AB\Downloads\Sign_Recognition_Model\data\raw\023_004_004.mp4,23,4,4,59.94,148,1920,1080
C:\Users\AB\Downloads\Sign_Recognition_Model\data\raw\023_004_005.mp4,23,4,5,59.94,118,1920,1080
C:\Users\AB\Downloads\Sign_Recognition_Model\data\raw\023_005_001.mp4,23,5,1,59.94,118,1920,1080
C:\Users\AB\Downloads\Sign_Recognition_Model\data\raw\023_005_002.mp4,23,5,2,59.94,118,1920,1080
C:\Users\AB\Downloads\Sign_Recognition_Model\data\raw\023_005_003.mp4,23,5,3,59.94,118,1920,1080
C:\Users\AB\Downloads\Sign_Recognition_Model\data\raw\023_005_004.mp4,23,5,4,59.94,118,1920,1080
C:\Users\AB\Downloads\Sign_Recognition_Model\data\raw\023_005_005.mp4,23,5,5,59.94,118,1920,1080
C:\Users\AB\Downloads\Sign_Recognition_Model\data\raw\023_006_001.mp4,23,6,1,59.94,118,1920,1080
C:\Users\AB\Downloads\Sign_Recognition_Model\data\raw\023_006_002.mp4,23,6,2,59.94,118,1920,1080
C:\Users\AB\Downloads\Sign_Recognition_Model\data\raw\023_006_003.mp4,23,6,3,59.94,118,1920,1080
C:\Users\AB\Downloads\Sign_Recognition_Model\data\raw\023_006_004.mp4,23,6,4,59.94,88,1920,1080
C:\Users\AB\Downloads\Sign_Recognition_Model\data\raw\023_006_005.mp4,23,6,5,59.94,88,1920,1080
C:\Users\AB\Downloads\Sign_Recognition_Model\data\raw\023_007_001.mp4,23,7,1,59.94,118,1920,1080
C:\Users\AB\Downloads\Sign_Recognition_Model\data\raw\023_007_002.mp4,23,7,2,59.94,118,1920,1080
C:\Users\AB\Downloads\Sign_Recognition_Model\data\raw\023_007_003.mp4,23,7,3,59.94,148,1920,1080
C:\Users\AB\Downloads\Sign_Recognition_Model\data\raw\023_007_004.mp4,23,7,4,59.94,118,1920,1080
C:\Users\AB\Downloads\Sign_Recognition_Model\data\raw\023_007_005.mp4,23,7,5,59.94,118,1920,1080
C:\Users\AB\Downloads\Sign_Recognition_Model\data\raw\023_008_001.mp4,23,8,1,59.94,118,1920,1080
C:\Users\AB\Downloads\Sign_Recognition_Model\data\raw\023_008_002.mp4,23,8,2,59.94,148,1920,1080
C:\Users\AB\Downloads\Sign_Recognition_Model\data\raw\023_008_003.mp4,23,8,3,59.94,118,1920,1080
C:\Users\AB\Downloads\Sign_Recognition_Model\data\raw\023_008_004.mp4,23,8,4,59.94,118,1920,1080
C:\Users\AB\Downloads\Sign_Recognition_Model\data\raw\023_008_005.mp4,23,8,5,59.94,118,1920,1080
C:\Users\AB\Downloads\Sign_Recognition_Model\data\raw\023_009_001.mp4,23,9,1,59.94,118,1920,1080
C:\Users\AB\Downloads\Sign_Recognition_Model\data\raw\023_009_002.mp4,23,9,2,59.94,148,1920,1080
C:\Users\AB\Downloads\Sign_Recognition_Model\data\raw\023_009_003.mp4,23,9,3,59.94,118,1920,1080
C:\Users\AB\Downloads\Sign_Recognition_Model\data\raw\023_009_004.mp4,23,9,4,59.94,118,1920,1080
C:\Users\AB\Downloads\Sign_Recognition_Model\data\raw\023_009_005.mp4,23,9,5,59.94,88,1920,1080
C:\Users\AB\Downloads\Sign_Recognition_Model\data\raw\023_010_001.mp4,23,10,1,59.94,118,1920,1080
C:\Users\AB\Downloads\Sign_Recognition_Model\data\raw\023_010_002.mp4,23,10,2,59.94,118,1920,1080
C:\Users\AB\Downloads\Sign_Recognition_Model\data\raw\023_010_003.mp4,23,10,3,59.94,118,1920,1080
C:\Users\AB\Downloads\Sign_Recognition_Model\data\raw\023_010_004.mp4,23,10,4,59.94,88,1920,1080
C:\Users\AB\Downloads\Sign_Recognition_Model\data\raw\023_010_005.mp4,23,10,5,59.94,118,1920,1080
C:\Users\AB\Downloads\Sign_Recognition_Model\data\raw\024_001_001.mp4,24,1,1,59.94,122,1920,1080
C:\Users\AB\Downloads\Sign_Recognition_Model\data\raw\024_001_002.mp4,24,1,2,59.94,152,1920,1080
C:\Users\AB\Downloads\Sign_Recognition_Model\data\raw\024_001_003.mp4,24,1,3,59.94,122,1920,1080
C:\Users\AB\Downloads\Sign_Recognition_Model\data\raw\024_001_004.mp4,24,1,4,59.94,122,1920,1080
C:\Users\AB\Downloads\Sign_Recognition_Model\data\raw\024_001_005.mp4,24,1,5,59.94,122,1920,1080
C:\Users\AB\Downloads\Sign_Recognition_Model\data\raw\024_002_001.mp4,24,2,1,59.94,182,1920,1080
C:\Users\AB\Downloads\Sign_Recognition_Model\data\raw\024_002_002.mp4,24,2,2,59.94,122,1920,1080
C:\Users\AB\Downloads\Sign_Recognition_Model\data\raw\024_002_003.mp4,24,2,3,59.94,122,1920,1080
C:\Users\AB\Downloads\Sign_Recognition_Model\data\raw\024_002_004.mp4,24,2,4,59.94,152,1920,1080
C:\Users\AB\Downloads\Sign_Recognition_Model\data\raw\024_002_005.mp4,24,2,5,59.94,122,1920,1080
C:\Users\AB\Downloads\Sign_Recognition_Model\data\raw\024_003_001.mp4,24,3,1,59.94,122,1920,1080
C:\Users\AB\Downloads\Sign_Recognition_Model\data\raw\024_003_002.mp4,24,3,2,59.94,122,1920,1080
C:\Users\AB\Downloads\Sign_Recognition_Model\data\raw\024_003_003.mp4,24,3,3,59.94,122,1920,1080
C:\Users\AB\Downloads\Sign_Recognition_Model\data\raw\024_003_004.mp4,24,3,4,59.94,122,1920,1080
C:\Users\AB\Downloads\Sign_Recognition_Model\data\raw\024_003_005.mp4,24,3,5,59.94,122,1920,1080
C:\Users\AB\Downloads\Sign_Recognition_Model\data\raw\024_004_001.mp4,24,4,1,59.94,122,1920,1080
C:\Users\AB\Downloads\Sign_Recognition_Model\data\raw\024_004_002.mp4,24,4,2,59.94,122,1920,1080
C:\Users\AB\Downloads\Sign_Recognition_Model\data\raw\024_004_003.mp4,24,4,3,59.94,122,1920,1080
C:\Users\AB\Downloads\Sign_Recognition_Model\data\raw\024_004_004.mp4,24,4,4,59.94,152,1920,1080
C:\Users\AB\Downloads\Sign_Recognition_Model\data\raw\024_004_005.mp4,24,4,5,59.94,122,1920,1080
C:\Users\AB\Downloads\Sign_Recognition_Model\data\raw\024_005_001.mp4,24,5,1,59.94,152,1920,1080
C:\Users\AB\Downloads\Sign_Recognition_Model\data\raw\024_005_002.mp4,24,5,2,59.94,122,1920,1080
C:\Users\AB\Downloads\Sign_Recognition_Model\data\raw\024_005_003.mp4,24,5,3,59.94,152,1920,1080
C:\Users\AB\Downloads\Sign_Recognition_Model\data\raw\024_005_004.mp4,24,5,4,59.94,122,1920,1080
C:\Users\AB\Downloads\Sign_Recognition_Model\data\raw\024_005_005.mp4,24,5,5,59.94,152,1920,1080
C:\Users\AB\Downloads\Sign_Recognition_Model\data\raw\024_006_001.mp4,24,6,1,59.94,122,1920,1080
C:\Users\AB\Downloads\Sign_Recognition_Model\data\raw\024_006_002.mp4,24,6,2,59.94,122,1920,1080
C:\Users\AB\Downloads\Sign_Recognition_Model\data\raw\024_006_003.mp4,24,6,3,59.94,122,1920,1080
C:\Users\AB\Downloads\Sign_Recognition_Model\data\raw\024_006_004.mp4,24,6,4,59.94,122,1920,1080
C:\Users\AB\Downloads\Sign_Recognition_Model\data\raw\024_006_005.mp4,24,6,5,59.94,122,1920,1080
C:\Users\AB\Downloads\Sign_Recognition_Model\data\raw\024_007_001.mp4,24,7,1,59.94,122,1920,1080
C:\Users\AB\Downloads\Sign_Recognition_Model\data\raw\024_007_002.mp4,24,7,2,59.94,122,1920,1080
C:\Users\AB\Downloads\Sign_Recognition_Model\data\raw\024_007_003.mp4,24,7,3,59.94,122,1920,1080
C:\Users\AB\Downloads\Sign_Recognition_Model\data\raw\024_007_004.mp4,24,7,4,59.94,122,1920,1080
C:\Users\AB\Downloads\Sign_Recognition_Model\data\raw\024_007_005.mp4,24,7,5,59.94,152,1920,1080
C:\Users\AB\Downloads\Sign_Recognition_Model\data\raw\024_008_001.mp4,24,8,1,59.94,92,1920,1080
C:\Users\AB\Downloads\Sign_Recognition_Model\data\raw\024_008_002.mp4,24,8,2,59.94,92,1920,1080
C:\Users\AB\Downloads\Sign_Recognition_Model\data\raw\024_008_003.mp4,24,8,3,59.94,122,1920,1080
C:\Users\AB\Downloads\Sign_Recognition_Model\data\raw\024_008_004.mp4,24,8,4,59.94,92,1920,1080
C:\Users\AB\Downloads\Sign_Recognition_Model\data\raw\024_008_005.mp4,24,8,5,59.94,122,1920,1080
C:\Users\AB\Downloads\Sign_Recognition_Model\data\raw\024_009_001.mp4,24,9,1,59.94,152,1920,1080
C:\Users\AB\Downloads\Sign_Recognition_Model\data\raw\024_009_002.mp4,24,9,2,59.94,122,1920,1080
C:\Users\AB\Downloads\Sign_Recognition_Model\data\raw\024_009_003.mp4,24,9,3,59.94,152,1920,1080
C:\Users\AB\Downloads\Sign_Recognition_Model\data\raw\024_009_004.mp4,24,9,4,59.94,152,1920,1080
C:\Users\AB\Downloads\Sign_Recognition_Model\data\raw\024_009_005.mp4,24,9,5,59.94,152,1920,1080
C:\Users\AB\Downloads\Sign_Recognition_Model\data\raw\024_010_001.mp4,24,10,1,59.94,122,1920,1080
C:\Users\AB\Downloads\Sign_Recognition_Model\data\raw\024_010_002.mp4,24,10,2,59.94,122,1920,1080
C:\Users\AB\Downloads\Sign_Recognition_Model\data\raw\024_010_003.mp4,24,10,3,59.94,122,1920,1080
C:\Users\AB\Downloads\Sign_Recognition_Model\data\raw\024_010_004.mp4,24,10,4,59.94,152,1920,1080
C:\Users\AB\Downloads\Sign_Recognition_Model\data\raw\024_010_005.mp4,24,10,5,59.94,152,1920,1080
C:\Users\AB\Downloads\Sign_Recognition_Model\data\raw\025_001_001.mp4,25,1,1,59.94,152,1920,1080
C:\Users\AB\Downloads\Sign_Recognition_Model\data\raw\025_001_002.mp4,25,1,2,59.94,152,1920,1080
C:\Users\AB\Downloads\Sign_Recognition_Model\data\raw\025_001_003.mp4,25,1,3,59.94,152,1920,1080
C:\Users\AB\Downloads\Sign_Recognition_Model\data\raw\025_001_004.mp4,25,1,4,59.94,122,1920,1080
C:\Users\AB\Downloads\Sign_Recognition_Model\data\raw\025_001_005.mp4,25,1,5,59.94,122,1920,1080
C:\Users\AB\Downloads\Sign_Recognition_Model\data\raw\025_002_001.mp4,25,2,1,59.94,152,1920,1080
C:\Users\AB\Downloads\Sign_Recognition_Model\data\raw\025_002_002.mp4,25,2,2,59.94,152,1920,1080
C:\Users\AB\Downloads\Sign_Recognition_Model\data\raw\025_002_003.mp4,25,2,3,59.94,152,1920,1080
C:\Users\AB\Downloads\Sign_Recognition_Model\data\raw\025_002_004.mp4,25,2,4,59.94,122,1920,1080
C:\Users\AB\Downloads\Sign_Recognition_Model\data\raw\025_002_005.mp4,25,2,5,59.94,152,1920,1080
C:\Users\AB\Downloads\Sign_Recognition_Model\data\raw\025_003_001.mp4,25,3,1,59.94,122,1920,1080
C:\Users\AB\Downloads\Sign_Recognition_Model\data\raw\025_003_002.mp4,25,3,2,59.94,122,1920,1080
C:\Users\AB\Downloads\Sign_Recognition_Model\data\raw\025_003_003.mp4,25,3,3,59.94,152,1920,1080
C:\Users\AB\Downloads\Sign_Recognition_Model\data\raw\025_003_004.mp4,25,3,4,59.94,122,1920,1080
C:\Users\AB\Downloads\Sign_Recognition_Model\data\raw\025_003_005.mp4,25,3,5,59.94,122,1920,1080
C:\Users\AB\Downloads\Sign_Recognition_Model\data\raw\025_004_001.mp4,25,4,1,59.94,152,1920,1080
C:\Users\AB\Downloads\Sign_Recognition_Model\data\raw\025_004_002.mp4,25,4,2,59.94,152,1920,1080
C:\Users\AB\Downloads\Sign_Recognition_Model\data\raw\025_004_003.mp4,25,4,3,59.94,122,1920,1080
C:\Users\AB\Downloads\Sign_Recognition_Model\data\raw\025_004_004.mp4,25,4,4,59.94,152,1920,1080
C:\Users\AB\Downloads\Sign_Recognition_Model\data\raw\025_004_005.mp4,25,4,5,59.94,152,1920,1080
C:\Users\AB\Downloads\Sign_Recognition_Model\data\raw\025_005_001.mp4,25,5,1,59.94,152,1920,1080
C:\Users\AB\Downloads\Sign_Recognition_Model\data\raw\025_005_002.mp4,25,5,2,59.94,152,1920,1080
C:\Users\AB\Downloads\Sign_Recognition_Model\data\raw\025_005_003.mp4,25,5,3,59.94,152,1920,1080
C:\Users\AB\Downloads\Sign_Recognition_Model\data\raw\025_005_004.mp4,25,5,4,59.94,152,1920,1080
C:\Users\AB\Downloads\Sign_Recognition_Model\data\raw\025_005_005.mp4,25,5,5,59.94,152,1920,1080
C:\Users\AB\Downloads\Sign_Recognition_Model\data\raw\025_006_001.mp4,25,6,1,59.94,152,1920,1080
C:\Users\AB\Downloads\Sign_Recognition_Model\data\raw\025_006_002.mp4,25,6,2,59.94,152,1920,1080
C:\Users\AB\Downloads\Sign_Recognition_Model\data\raw\025_006_003.mp4,25,6,3,59.94,152,1920,1080
C:\Users\AB\Downloads\Sign_Recognition_Model\data\raw\025_006_004.mp4,25,6,4,59.94,122,1920,1080
C:\Users\AB\Downloads\Sign_Recognition_Model\data\raw\025_006_005.mp4,25,6,5,59.94,152,1920,1080
C:\Users\AB\Downloads\Sign_Recognition_Model\data\raw\025_007_001.mp4,25,7,1,59.94,122,1920,1080
C:\Users\AB\Downloads\Sign_Recognition_Model\data\raw\025_007_002.mp4,25,7,2,59.94,122,1920,1080
C:\Users\AB\Downloads\Sign_Recognition_Model\data\raw\025_007_003.mp4,25,7,3,59.94,182,1920,1080
C:\Users\AB\Downloads\Sign_Recognition_Model\data\raw\025_007_004.mp4,25,7,4,59.94,122,1920,1080
C:\Users\AB\Downloads\Sign_Recognition_Model\data\raw\025_007_005.mp4,25,7,5,59.94,152,1920,1080
C:\Users\AB\Downloads\Sign_Recognition_Model\data\raw\025_008_001.mp4,25,8,1,59.94,122,1920,1080
C:\Users\AB\Downloads\Sign_Recognition_Model\data\raw\025_008_002.mp4,25,8,2,59.94,122,1920,1080
C:\Users\AB\Downloads\Sign_Recognition_Model\data\raw\025_008_003.mp4,25,8,3,59.94,122,1920,1080
C:\Users\AB\Downloads\Sign_Recognition_Model\data\raw\025_008_004.mp4,25,8,4,59.94,122,1920,1080
C:\Users\AB\Downloads\Sign_Recognition_Model\data\raw\025_008_005.mp4,25,8,5,59.94,122,1920,1080
C:\Users\AB\Downloads\Sign_Recognition_Model\data\raw\025_009_001.mp4,25,9,1,59.94,122,1920,1080
C:\Users\AB\Downloads\Sign_Recognition_Model\data\raw\025_009_002.mp4,25,9,2,59.94,122,1920,1080
C:\Users\AB\Downloads\Sign_Recognition_Model\data\raw\025_009_003.mp4,25,9,3,59.94,152,1920,1080
C:\Users\AB\Downloads\Sign_Recognition_Model\data\raw\025_009_004.mp4,25,9,4,59.94,152,1920,1080
C:\Users\AB\Downloads\Sign_Recognition_Model\data\raw\025_009_005.mp4,25,9,5,59.94,152,1920,1080
C:\Users\AB\Downloads\Sign_Recognition_Model\data\raw\025_010_001.mp4,25,10,1,59.94,152,1920,1080
C:\Users\AB\Downloads\Sign_Recognition_Model\data\raw\025_010_002.mp4,25,10,2,59.94,152,1920,1080
C:\Users\AB\Downloads\Sign_Recognition_Model\data\raw\025_010_003.mp4,25,10,3,59.94,122,1920,1080
C:\Users\AB\Downloads\Sign_Recognition_Model\data\raw\025_010_004.mp4,25,10,4,59.94,122,1920,1080
C:\Users\AB\Downloads\Sign_Recognition_Model\data\raw\025_010_005.mp4,25,10,5,59.94,122,1920,1080
C:\Users\AB\Downloads\Sign_Recognition_Model\data\raw\026_001_001.mp4,26,1,1,59.94,122,1920,1080
C:\Users\AB\Downloads\Sign_Recognition_Model\data\raw\026_001_002.mp4,26,1,2,59.94,122,1920,1080
C:\Users\AB\Downloads\Sign_Recognition_Model\data\raw\026_001_003.mp4,26,1,3,59.94,152,1920,1080
C:\Users\AB\Downloads\Sign_Recognition_Model\data\raw\026_001_004.mp4,26,1,4,59.94,122,1920,1080
C:\Users\AB\Downloads\Sign_Recognition_Model\data\raw\026_001_005.mp4,26,1,5,59.94,152,1920,1080
C:\Users\AB\Downloads\Sign_Recognition_Model\data\raw\026_002_001.mp4,26,2,1,59.94,152,1920,1080
C:\Users\AB\Downloads\Sign_Recognition_Model\data\raw\026_002_002.mp4,26,2,2,59.94,122,1920,1080
C:\Users\AB\Downloads\Sign_Recognition_Model\data\raw\026_002_003.mp4,26,2,3,59.94,182,1920,1080
C:\Users\AB\Downloads\Sign_Recognition_Model\data\raw\026_002_004.mp4,26,2,4,59.94,122,1920,1080
C:\Users\AB\Downloads\Sign_Recognition_Model\data\raw\026_002_005.mp4,26,2,5,59.94,122,1920,1080
C:\Users\AB\Downloads\Sign_Recognition_Model\data\raw\026_003_001.mp4,26,3,1,59.94,122,1920,1080
C:\Users\AB\Downloads\Sign_Recognition_Model\data\raw\026_003_002.mp4,26,3,2,59.94,122,1920,1080
C:\Users\AB\Downloads\Sign_Recognition_Model\data\raw\026_003_003.mp4,26,3,3,59.94,122,1920,1080
C:\Users\AB\Downloads\Sign_Recognition_Model\data\raw\026_003_004.mp4,26,3,4,59.94,152,1920,1080
C:\Users\AB\Downloads\Sign_Recognition_Model\data\raw\026_003_005.mp4,26,3,5,59.94,122,1920,1080
C:\Users\AB\Downloads\Sign_Recognition_Model\data\raw\026_004_001.mp4,26,4,1,59.94,122,1920,1080
C:\Users\AB\Downloads\Sign_Recognition_Model\data\raw\026_004_002.mp4,26,4,2,59.94,122,1920,1080
C:\Users\AB\Downloads\Sign_Recognition_Model\data\raw\026_004_003.mp4,26,4,3,59.94,122,1920,1080
C:\Users\AB\Downloads\Sign_Recognition_Model\data\raw\026_004_004.mp4,26,4,4,59.94,122,1920,1080
C:\Users\AB\Downloads\Sign_Recognition_Model\data\raw\026_004_005.mp4,26,4,5,59.94,122,1920,1080
C:\Users\AB\Downloads\Sign_Recognition_Model\data\raw\026_005_001.mp4,26,5,1,59.94,122,1920,1080
C:\Users\AB\Downloads\Sign_Recognition_Model\data\raw\026_005_002.mp4,26,5,2,59.94,152,1920,1080
C:\Users\AB\Downloads\Sign_Recognition_Model\data\raw\026_005_003.mp4,26,5,3,59.94,152,1920,1080
C:\Users\AB\Downloads\Sign_Recognition_Model\data\raw\026_005_004.mp4,26,5,4,59.94,122,1920,1080
C:\Users\AB\Downloads\Sign_Recognition_Model\data\raw\026_005_005.mp4,26,5,5,59.94,122,1920,1080
C:\Users\AB\Downloads\Sign_Recognition_Model\data\raw\026_006_001.mp4,26,6,1,59.94,122,1920,1080
C:\Users\AB\Downloads\Sign_Recognition_Model\data\raw\026_006_002.mp4,26,6,2,59.94,122,1920,1080
C:\Users\AB\Downloads\Sign_Recognition_Model\data\raw\026_006_003.mp4,26,6,3,59.94,152,1920,1080
C:\Users\AB\Downloads\Sign_Recognition_Model\data\raw\026_006_004.mp4,26,6,4,59.94,152,1920,1080
C:\Users\AB\Downloads\Sign_Recognition_Model\data\raw\026_006_005.mp4,26,6,5,59.94,152,1920,1080
C:\Users\AB\Downloads\Sign_Recognition_Model\data\raw\026_007_001.mp4,26,7,1,59.94,92,1920,1080
C:\Users\AB\Downloads\Sign_Recognition_Model\data\raw\026_007_002.mp4,26,7,2,59.94,122,1920,1080
C:\Users\AB\Downloads\Sign_Recognition_Model\data\raw\026_007_003.mp4,26,7,3,59.94,92,1920,1080
C:\Users\AB\Downloads\Sign_Recognition_Model\data\raw\026_007_004.mp4,26,7,4,59.94,152,1920,1080
C:\Users\AB\Downloads\Sign_Recognition_Model\data\raw\026_007_005.mp4,26,7,5,59.94,152,1920,1080
C:\Users\AB\Downloads\Sign_Recognition_Model\data\raw\026_008_001.mp4,26,8,1,59.94,92,1920,1080
C:\Users\AB\Downloads\Sign_Recognition_Model\data\raw\026_008_002.mp4,26,8,2,59.94,92,1920,1080
C:\Users\AB\Downloads\Sign_Recognition_Model\data\raw\026_008_003.mp4,26,8,3,59.94,92,1920,1080
C:\Users\AB\Downloads\Sign_Recognition_Model\data\raw\026_008_004.mp4,26,8,4,59.94,122,1920,1080
C:\Users\AB\Downloads\Sign_Recognition_Model\data\raw\026_008_005.mp4,26,8,5,59.94,122,1920,1080
C:\Users\AB\Downloads\Sign_Recognition_Model\data\raw\026_009_001.mp4,26,9,1,59.94,152,1920,1080
C:\Users\AB\Downloads\Sign_Recognition_Model\data\raw\026_009_002.mp4,26,9,2,59.94,122,1920,1080
C:\Users\AB\Downloads\Sign_Recognition_Model\data\raw\026_009_003.mp4,26,9,3,59.94,152,1920,1080
C:\Users\AB\Downloads\Sign_Recognition_Model\data\raw\026_009_004.mp4,26,9,4,59.94,122,1920,1080
C:\Users\AB\Downloads\Sign_Recognition_Model\data\raw\026_009_005.mp4,26,9,5,59.94,122,1920,1080
C:\Users\AB\Downloads\Sign_Recognition_Model\data\raw\026_010_001.mp4,26,10,1,59.94,122,1920,1080
C:\Users\AB\Downloads\Sign_Recognition_Model\data\raw\026_010_002.mp4,26,10,2,59.94,122,1920,1080
C:\Users\AB\Downloads\Sign_Recognition_Model\data\raw\026_010_003.mp4,26,10,3,59.94,122,1920,1080
C:\Users\AB\Downloads\Sign_Recognition_Model\data\raw\026_010_004.mp4,26,10,4,59.94,152,1920,1080
C:\Users\AB\Downloads\Sign_Recognition_Model\data\raw\026_010_005.mp4,26,10,5,59.94,152,1920,1080
C:\Users\AB\Downloads\Sign_Recognition_Model\data\raw\027_001_001.mp4,27,1,1,59.94,122,1920,1080
C:\Users\AB\Downloads\Sign_Recognition_Model\data\raw\027_001_002.mp4,27,1,2,59.94,122,1920,1080
C:\Users\AB\Downloads\Sign_Recognition_Model\data\raw\027_001_003.mp4,27,1,3,59.94,122,1920,1080
C:\Users\AB\Downloads\Sign_Recognition_Model\data\raw\027_001_004.mp4,27,1,4,59.94,122,1920,1080
C:\Users\AB\Downloads\Sign_Recognition_Model\data\raw\027_001_005.mp4,27,1,5,59.94,122,1920,1080
C:\Users\AB\Downloads\Sign_Recognition_Model\data\raw\027_002_001.mp4,27,2,1,59.94,122,1920,1080
C:\Users\AB\Downloads\Sign_Recognition_Model\data\raw\027_002_002.mp4,27,2,2,59.94,92,1920,1080
C:\Users\AB\Downloads\Sign_Recognition_Model\data\raw\027_002_003.mp4,27,2,3,59.94,92,1920,1080
C:\Users\AB\Downloads\Sign_Recognition_Model\data\raw\027_002_004.mp4,27,2,4,59.94,122,1920,1080
C:\Users\AB\Downloads\Sign_Recognition_Model\data\raw\027_002_005.mp4,27,2,5,59.94,122,1920,1080
C:\Users\AB\Downloads\Sign_Recognition_Model\data\raw\027_003_001.mp4,27,3,1,59.94,152,1920,1080
C:\Users\AB\Downloads\Sign_Recognition_Model\data\raw\027_003_002.mp4,27,3,2,59.94,122,1920,1080
C:\Users\AB\Downloads\Sign_Recognition_Model\data\raw\027_003_003.mp4,27,3,3,59.94,152,1920,1080
C:\Users\AB\Downloads\Sign_Recognition_Model\data\raw\027_003_004.mp4,27,3,4,59.94,122,1920,1080
C:\Users\AB\Downloads\Sign_Recognition_Model\data\raw\027_003_005.mp4,27,3,5,59.94,122,1920,1080
C:\Users\AB\Downloads\Sign_Recognition_Model\data\raw\027_004_001.mp4,27,4,1,59.94,152,1920,1080
C:\Users\AB\Downloads\Sign_Recognition_Model\data\raw\027_004_002.mp4,27,4,2,59.94,122,1920,1080
C:\Users\AB\Downloads\Sign_Recognition_Model\data\raw\027_004_003.mp4,27,4,3,59.94,152,1920,1080
C:\Users\AB\Downloads\Sign_Recognition_Model\data\raw\027_004_004.mp4,27,4,4,59.94,152,1920,1080
C:\Users\AB\Downloads\Sign_Recognition_Model\data\raw\027_004_005.mp4,27,4,5,59.94,122,1920,1080
C:\Users\AB\Downloads\Sign_Recognition_Model\data\raw\027_005_001.mp4,27,5,1,59.94,122,1920,1080
C:\Users\AB\Downloads\Sign_Recognition_Model\data\raw\027_005_002.mp4,27,5,2,59.94,122,1920,1080
C:\Users\AB\Downloads\Sign_Recognition_Model\data\raw\027_005_003.mp4,27,5,3,59.94,122,1920,1080
C:\Users\AB\Downloads\Sign_Recognition_Model\data\raw\027_005_004.mp4,27,5,4,59.94,122,1920,1080
C:\Users\AB\Downloads\Sign_Recognition_Model\data\raw\027_005_005.mp4,27,5,5,59.94,92,1920,1080
C:\Users\AB\Downloads\Sign_Recognition_Model\data\raw\027_006_001.mp4,27,6,1,59.94,122,1920,1080
C:\Users\AB\Downloads\Sign_Recognition_Model\data\raw\027_006_002.mp4,27,6,2,59.94,122,1920,1080
C:\Users\AB\Downloads\Sign_Recognition_Model\data\raw\027_006_003.mp4,27,6,3,59.94,152,1920,1080
C:\Users\AB\Downloads\Sign_Recognition_Model\data\raw\027_006_004.mp4,27,6,4,59.94,122,1920,1080
C:\Users\AB\Downloads\Sign_Recognition_Model\data\raw\027_006_005.mp4,27,6,5,59.94,152,1920,1080
C:\Users\AB\Downloads\Sign_Recognition_Model\data\raw\027_007_001.mp4,27,7,1,59.94,92,1920,1080
C:\Users\AB\Downloads\Sign_Recognition_Model\data\raw\027_007_002.mp4,27,7,2,59.94,122,1920,1080
C:\Users\AB\Downloads\Sign_Recognition_Model\data\raw\027_007_003.mp4,27,7,3,59.94,152,1920,1080
C:\Users\AB\Downloads\Sign_Recognition_Model\data\raw\027_007_004.mp4,27,7,4,59.94,122,1920,1080
C:\Users\AB\Downloads\Sign_Recognition_Model\data\raw\027_007_005.mp4,27,7,5,59.94,152,1920,1080
C:\Users\AB\Downloads\Sign_Recognition_Model\data\raw\027_008_001.mp4,27,8,1,59.94,122,1920,1080
C:\Users\AB\Downloads\Sign_Recognition_Model\data\raw\027_008_002.mp4,27,8,2,59.94,92,1920,1080
C:\Users\AB\Downloads\Sign_Recognition_Model\data\raw\027_008_003.mp4,27,8,3,59.94,122,1920,1080
C:\Users\AB\Downloads\Sign_Recognition_Model\data\raw\027_008_004.mp4,27,8,4,59.94,92,1920,1080
C:\Users\AB\Downloads\Sign_Recognition_Model\data\raw\027_008_005.mp4,27,8,5,59.94,122,1920,1080
C:\Users\AB\Downloads\Sign_Recognition_Model\data\raw\027_009_001.mp4,27,9,1,59.94,122,1920,1080
C:\Users\AB\Downloads\Sign_Recognition_Model\data\raw\027_009_002.mp4,27,9,2,59.94,122,1920,1080
C:\Users\AB\Downloads\Sign_Recognition_Model\data\raw\027_009_003.mp4,27,9,3,59.94,122,1920,1080
C:\Users\AB\Downloads\Sign_Recognition_Model\data\raw\027_009_004.mp4,27,9,4,59.94,152,1920,1080
C:\Users\AB\Downloads\Sign_Recognition_Model\data\raw\027_009_005.mp4,27,9,5,59.94,92,1920,1080
C:\Users\AB\Downloads\Sign_Recognition_Model\data\raw\027_010_001.mp4,27,10,1,59.94,152,1920,1080
C:\Users\AB\Downloads\Sign_Recognition_Model\data\raw\027_010_002.mp4,27,10,2,59.94,122,1920,1080
C:\Users\AB\Downloads\Sign_Recognition_Model\data\raw\027_010_003.mp4,27,10,3,59.94,122,1920,1080
C:\Users\AB\Downloads\Sign_Recognition_Model\data\raw\027_010_004.mp4,27,10,4,59.94,122,1920,1080
C:\Users\AB\Downloads\Sign_Recognition_Model\data\raw\027_010_005.mp4,27,10,5,59.94,122,1920,1080
C:\Users\AB\Downloads\Sign_Recognition_Model\data\raw\028_001_001.mp4,28,1,1,59.94,92,1920,1080
C:\Users\AB\Downloads\Sign_Recognition_Model\data\raw\028_001_002.mp4,28,1,2,59.94,122,1920,1080
C:\Users\AB\Downloads\Sign_Recognition_Model\data\raw\028_001_003.mp4,28,1,3,59.94,122,1920,1080
C:\Users\AB\Downloads\Sign_Recognition_Model\data\raw\028_001_004.mp4,28,1,4,59.94,122,1920,1080
C:\Users\AB\Downloads\Sign_Recognition_Model\data\raw\028_001_005.mp4,28,1,5,59.94,122,1920,1080
C:\Users\AB\Downloads\Sign_Recognition_Model\data\raw\028_002_001.mp4,28,2,1,59.94,152,1920,1080
C:\Users\AB\Downloads\Sign_Recognition_Model\data\raw\028_002_002.mp4,28,2,2,59.94,122,1920,1080
C:\Users\AB\Downloads\Sign_Recognition_Model\data\raw\028_002_003.mp4,28,2,3,59.94,122,1920,1080
C:\Users\AB\Downloads\Sign_Recognition_Model\data\raw\028_002_004.mp4,28,2,4,59.94,152,1920,1080
C:\Users\AB\Downloads\Sign_Recognition_Model\data\raw\028_002_005.mp4,28,2,5,59.94,122,1920,1080
C:\Users\AB\Downloads\Sign_Recognition_Model\data\raw\028_003_001.mp4,28,3,1,59.94,152,1920,1080
C:\Users\AB\Downloads\Sign_Recognition_Model\data\raw\028_003_002.mp4,28,3,2,59.94,152,1920,1080
C:\Users\AB\Downloads\Sign_Recognition_Model\data\raw\028_003_003.mp4,28,3,3,59.94,152,1920,1080
C:\Users\AB\Downloads\Sign_Recognition_Model\data\raw\028_003_004.mp4,28,3,4,59.94,152,1920,1080
C:\Users\AB\Downloads\Sign_Recognition_Model\data\raw\028_003_005.mp4,28,3,5,59.94,122,1920,1080
C:\Users\AB\Downloads\Sign_Recognition_Model\data\raw\028_004_001.mp4,28,4,1,59.94,152,1920,1080
C:\Users\AB\Downloads\Sign_Recognition_Model\data\raw\028_004_002.mp4,28,4,2,59.94,152,1920,1080
C:\Users\AB\Downloads\Sign_Recognition_Model\data\raw\028_004_003.mp4,28,4,3,59.94,152,1920,1080
C:\Users\AB\Downloads\Sign_Recognition_Model\data\raw\028_004_004.mp4,28,4,4,59.94,152,1920,1080
C:\Users\AB\Downloads\Sign_Recognition_Model\data\raw\028_004_005.mp4,28,4,5,59.94,152,1920,1080
C:\Users\AB\Downloads\Sign_Recognition_Model\data\raw\028_005_001.mp4,28,5,1,59.94,152,1920,1080
C:\Users\AB\Downloads\Sign_Recognition_Model\data\raw\028_005_002.mp4,28,5,2,59.94,152,1920,1080
C:\Users\AB\Downloads\Sign_Recognition_Model\data\raw\028_005_003.mp4,28,5,3,59.94,152,1920,1080
C:\Users\AB\Downloads\Sign_Recognition_Model\data\raw\028_005_004.mp4,28,5,4,59.94,152,1920,1080
C:\Users\AB\Downloads\Sign_Recognition_Model\data\raw\028_005_005.mp4,28,5,5,59.94,122,1920,1080
C:\Users\AB\Downloads\Sign_Recognition_Model\data\raw\028_006_001.mp4,28,6,1,59.94,182,1920,1080
C:\Users\AB\Downloads\Sign_Recognition_Model\data\raw\028_006_002.mp4,28,6,2,59.94,152,1920,1080
C:\Users\AB\Downloads\Sign_Recognition_Model\data\raw\028_006_003.mp4,28,6,3,59.94,152,1920,1080
C:\Users\AB\Downloads\Sign_Recognition_Model\data\raw\028_006_004.mp4,28,6,4,59.94,152,1920,1080
C:\Users\AB\Downloads\Sign_Recognition_Model\data\raw\028_006_005.mp4,28,6,5,59.94,152,1920,1080
C:\Users\AB\Downloads\Sign_Recognition_Model\data\raw\028_007_001.mp4,28,7,1,59.94,152,1920,1080
C:\Users\AB\Downloads\Sign_Recognition_Model\data\raw\028_007_002.mp4,28,7,2,59.94,152,1920,1080
C:\Users\AB\Downloads\Sign_Recognition_Model\data\raw\028_007_003.mp4,28,7,3,59.94,182,1920,1080
C:\Users\AB\Downloads\Sign_Recognition_Model\data\raw\028_007_004.mp4,28,7,4,59.94,152,1920,1080
C:\Users\AB\Downloads\Sign_Recognition_Model\data\raw\028_007_005.mp4,28,7,5,59.94,182,1920,1080
C:\Users\AB\Downloads\Sign_Recognition_Model\data\raw\028_008_001.mp4,28,8,1,59.94,122,1920,1080
C:\Users\AB\Downloads\Sign_Recognition_Model\data\raw\028_008_002.mp4,28,8,2,59.94,122,1920,1080
C:\Users\AB\Downloads\Sign_Recognition_Model\data\raw\028_008_003.mp4,28,8,3,59.94,152,1920,1080
C:\Users\AB\Downloads\Sign_Recognition_Model\data\raw\028_008_004.mp4,28,8,4,59.94,152,1920,1080
C:\Users\AB\Downloads\Sign_Recognition_Model\data\raw\028_008_005.mp4,28,8,5,59.94,122,1920,1080
C:\Users\AB\Downloads\Sign_Recognition_Model\data\raw\028_009_001.mp4,28,9,1,59.94,152,1920,1080
C:\Users\AB\Downloads\Sign_Recognition_Model\data\raw\028_009_002.mp4,28,9,2,59.94,152,1920,1080
C:\Users\AB\Downloads\Sign_Recognition_Model\data\raw\028_009_003.mp4,28,9,3,59.94,152,1920,1080
C:\Users\AB\Downloads\Sign_Recognition_Model\data\raw\028_009_004.mp4,28,9,4,59.94,152,1920,1080
C:\Users\AB\Downloads\Sign_Recognition_Model\data\raw\028_009_005.mp4,28,9,5,59.94,152,1920,1080
C:\Users\AB\Downloads\Sign_Recognition_Model\data\raw\028_010_001.mp4,28,10,1,59.94,122,1920,1080
C:\Users\AB\Downloads\Sign_Recognition_Model\data\raw\028_010_002.mp4,28,10,2,59.94,152,1920,1080
C:\Users\AB\Downloads\Sign_Recognition_Model\data\raw\028_010_003.mp4,28,10,3,59.94,152,1920,1080
C:\Users\AB\Downloads\Sign_Recognition_Model\data\raw\028_010_004.mp4,28,10,4,59.94,122,1920,1080
C:\Users\AB\Downloads\Sign_Recognition_Model\data\raw\028_010_005.mp4,28,10,5,59.94,152,1920,1080
C:\Users\AB\Downloads\Sign_Recognition_Model\data\raw\029_001_001.mp4,29,1,1,59.94,92,1920,1080
C:\Users\AB\Downloads\Sign_Recognition_Model\data\raw\029_001_002.mp4,29,1,2,59.94,122,1920,1080
C:\Users\AB\Downloads\Sign_Recognition_Model\data\raw\029_001_003.mp4,29,1,3,59.94,122,1920,1080
C:\Users\AB\Downloads\Sign_Recognition_Model\data\raw\029_001_004.mp4,29,1,4,59.94,122,1920,1080
C:\Users\AB\Downloads\Sign_Recognition_Model\data\raw\029_001_005.mp4,29,1,5,59.94,92,1920,1080
C:\Users\AB\Downloads\Sign_Recognition_Model\data\raw\029_002_001.mp4,29,2,1,59.94,152,1920,1080
C:\Users\AB\Downloads\Sign_Recognition_Model\data\raw\029_002_002.mp4,29,2,2,59.94,152,1920,1080
C:\Users\AB\Downloads\Sign_Recognition_Model\data\raw\029_002_003.mp4,29,2,3,59.94,152,1920,1080
C:\Users\AB\Downloads\Sign_Recognition_Model\data\raw\029_002_004.mp4,29,2,4,59.94,122,1920,1080
C:\Users\AB\Downloads\Sign_Recognition_Model\data\raw\029_002_005.mp4,29,2,5,59.94,152,1920,1080
C:\Users\AB\Downloads\Sign_Recognition_Model\data\raw\029_003_001.mp4,29,3,1,59.94,92,1920,1080
C:\Users\AB\Downloads\Sign_Recognition_Model\data\raw\029_003_002.mp4,29,3,2,59.94,152,1920,1080
C:\Users\AB\Downloads\Sign_Recognition_Model\data\raw\029_003_003.mp4,29,3,3,59.94,122,1920,1080
C:\Users\AB\Downloads\Sign_Recognition_Model\data\raw\029_003_004.mp4,29,3,4,59.94,122,1920,1080
C:\Users\AB\Downloads\Sign_Recognition_Model\data\raw\029_003_005.mp4,29,3,5,59.94,122,1920,1080
C:\Users\AB\Downloads\Sign_Recognition_Model\data\raw\029_004_001.mp4,29,4,1,59.94,122,1920,1080
C:\Users\AB\Downloads\Sign_Recognition_Model\data\raw\029_004_002.mp4,29,4,2,59.94,152,1920,1080
C:\Users\AB\Downloads\Sign_Recognition_Model\data\raw\029_004_003.mp4,29,4,3,59.94,122,1920,1080
C:\Users\AB\Downloads\Sign_Recognition_Model\data\raw\029_004_004.mp4,29,4,4,59.94,152,1920,1080
C:\Users\AB\Downloads\Sign_Recognition_Model\data\raw\029_004_005.mp4,29,4,5,59.94,152,1920,1080
C:\Users\AB\Downloads\Sign_Recognition_Model\data\raw\029_005_001.mp4,29,5,1,59.94,122,1920,1080
C:\Users\AB\Downloads\Sign_Recognition_Model\data\raw\029_005_002.mp4,29,5,2,59.94,122,1920,1080
C:\Users\AB\Downloads\Sign_Recognition_Model\data\raw\029_005_003.mp4,29,5,3,59.94,122,1920,1080
C:\Users\AB\Downloads\Sign_Recognition_Model\data\raw\029_005_004.mp4,29,5,4,59.94,122,1920,1080
C:\Users\AB\Downloads\Sign_Recognition_Model\data\raw\029_005_005.mp4,29,5,5,59.94,122,1920,1080
C:\Users\AB\Downloads\Sign_Recognition_Model\data\raw\029_006_001.mp4,29,6,1,59.94,152,1920,1080
C:\Users\AB\Downloads\Sign_Recognition_Model\data\raw\029_006_002.mp4,29,6,2,59.94,152,1920,1080
C:\Users\AB\Downloads\Sign_Recognition_Model\data\raw\029_006_003.mp4,29,6,3,59.94,152,1920,1080
C:\Users\AB\Downloads\Sign_Recognition_Model\data\raw\029_006_004.mp4,29,6,4,59.94,122,1920,1080
C:\Users\AB\Downloads\Sign_Recognition_Model\data\raw\029_006_005.mp4,29,6,5,59.94,122,1920,1080
C:\Users\AB\Downloads\Sign_Recognition_Model\data\raw\029_007_001.mp4,29,7,1,59.94,122,1920,1080
C:\Users\AB\Downloads\Sign_Recognition_Model\data\raw\029_007_002.mp4,29,7,2,59.94,92,1920,1080
C:\Users\AB\Downloads\Sign_Recognition_Model\data\raw\029_007_003.mp4,29,7,3,59.94,152,1920,1080
C:\Users\AB\Downloads\Sign_Recognition_Model\data\raw\029_007_004.mp4,29,7,4,59.94,122,1920,1080
C:\Users\AB\Downloads\Sign_Recognition_Model\data\raw\029_007_005.mp4,29,7,5,59.94,152,1920,1080
C:\Users\AB\Downloads\Sign_Recognition_Model\data\raw\029_008_001.mp4,29,8,1,59.94,122,1920,1080
C:\Users\AB\Downloads\Sign_Recognition_Model\data\raw\029_008_002.mp4,29,8,2,59.94,122,1920,1080
C:\Users\AB\Downloads\Sign_Recognition_Model\data\raw\029_008_003.mp4,29,8,3,59.94,122,1920,1080
C:\Users\AB\Downloads\Sign_Recognition_Model\data\raw\029_008_004.mp4,29,8,4,59.94,122,1920,1080
C:\Users\AB\Downloads\Sign_Recognition_Model\data\raw\029_008_005.mp4,29,8,5,59.94,122,1920,1080
C:\Users\AB\Downloads\Sign_Recognition_Model\data\raw\029_009_001.mp4,29,9,1,59.94,122,1920,1080
C:\Users\AB\Downloads\Sign_Recognition_Model\data\raw\029_009_002.mp4,29,9,2,59.94,122,1920,1080
C:\Users\AB\Downloads\Sign_Recognition_Model\data\raw\029_009_003.mp4,29,9,3,59.94,152,1920,1080
C:\Users\AB\Downloads\Sign_Recognition_Model\data\raw\029_009_004.mp4,29,9,4,59.94,152,1920,1080
C:\Users\AB\Downloads\Sign_Recognition_Model\data\raw\029_009_005.mp4,29,9,5,59.94,122,1920,1080
C:\Users\AB\Downloads\Sign_Recognition_Model\data\raw\029_010_001.mp4,29,10,1,59.94,122,1920,1080
C:\Users\AB\Downloads\Sign_Recognition_Model\data\raw\029_010_002.mp4,29,10,2,59.94,152,1920,1080
C:\Users\AB\Downloads\Sign_Recognition_Model\data\raw\029_010_003.mp4,29,10,3,59.94,122,1920,1080
C:\Users\AB\Downloads\Sign_Recognition_Model\data\raw\029_010_004.mp4,29,10,4,59.94,122,1920,1080
C:\Users\AB\Downloads\Sign_Recognition_Model\data\raw\029_010_005.mp4,29,10,5,59.94,122,1920,1080
C:\Users\AB\Downloads\Sign_Recognition_Model\data\raw\030_001_001.mp4,30,1,1,59.94,122,1920,1080
C:\Users\AB\Downloads\Sign_Recognition_Model\data\raw\030_001_002.mp4,30,1,2,59.94,122,1920,1080
C:\Users\AB\Downloads\Sign_Recognition_Model\data\raw\030_001_003.mp4,30,1,3,59.94,152,1920,1080
C:\Users\AB\Downloads\Sign_Recognition_Model\data\raw\030_001_004.mp4,30,1,4,59.94,122,1920,1080
C:\Users\AB\Downloads\Sign_Recognition_Model\data\raw\030_001_005.mp4,30,1,5,59.94,122,1920,1080
C:\Users\AB\Downloads\Sign_Recognition_Model\data\raw\030_002_001.mp4,30,2,1,59.94,152,1920,1080
C:\Users\AB\Downloads\Sign_Recognition_Model\data\raw\030_002_002.mp4,30,2,2,59.94,152,1920,1080
C:\Users\AB\Downloads\Sign_Recognition_Model\data\raw\030_002_003.mp4,30,2,3,59.94,92,1920,1080
C:\Users\AB\Downloads\Sign_Recognition_Model\data\raw\030_002_004.mp4,30,2,4,59.94,122,1920,1080
C:\Users\AB\Downloads\Sign_Recognition_Model\data\raw\030_002_005.mp4,30,2,5,59.94,122,1920,1080
C:\Users\AB\Downloads\Sign_Recognition_Model\data\raw\030_003_001.mp4,30,3,1,59.94,122,1920,1080
C:\Users\AB\Downloads\Sign_Recognition_Model\data\raw\030_003_002.mp4,30,3,2,59.94,152,1920,1080
C:\Users\AB\Downloads\Sign_Recognition_Model\data\raw\030_003_003.mp4,30,3,3,59.94,152,1920,1080
C:\Users\AB\Downloads\Sign_Recognition_Model\data\raw\030_003_004.mp4,30,3,4,59.94,152,1920,1080
C:\Users\AB\Downloads\Sign_Recognition_Model\data\raw\030_003_005.mp4,30,3,5,59.94,122,1920,1080
C:\Users\AB\Downloads\Sign_Recognition_Model\data\raw\030_004_001.mp4,30,4,1,59.94,122,1920,1080
C:\Users\AB\Downloads\Sign_Recognition_Model\data\raw\030_004_002.mp4,30,4,2,59.94,152,1920,1080
C:\Users\AB\Downloads\Sign_Recognition_Model\data\raw\030_004_003.mp4,30,4,3,59.94,122,1920,1080
C:\Users\AB\Downloads\Sign_Recognition_Model\data\raw\030_004_004.mp4,30,4,4,59.94,152,1920,1080
C:\Users\AB\Downloads\Sign_Recognition_Model\data\raw\030_004_005.mp4,30,4,5,59.94,122,1920,1080
C:\Users\AB\Downloads\Sign_Recognition_Model\data\raw\030_005_001.mp4,30,5,1,59.94,152,1920,1080
C:\Users\AB\Downloads\Sign_Recognition_Model\data\raw\030_005_002.mp4,30,5,2,59.94,152,1920,1080
C:\Users\AB\Downloads\Sign_Recognition_Model\data\raw\030_005_003.mp4,30,5,3,59.94,152,1920,1080
C:\Users\AB\Downloads\Sign_Recognition_Model\data\raw\030_005_004.mp4,30,5,4,59.94,152,1920,1080
C:\Users\AB\Downloads\Sign_Recognition_Model\data\raw\030_005_005.mp4,30,5,5,59.94,152,1920,1080
C:\Users\AB\Downloads\Sign_Recognition_Model\data\raw\030_006_001.mp4,30,6,1,59.94,152,1920,1080
C:\Users\AB\Downloads\Sign_Recognition_Model\data\raw\030_006_002.mp4,30,6,2,59.94,182,1920,1080
C:\Users\AB\Downloads\Sign_Recognition_Model\data\raw\030_006_003.mp4,30,6,3,59.94,212,1920,1080
C:\Users\AB\Downloads\Sign_Recognition_Model\data\raw\030_006_004.mp4,30,6,4,59.94,182,1920,1080
C:\Users\AB\Downloads\Sign_Recognition_Model\data\raw\030_006_005.mp4,30,6,5,59.94,212,1920,1080
C:\Users\AB\Downloads\Sign_Recognition_Model\data\raw\030_007_001.mp4,30,7,1,59.94,122,1920,1080
C:\Users\AB\Downloads\Sign_Recognition_Model\data\raw\030_007_002.mp4,30,7,2,59.94,152,1920,1080
C:\Users\AB\Downloads\Sign_Recognition_Model\data\raw\030_007_003.mp4,30,7,3,59.94,152,1920,1080
C:\Users\AB\Downloads\Sign_Recognition_Model\data\raw\030_007_004.mp4,30,7,4,59.94,122,1920,1080
C:\Users\AB\Downloads\Sign_Recognition_Model\data\raw\030_007_005.mp4,30,7,5,59.94,122,1920,1080
C:\Users\AB\Downloads\Sign_Recognition_Model\data\raw\030_008_001.mp4,30,8,1,59.94,122,1920,1080
C:\Users\AB\Downloads\Sign_Recognition_Model\data\raw\030_008_002.mp4,30,8,2,59.94,122,1920,1080
C:\Users\AB\Downloads\Sign_Recognition_Model\data\raw\030_008_003.mp4,30,8,3,59.94,122,1920,1080
C:\Users\AB\Downloads\Sign_Recognition_Model\data\raw\030_008_004.mp4,30,8,4,59.94,122,1920,1080
C:\Users\AB\Downloads\Sign_Recognition_Model\data\raw\030_008_005.mp4,30,8,5,59.94,122,1920,1080
C:\Users\AB\Downloads\Sign_Recognition_Model\data\raw\030_009_001.mp4,30,9,1,59.94,122,1920,1080
C:\Users\AB\Downloads\Sign_Recognition_Model\data\raw\030_009_002.mp4,30,9,2,59.94,152,1920,1080
C:\Users\AB\Downloads\Sign_Recognition_Model\data\raw\030_009_003.mp4,30,9,3,59.94,152,1920,1080
C:\Users\AB\Downloads\Sign_Recognition_Model\data\raw\030_009_004.mp4,30,9,4,59.94,152,1920,1080
C:\Users\AB\Downloads\Sign_Recognition_Model\data\raw\030_009_005.mp4,30,9,5,59.94,152,1920,1080
C:\Users\AB\Downloads\Sign_Recognition_Model\data\raw\030_010_001.mp4,30,10,1,59.94,122,1920,1080
C:\Users\AB\Downloads\Sign_Recognition_Model\data\raw\030_010_002.mp4,30,10,2,59.94,152,1920,1080
C:\Users\AB\Downloads\Sign_Recognition_Model\data\raw\030_010_003.mp4,30,10,3,59.94,152,1920,1080
C:\Users\AB\Downloads\Sign_Recognition_Model\data\raw\030_010_004.mp4,30,10,4,59.94,152,1920,1080
C:\Users\AB\Downloads\Sign_Recognition_Model\data\raw\030_010_005.mp4,30,10,5,59.94,152,1920,1080
C:\Users\AB\Downloads\Sign_Recognition_Model\data\raw\031_001_001.mp4,31,1,1,59.94,182,1920,1080
C:\Users\AB\Downloads\Sign_Recognition_Model\data\raw\031_001_002.mp4,31,1,2,59.94,182,1920,1080
C:\Users\AB\Downloads\Sign_Recognition_Model\data\raw\031_001_003.mp4,31,1,3,59.94,182,1920,1080
C:\Users\AB\Downloads\Sign_Recognition_Model\data\raw\031_001_004.mp4,31,1,4,59.94,152,1920,1080
C:\Users\AB\Downloads\Sign_Recognition_Model\data\raw\031_001_005.mp4,31,1,5,59.94,182,1920,1080
C:\Users\AB\Downloads\Sign_Recognition_Model\data\raw\031_002_001.mp4,31,2,1,59.94,152,1920,1080
C:\Users\AB\Downloads\Sign_Recognition_Model\data\raw\031_002_002.mp4,31,2,2,59.94,182,1920,1080
C:\Users\AB\Downloads\Sign_Recognition_Model\data\raw\031_002_003.mp4,31,2,3,59.94,182,1920,1080
C:\Users\AB\Downloads\Sign_Recognition_Model\data\raw\031_002_004.mp4,31,2,4,59.94,182,1920,1080
C:\Users\AB\Downloads\Sign_Recognition_Model\data\raw\031_002_005.mp4,31,2,5,59.94,122,1920,1080
C:\Users\AB\Downloads\Sign_Recognition_Model\data\raw\031_003_001.mp4,31,3,1,59.94,182,1920,1080
C:\Users\AB\Downloads\Sign_Recognition_Model\data\raw\031_003_002.mp4,31,3,2,59.94,152,1920,1080
C:\Users\AB\Downloads\Sign_Recognition_Model\data\raw\031_003_003.mp4,31,3,3,59.94,182,1920,1080
C:\Users\AB\Downloads\Sign_Recognition_Model\data\raw\031_003_004.mp4,31,3,4,59.94,152,1920,1080
C:\Users\AB\Downloads\Sign_Recognition_Model\data\raw\031_003_005.mp4,31,3,5,59.94,182,1920,1080
C:\Users\AB\Downloads\Sign_Recognition_Model\data\raw\031_004_001.mp4,31,4,1,59.94,152,1920,1080
C:\Users\AB\Downloads\Sign_Recognition_Model\data\raw\031_004_002.mp4,31,4,2,59.94,152,1920,1080
C:\Users\AB\Downloads\Sign_Recognition_Model\data\raw\031_004_003.mp4,31,4,3,59.94,152,1920,1080
C:\Users\AB\Downloads\Sign_Recognition_Model\data\raw\031_004_004.mp4,31,4,4,59.94,122,1920,1080
C:\Users\AB\Downloads\Sign_Recognition_Model\data\raw\031_004_005.mp4,31,4,5,59.94,152,1920,1080
C:\Users\AB\Downloads\Sign_Recognition_Model\data\raw\031_005_001.mp4,31,5,1,59.94,152,1920,1080
C:\Users\AB\Downloads\Sign_Recognition_Model\data\raw\031_005_002.mp4,31,5,2,59.94,182,1920,1080
C:\Users\AB\Downloads\Sign_Recognition_Model\data\raw\031_005_003.mp4,31,5,3,59.94,152,1920,1080
C:\Users\AB\Downloads\Sign_Recognition_Model\data\raw\031_005_004.mp4,31,5,4,59.94,152,1920,1080
C:\Users\AB\Downloads\Sign_Recognition_Model\data\raw\031_005_005.mp4,31,5,5,59.94,182,1920,1080
C:\Users\AB\Downloads\Sign_Recognition_Model\data\raw\031_006_001.mp4,31,6,1,59.94,152,1920,1080
C:\Users\AB\Downloads\Sign_Recognition_Model\data\raw\031_006_002.mp4,31,6,2,59.94,212,1920,1080
C:\Users\AB\Downloads\Sign_Recognition_Model\data\raw\031_006_003.mp4,31,6,3,59.94,152,1920,1080
C:\Users\AB\Downloads\Sign_Recognition_Model\data\raw\031_006_004.mp4,31,6,4,59.94,152,1920,1080
C:\Users\AB\Downloads\Sign_Recognition_Model\data\raw\031_006_005.mp4,31,6,5,59.94,182,1920,1080
C:\Users\AB\Downloads\Sign_Recognition_Model\data\raw\031_007_001.mp4,31,7,1,59.94,152,1920,1080
C:\Users\AB\Downloads\Sign_Recognition_Model\data\raw\031_007_002.mp4,31,7,2,59.94,182,1920,1080
C:\Users\AB\Downloads\Sign_Recognition_Model\data\raw\031_007_003.mp4,31,7,3,59.94,152,1920,1080
C:\Users\AB\Downloads\Sign_Recognition_Model\data\raw\031_007_004.mp4,31,7,4,59.94,152,1920,1080
C:\Users\AB\Downloads\Sign_Recognition_Model\data\raw\031_007_005.mp4,31,7,5,59.94,152,1920,1080
C:\Users\AB\Downloads\Sign_Recognition_Model\data\raw\031_008_001.mp4,31,8,1,59.94,152,1920,1080
C:\Users\AB\Downloads\Sign_Recognition_Model\data\raw\031_008_002.mp4,31,8,2,59.94,152,1920,1080
C:\Users\AB\Downloads\Sign_Recognition_Model\data\raw\031_008_003.mp4,31,8,3,59.94,152,1920,1080
C:\Users\AB\Downloads\Sign_Recognition_Model\data\raw\031_008_004.mp4,31,8,4,59.94,152,1920,1080
C:\Users\AB\Downloads\Sign_Recognition_Model\data\raw\031_008_005.mp4,31,8,5,59.94,152,1920,1080
C:\Users\AB\Downloads\Sign_Recognition_Model\data\raw\031_009_001.mp4,31,9,1,59.94,152,1920,1080
C:\Users\AB\Downloads\Sign_Recognition_Model\data\raw\031_009_002.mp4,31,9,2,59.94,182,1920,1080
C:\Users\AB\Downloads\Sign_Recognition_Model\data\raw\031_009_003.mp4,31,9,3,59.94,152,1920,1080
C:\Users\AB\Downloads\Sign_Recognition_Model\data\raw\031_009_004.mp4,31,9,4,59.94,182,1920,1080
C:\Users\AB\Downloads\Sign_Recognition_Model\data\raw\031_009_005.mp4,31,9,5,59.94,182,1920,1080
C:\Users\AB\Downloads\Sign_Recognition_Model\data\raw\031_010_001.mp4,31,10,1,59.94,92,1920,1080
C:\Users\AB\Downloads\Sign_Recognition_Model\data\raw\031_010_002.mp4,31,10,2,59.94,152,1920,1080
C:\Users\AB\Downloads\Sign_Recognition_Model\data\raw\031_010_003.mp4,31,10,3,59.94,152,1920,1080
C:\Users\AB\Downloads\Sign_Recognition_Model\data\raw\031_010_004.mp4,31,10,4,59.94,152,1920,1080
C:\Users\AB\Downloads\Sign_Recognition_Model\data\raw\031_010_005.mp4,31,10,5,59.94,152,1920,1080
C:\Users\AB\Downloads\Sign_Recognition_Model\data\raw\032_001_001.mp4,32,1,1,59.94,152,1920,1080
C:\Users\AB\Downloads\Sign_Recognition_Model\data\raw\032_001_002.mp4,32,1,2,59.94,152,1920,1080
C:\Users\AB\Downloads\Sign_Recognition_Model\data\raw\032_001_003.mp4,32,1,3,59.94,152,1920,1080
C:\Users\AB\Downloads\Sign_Recognition_Model\data\raw\032_001_004.mp4,32,1,4,59.94,122,1920,1080
C:\Users\AB\Downloads\Sign_Recognition_Model\data\raw\032_001_005.mp4,32,1,5,59.94,122,1920,1080
C:\Users\AB\Downloads\Sign_Recognition_Model\data\raw\032_002_001.mp4,32,2,1,59.94,122,1920,1080
C:\Users\AB\Downloads\Sign_Recognition_Model\data\raw\032_002_002.mp4,32,2,2,59.94,122,1920,1080
C:\Users\AB\Downloads\Sign_Recognition_Model\data\raw\032_002_003.mp4,32,2,3,59.94,122,1920,1080
C:\Users\AB\Downloads\Sign_Recognition_Model\data\raw\032_002_004.mp4,32,2,4,59.94,122,1920,1080
C:\Users\AB\Downloads\Sign_Recognition_Model\data\raw\032_002_005.mp4,32,2,5,59.94,182,1920,1080
C:\Users\AB\Downloads\Sign_Recognition_Model\data\raw\032_003_001.mp4,32,3,1,59.94,182,1920,1080
C:\Users\AB\Downloads\Sign_Recognition_Model\data\raw\032_003_002.mp4,32,3,2,59.94,182,1920,1080
C:\Users\AB\Downloads\Sign_Recognition_Model\data\raw\032_003_003.mp4,32,3,3,59.94,152,1920,1080
C:\Users\AB\Downloads\Sign_Recognition_Model\data\raw\032_003_004.mp4,32,3,4,59.94,182,1920,1080
C:\Users\AB\Downloads\Sign_Recognition_Model\data\raw\032_003_005.mp4,32,3,5,59.94,182,1920,1080
C:\Users\AB\Downloads\Sign_Recognition_Model\data\raw\032_004_001.mp4,32,4,1,59.94,152,1920,1080
C:\Users\AB\Downloads\Sign_Recognition_Model\data\raw\032_004_002.mp4,32,4,2,59.94,152,1920,1080
C:\Users\AB\Downloads\Sign_Recognition_Model\data\raw\032_004_003.mp4,32,4,3,59.94,122,1920,1080
C:\Users\AB\Downloads\Sign_Recognition_Model\data\raw\032_004_004.mp4,32,4,4,59.94,152,1920,1080
C:\Users\AB\Downloads\Sign_Recognition_Model\data\raw\032_004_005.mp4,32,4,5,59.94,152,1920,1080
C:\Users\AB\Downloads\Sign_Recognition_Model\data\raw\032_005_001.mp4,32,5,1,59.94,152,1920,1080
C:\Users\AB\Downloads\Sign_Recognition_Model\data\raw\032_005_002.mp4,32,5,2,59.94,152,1920,1080
C:\Users\AB\Downloads\Sign_Recognition_Model\data\raw\032_005_003.mp4,32,5,3,59.94,152,1920,1080
C:\Users\AB\Downloads\Sign_Recognition_Model\data\raw\032_005_004.mp4,32,5,4,59.94,152,1920,1080
C:\Users\AB\Downloads\Sign_Recognition_Model\data\raw\032_005_005.mp4,32,5,5,59.94,152,1920,1080
C:\Users\AB\Downloads\Sign_Recognition_Model\data\raw\032_006_001.mp4,32,6,1,59.94,152,1920,1080
C:\Users\AB\Downloads\Sign_Recognition_Model\data\raw\032_006_002.mp4,32,6,2,59.94,122,1920,1080
C:\Users\AB\Downloads\Sign_Recognition_Model\data\raw\032_006_003.mp4,32,6,3,59.94,182,1920,1080
C:\Users\AB\Downloads\Sign_Recognition_Model\data\raw\032_006_004.mp4,32,6,4,59.94,182,1920,1080
C:\Users\AB\Downloads\Sign_Recognition_Model\data\raw\032_006_005.mp4,32,6,5,59.94,212,1920,1080
C:\Users\AB\Downloads\Sign_Recognition_Model\data\raw\032_007_001.mp4,32,7,1,59.94,122,1920,1080
C:\Users\AB\Downloads\Sign_Recognition_Model\data\raw\032_007_002.mp4,32,7,2,59.94,152,1920,1080
C:\Users\AB\Downloads\Sign_Recognition_Model\data\raw\032_007_003.mp4,32,7,3,59.94,152,1920,1080
C:\Users\AB\Downloads\Sign_Recognition_Model\data\raw\032_007_004.mp4,32,7,4,59.94,152,1920,1080
C:\Users\AB\Downloads\Sign_Recognition_Model\data\raw\032_007_005.mp4,32,7,5,59.94,182,1920,1080
C:\Users\AB\Downloads\Sign_Recognition_Model\data\raw\032_008_001.mp4,32,8,1,59.94,152,1920,1080
C:\Users\AB\Downloads\Sign_Recognition_Model\data\raw\032_008_002.mp4,32,8,2,59.94,152,1920,1080
C:\Users\AB\Downloads\Sign_Recognition_Model\data\raw\032_008_003.mp4,32,8,3,59.94,152,1920,1080
C:\Users\AB\Downloads\Sign_Recognition_Model\data\raw\032_008_004.mp4,32,8,4,59.94,152,1920,1080
C:\Users\AB\Downloads\Sign_Recognition_Model\data\raw\032_008_005.mp4,32,8,5,59.94,122,1920,1080
C:\Users\AB\Downloads\Sign_Recognition_Model\data\raw\032_009_001.mp4,32,9,1,59.94,152,1920,1080
C:\Users\AB\Downloads\Sign_Recognition_Model\data\raw\032_009_002.mp4,32,9,2,59.94,152,1920,1080
C:\Users\AB\Downloads\Sign_Recognition_Model\data\raw\032_009_003.mp4,32,9,3,59.94,152,1920,1080
C:\Users\AB\Downloads\Sign_Recognition_Model\data\raw\032_009_004.mp4,32,9,4,59.94,152,1920,1080
C:\Users\AB\Downloads\Sign_Recognition_Model\data\raw\032_009_005.mp4,32,9,5,59.94,182,1920,1080
C:\Users\AB\Downloads\Sign_Recognition_Model\data\raw\032_010_001.mp4,32,10,1,59.94,152,1920,1080
C:\Users\AB\Downloads\Sign_Recognition_Model\data\raw\032_010_002.mp4,32,10,2,59.94,182,1920,1080
C:\Users\AB\Downloads\Sign_Recognition_Model\data\raw\032_010_003.mp4,32,10,3,59.94,152,1920,1080
C:\Users\AB\Downloads\Sign_Recognition_Model\data\raw\032_010_004.mp4,32,10,4,59.94,182,1920,1080
C:\Users\AB\Downloads\Sign_Recognition_Model\data\raw\032_010_005.mp4,32,10,5,59.94,152,1920,1080
C:\Users\AB\Downloads\Sign_Recognition_Model\data\raw\033_001_001.mp4,33,1,1,59.94,122,1920,1080
C:\Users\AB\Downloads\Sign_Recognition_Model\data\raw\033_001_002.mp4,33,1,2,59.94,122,1920,1080
C:\Users\AB\Downloads\Sign_Recognition_Model\data\raw\033_001_003.mp4,33,1,3,59.94,122,1920,1080
C:\Users\AB\Downloads\Sign_Recognition_Model\data\raw\033_001_004.mp4,33,1,4,59.94,122,1920,1080
C:\Users\AB\Downloads\Sign_Recognition_Model\data\raw\033_001_005.mp4,33,1,5,59.94,122,1920,1080
C:\Users\AB\Downloads\Sign_Recognition_Model\data\raw\033_002_001.mp4,33,2,1,59.94,152,1920,1080
C:\Users\AB\Downloads\Sign_Recognition_Model\data\raw\033_002_002.mp4,33,2,2,59.94,152,1920,1080
C:\Users\AB\Downloads\Sign_Recognition_Model\data\raw\033_002_003.mp4,33,2,3,59.94,152,1920,1080
C:\Users\AB\Downloads\Sign_Recognition_Model\data\raw\033_002_004.mp4,33,2,4,59.94,152,1920,1080
C:\Users\AB\Downloads\Sign_Recognition_Model\data\raw\033_002_005.mp4,33,2,5,59.94,152,1920,1080
C:\Users\AB\Downloads\Sign_Recognition_Model\data\raw\033_003_001.mp4,33,3,1,59.94,122,1920,1080
C:\Users\AB\Downloads\Sign_Recognition_Model\data\raw\033_003_002.mp4,33,3,2,59.94,152,1920,1080
C:\Users\AB\Downloads\Sign_Recognition_Model\data\raw\033_003_003.mp4,33,3,3,59.94,152,1920,1080
C:\Users\AB\Downloads\Sign_Recognition_Model\data\raw\033_003_004.mp4,33,3,4,59.94,122,1920,1080
C:\Users\AB\Downloads\Sign_Recognition_Model\data\raw\033_003_005.mp4,33,3,5,59.94,122,1920,1080
C:\Users\AB\Downloads\Sign_Recognition_Model\data\raw\033_004_001.mp4,33,4,1,59.94,152,1920,1080
C:\Users\AB\Downloads\Sign_Recognition_Model\data\raw\033_004_002.mp4,33,4,2,59.94,122,1920,1080
C:\Users\AB\Downloads\Sign_Recognition_Model\data\raw\033_004_003.mp4,33,4,3,59.94,122,1920,1080
C:\Users\AB\Downloads\Sign_Recognition_Model\data\raw\033_004_004.mp4,33,4,4,59.94,122,1920,1080
C:\Users\AB\Downloads\Sign_Recognition_Model\data\raw\033_004_005.mp4,33,4,5,59.94,122,1920,1080
C:\Users\AB\Downloads\Sign_Recognition_Model\data\raw\033_005_001.mp4,33,5,1,59.94,122,1920,1080
C:\Users\AB\Downloads\Sign_Recognition_Model\data\raw\033_005_002.mp4,33,5,2,59.94,152,1920,1080
C:\Users\AB\Downloads\Sign_Recognition_Model\data\raw\033_005_003.mp4,33,5,3,59.94,152,1920,1080
C:\Users\AB\Downloads\Sign_Recognition_Model\data\raw\033_005_004.mp4,33,5,4,59.94,122,1920,1080
C:\Users\AB\Downloads\Sign_Recognition_Model\data\raw\033_005_005.mp4,33,5,5,59.94,152,1920,1080
C:\Users\AB\Downloads\Sign_Recognition_Model\data\raw\033_006_001.mp4,33,6,1,59.94,152,1920,1080
C:\Users\AB\Downloads\Sign_Recognition_Model\data\raw\033_006_002.mp4,33,6,2,59.94,152,1920,1080
C:\Users\AB\Downloads\Sign_Recognition_Model\data\raw\033_006_003.mp4,33,6,3,59.94,152,1920,1080
C:\Users\AB\Downloads\Sign_Recognition_Model\data\raw\033_006_004.mp4,33,6,4,59.94,152,1920,1080
C:\Users\AB\Downloads\Sign_Recognition_Model\data\raw\033_006_005.mp4,33,6,5,59.94,152,1920,1080
C:\Users\AB\Downloads\Sign_Recognition_Model\data\raw\033_007_001.mp4,33,7,1,59.94,122,1920,1080
C:\Users\AB\Downloads\Sign_Recognition_Model\data\raw\033_007_002.mp4,33,7,2,59.94,122,1920,1080
C:\Users\AB\Downloads\Sign_Recognition_Model\data\raw\033_007_003.mp4,33,7,3,59.94,152,1920,1080
C:\Users\AB\Downloads\Sign_Recognition_Model\data\raw\033_007_004.mp4,33,7,4,59.94,152,1920,1080
C:\Users\AB\Downloads\Sign_Recognition_Model\data\raw\033_007_005.mp4,33,7,5,59.94,152,1920,1080
C:\Users\AB\Downloads\Sign_Recognition_Model\data\raw\033_008_001.mp4,33,8,1,59.94,152,1920,1080
C:\Users\AB\Downloads\Sign_Recognition_Model\data\raw\033_008_002.mp4,33,8,2,59.94,122,1920,1080
C:\Users\AB\Downloads\Sign_Recognition_Model\data\raw\033_008_003.mp4,33,8,3,59.94,152,1920,1080
C:\Users\AB\Downloads\Sign_Recognition_Model\data\raw\033_008_004.mp4,33,8,4,59.94,152,1920,1080
C:\Users\AB\Downloads\Sign_Recognition_Model\data\raw\033_008_005.mp4,33,8,5,59.94,122,1920,1080
C:\Users\AB\Downloads\Sign_Recognition_Model\data\raw\033_009_001.mp4,33,9,1,59.94,122,1920,1080
C:\Users\AB\Downloads\Sign_Recognition_Model\data\raw\033_009_002.mp4,33,9,2,59.94,122,1920,1080
C:\Users\AB\Downloads\Sign_Recognition_Model\data\raw\033_009_003.mp4,33,9,3,59.94,152,1920,1080
C:\Users\AB\Downloads\Sign_Recognition_Model\data\raw\033_009_004.mp4,33,9,4,59.94,122,1920,1080
C:\Users\AB\Downloads\Sign_Recognition_Model\data\raw\033_009_005.mp4,33,9,5,59.94,152,1920,1080
C:\Users\AB\Downloads\Sign_Recognition_Model\data\raw\033_010_001.mp4,33,10,1,59.94,152,1920,1080
C:\Users\AB\Downloads\Sign_Recognition_Model\data\raw\033_010_002.mp4,33,10,2,59.94,122,1920,1080
C:\Users\AB\Downloads\Sign_Recognition_Model\data\raw\033_010_003.mp4,33,10,3,59.94,152,1920,1080
C:\Users\AB\Downloads\Sign_Recognition_Model\data\raw\033_010_004.mp4,33,10,4,59.94,152,1920,1080
C:\Users\AB\Downloads\Sign_Recognition_Model\data\raw\033_010_005.mp4,33,10,5,59.94,122,1920,1080
C:\Users\AB\Downloads\Sign_Recognition_Model\data\raw\034_001_001.mp4,34,1,1,59.94,212,1920,1080
C:\Users\AB\Downloads\Sign_Recognition_Model\data\raw\034_001_002.mp4,34,1,2,59.94,212,1920,1080
C:\Users\AB\Downloads\Sign_Recognition_Model\data\raw\034_001_003.mp4,34,1,3,59.94,212,1920,1080
C:\Users\AB\Downloads\Sign_Recognition_Model\data\raw\034_001_004.mp4,34,1,4,59.94,212,1920,1080
C:\Users\AB\Downloads\Sign_Recognition_Model\data\raw\034_001_005.mp4,34,1,5,59.94,212,1920,1080
C:\Users\AB\Downloads\Sign_Recognition_Model\data\raw\034_002_001.mp4,34,2,1,59.94,212,1920,1080
C:\Users\AB\Downloads\Sign_Recognition_Model\data\raw\034_002_002.mp4,34,2,2,59.94,242,1920,1080
C:\Users\AB\Downloads\Sign_Recognition_Model\data\raw\034_002_003.mp4,34,2,3,59.94,212,1920,1080
C:\Users\AB\Downloads\Sign_Recognition_Model\data\raw\034_002_004.mp4,34,2,4,59.94,242,1920,1080
C:\Users\AB\Downloads\Sign_Recognition_Model\data\raw\034_002_005.mp4,34,2,5,59.94,212,1920,1080
C:\Users\AB\Downloads\Sign_Recognition_Model\data\raw\034_003_001.mp4,34,3,1,59.94,242,1920,1080
C:\Users\AB\Downloads\Sign_Recognition_Model\data\raw\034_003_002.mp4,34,3,2,59.94,242,1920,1080
C:\Users\AB\Downloads\Sign_Recognition_Model\data\raw\034_003_003.mp4,34,3,3,59.94,242,1920,1080
C:\Users\AB\Downloads\Sign_Recognition_Model\data\raw\034_003_004.mp4,34,3,4,59.94,242,1920,1080
C:\Users\AB\Downloads\Sign_Recognition_Model\data\raw\034_003_005.mp4,34,3,5,59.94,212,1920,1080
C:\Users\AB\Downloads\Sign_Recognition_Model\data\raw\034_004_001.mp4,34,4,1,59.94,182,1920,1080
C:\Users\AB\Downloads\Sign_Recognition_Model\data\raw\034_004_002.mp4,34,4,2,59.94,152,1920,1080
C:\Users\AB\Downloads\Sign_Recognition_Model\data\raw\034_004_003.mp4,34,4,3,59.94,182,1920,1080
C:\Users\AB\Downloads\Sign_Recognition_Model\data\raw\034_004_004.mp4,34,4,4,59.94,152,1920,1080
C:\Users\AB\Downloads\Sign_Recognition_Model\data\raw\034_004_005.mp4,34,4,5,59.94,182,1920,1080
C:\Users\AB\Downloads\Sign_Recognition_Model\data\raw\034_005_001.mp4,34,5,1,59.94,182,1920,1080
C:\Users\AB\Downloads\Sign_Recognition_Model\data\raw\034_005_002.mp4,34,5,2,59.94,182,1920,1080
C:\Users\AB\Downloads\Sign_Recognition_Model\data\raw\034_005_003.mp4,34,5,3,59.94,182,1920,1080
C:\Users\AB\Downloads\Sign_Recognition_Model\data\raw\034_005_004.mp4,34,5,4,59.94,182,1920,1080
C:\Users\AB\Downloads\Sign_Recognition_Model\data\raw\034_005_005.mp4,34,5,5,59.94,212,1920,1080
C:\Users\AB\Downloads\Sign_Recognition_Model\data\raw\034_006_001.mp4,34,6,1,59.94,182,1920,1080
C:\Users\AB\Downloads\Sign_Recognition_Model\data\raw\034_006_002.mp4,34,6,2,59.94,182,1920,1080
C:\Users\AB\Downloads\Sign_Recognition_Model\data\raw\034_006_003.mp4,34,6,3,59.94,182,1920,1080
C:\Users\AB\Downloads\Sign_Recognition_Model\data\raw\034_006_004.mp4,34,6,4,59.94,182,1920,1080
C:\Users\AB\Downloads\Sign_Recognition_Model\data\raw\034_006_005.mp4,34,6,5,59.94,182,1920,1080
C:\Users\AB\Downloads\Sign_Recognition_Model\data\raw\034_007_001.mp4,34,7,1,59.94,182,1920,1080
C:\Users\AB\Downloads\Sign_Recognition_Model\data\raw\034_007_002.mp4,34,7,2,59.94,182,1920,1080
C:\Users\AB\Downloads\Sign_Recognition_Model\data\raw\034_007_003.mp4,34,7,3,59.94,182,1920,1080
C:\Users\AB\Downloads\Sign_Recognition_Model\data\raw\034_007_004.mp4,34,7,4,59.94,182,1920,1080
C:\Users\AB\Downloads\Sign_Recognition_Model\data\raw\034_007_005.mp4,34,7,5,59.94,182,1920,1080
C:\Users\AB\Downloads\Sign_Recognition_Model\data\raw\034_008_001.mp4,34,8,1,59.94,182,1920,1080
C:\Users\AB\Downloads\Sign_Recognition_Model\data\raw\034_008_002.mp4,34,8,2,59.94,212,1920,1080
C:\Users\AB\Downloads\Sign_Recognition_Model\data\raw\034_008_003.mp4,34,8,3,59.94,182,1920,1080
C:\Users\AB\Downloads\Sign_Recognition_Model\data\raw\034_008_004.mp4,34,8,4,59.94,182,1920,1080
C:\Users\AB\Downloads\Sign_Recognition_Model\data\raw\034_008_005.mp4,34,8,5,59.94,182,1920,1080
C:\Users\AB\Downloads\Sign_Recognition_Model\data\raw\034_009_001.mp4,34,9,1,59.94,182,1920,1080
C:\Users\AB\Downloads\Sign_Recognition_Model\data\raw\034_009_002.mp4,34,9,2,59.94,212,1920,1080
C:\Users\AB\Downloads\Sign_Recognition_Model\data\raw\034_009_003.mp4,34,9,3,59.94,212,1920,1080
C:\Users\AB\Downloads\Sign_Recognition_Model\data\raw\034_009_004.mp4,34,9,4,59.94,212,1920,1080
C:\Users\AB\Downloads\Sign_Recognition_Model\data\raw\034_009_005.mp4,34,9,5,59.94,212,1920,1080
C:\Users\AB\Downloads\Sign_Recognition_Model\data\raw\034_010_001.mp4,34,10,1,59.94,182,1920,1080
C:\Users\AB\Downloads\Sign_Recognition_Model\data\raw\034_010_002.mp4,34,10,2,59.94,182,1920,1080
C:\Users\AB\Downloads\Sign_Recognition_Model\data\raw\034_010_003.mp4,34,10,3,59.94,182,1920,1080
C:\Users\AB\Downloads\Sign_Recognition_Model\data\raw\034_010_004.mp4,34,10,4,59.94,182,1920,1080
C:\Users\AB\Downloads\Sign_Recognition_Model\data\raw\034_010_005.mp4,34,10,5,59.94,182,1920,1080
C:\Users\AB\Downloads\Sign_Recognition_Model\data\raw\035_001_001.mp4,35,1,1,59.94,152,1920,1080
C:\Users\AB\Downloads\Sign_Recognition_Model\data\raw\035_001_002.mp4,35,1,2,59.94,152,1920,1080
C:\Users\AB\Downloads\Sign_Recognition_Model\data\raw\035_001_003.mp4,35,1,3,59.94,122,1920,1080
C:\Users\AB\Downloads\Sign_Recognition_Model\data\raw\035_001_004.mp4,35,1,4,59.94,122,1920,1080
C:\Users\AB\Downloads\Sign_Recognition_Model\data\raw\035_001_005.mp4,35,1,5,59.94,152,1920,1080
C:\Users\AB\Downloads\Sign_Recognition_Model\data\raw\035_002_001.mp4,35,2,1,59.94,122,1920,1080
C:\Users\AB\Downloads\Sign_Recognition_Model\data\raw\035_002_002.mp4,35,2,2,59.94,122,1920,1080
C:\Users\AB\Downloads\Sign_Recognition_Model\data\raw\035_002_003.mp4,35,2,3,59.94,122,1920,1080
C:\Users\AB\Downloads\Sign_Recognition_Model\data\raw\035_002_004.mp4,35,2,4,59.94,122,1920,1080
C:\Users\AB\Downloads\Sign_Recognition_Model\data\raw\035_002_005.mp4,35,2,5,59.94,122,1920,1080
C:\Users\AB\Downloads\Sign_Recognition_Model\data\raw\035_003_001.mp4,35,3,1,59.94,122,1920,1080
C:\Users\AB\Downloads\Sign_Recognition_Model\data\raw\035_003_002.mp4,35,3,2,59.94,152,1920,1080
C:\Users\AB\Downloads\Sign_Recognition_Model\data\raw\035_003_003.mp4,35,3,3,59.94,152,1920,1080
C:\Users\AB\Downloads\Sign_Recognition_Model\data\raw\035_003_004.mp4,35,3,4,59.94,122,1920,1080
C:\Users\AB\Downloads\Sign_Recognition_Model\data\raw\035_003_005.mp4,35,3,5,59.94,152,1920,1080
C:\Users\AB\Downloads\Sign_Recognition_Model\data\raw\035_004_001.mp4,35,4,1,59.94,152,1920,1080
C:\Users\AB\Downloads\Sign_Recognition_Model\data\raw\035_004_002.mp4,35,4,2,59.94,122,1920,1080
C:\Users\AB\Downloads\Sign_Recognition_Model\data\raw\035_004_003.mp4,35,4,3,59.94,152,1920,1080
C:\Users\AB\Downloads\Sign_Recognition_Model\data\raw\035_004_004.mp4,35,4,4,59.94,152,1920,1080
C:\Users\AB\Downloads\Sign_Recognition_Model\data\raw\035_004_005.mp4,35,4,5,59.94,122,1920,1080
C:\Users\AB\Downloads\Sign_Recognition_Model\data\raw\035_005_001.mp4,35,5,1,59.94,122,1920,1080
C:\Users\AB\Downloads\Sign_Recognition_Model\data\raw\035_005_002.mp4,35,5,2,59.94,122,1920,1080
C:\Users\AB\Downloads\Sign_Recognition_Model\data\raw\035_005_003.mp4,35,5,3,59.94,122,1920,1080
C:\Users\AB\Downloads\Sign_Recognition_Model\data\raw\035_005_004.mp4,35,5,4,59.94,122,1920,1080
C:\Users\AB\Downloads\Sign_Recognition_Model\data\raw\035_005_005.mp4,35,5,5,59.94,152,1920,1080
C:\Users\AB\Downloads\Sign_Recognition_Model\data\raw\035_006_001.mp4,35,6,1,59.94,122,1920,1080
C:\Users\AB\Downloads\Sign_Recognition_Model\data\raw\035_006_002.mp4,35,6,2,59.94,122,1920,1080
C:\Users\AB\Downloads\Sign_Recognition_Model\data\raw\035_006_003.mp4,35,6,3,59.94,122,1920,1080
C:\Users\AB\Downloads\Sign_Recognition_Model\data\raw\035_006_004.mp4,35,6,4,59.94,122,1920,1080
C:\Users\AB\Downloads\Sign_Recognition_Model\data\raw\035_006_005.mp4,35,6,5,59.94,122,1920,1080
C:\Users\AB\Downloads\Sign_Recognition_Model\data\raw\035_007_001.mp4,35,7,1,59.94,122,1920,1080
C:\Users\AB\Downloads\Sign_Recognition_Model\data\raw\035_007_002.mp4,35,7,2,59.94,152,1920,1080
C:\Users\AB\Downloads\Sign_Recognition_Model\data\raw\035_007_003.mp4,35,7,3,59.94,152,1920,1080
C:\Users\AB\Downloads\Sign_Recognition_Model\data\raw\035_007_004.mp4,35,7,4,59.94,152,1920,1080
C:\Users\AB\Downloads\Sign_Recognition_Model\data\raw\035_007_005.mp4,35,7,5,59.94,122,1920,1080
C:\Users\AB\Downloads\Sign_Recognition_Model\data\raw\035_008_001.mp4,35,8,1,59.94,152,1920,1080
C:\Users\AB\Downloads\Sign_Recognition_Model\data\raw\035_008_002.mp4,35,8,2,59.94,122,1920,1080
C:\Users\AB\Downloads\Sign_Recognition_Model\data\raw\035_008_003.mp4,35,8,3,59.94,152,1920,1080
C:\Users\AB\Downloads\Sign_Recognition_Model\data\raw\035_008_004.mp4,35,8,4,59.94,122,1920,1080
C:\Users\AB\Downloads\Sign_Recognition_Model\data\raw\035_008_005.mp4,35,8,5,59.94,122,1920,1080
C:\Users\AB\Downloads\Sign_Recognition_Model\data\raw\035_009_001.mp4,35,9,1,59.94,122,1920,1080
C:\Users\AB\Downloads\Sign_Recognition_Model\data\raw\035_009_002.mp4,35,9,2,59.94,182,1920,1080
C:\Users\AB\Downloads\Sign_Recognition_Model\data\raw\035_009_003.mp4,35,9,3,59.94,152,1920,1080
C:\Users\AB\Downloads\Sign_Recognition_Model\data\raw\035_009_004.mp4,35,9,4,59.94,182,1920,1080
C:\Users\AB\Downloads\Sign_Recognition_Model\data\raw\035_009_005.mp4,35,9,5,59.94,152,1920,1080
C:\Users\AB\Downloads\Sign_Recognition_Model\data\raw\035_010_001.mp4,35,10,1,59.94,122,1920,1080
C:\Users\AB\Downloads\Sign_Recognition_Model\data\raw\035_010_002.mp4,35,10,2,59.94,122,1920,1080
C:\Users\AB\Downloads\Sign_Recognition_Model\data\raw\035_010_003.mp4,35,10,3,59.94,122,1920,1080
C:\Users\AB\Downloads\Sign_Recognition_Model\data\raw\035_010_004.mp4,35,10,4,59.94,122,1920,1080
C:\Users\AB\Downloads\Sign_Recognition_Model\data\raw\035_010_005.mp4,35,10,5,59.94,122,1920,1080
C:\Users\AB\Downloads\Sign_Recognition_Model\data\raw\036_001_001.mp4,36,1,1,59.94,122,1920,1080
C:\Users\AB\Downloads\Sign_Recognition_Model\data\raw\036_001_002.mp4,36,1,2,59.94,122,1920,1080
C:\Users\AB\Downloads\Sign_Recognition_Model\data\raw\036_001_003.mp4,36,1,3,59.94,122,1920,1080
C:\Users\AB\Downloads\Sign_Recognition_Model\data\raw\036_001_004.mp4,36,1,4,59.94,122,1920,1080
C:\Users\AB\Downloads\Sign_Recognition_Model\data\raw\036_001_005.mp4,36,1,5,59.94,152,1920,1080
C:\Users\AB\Downloads\Sign_Recognition_Model\data\raw\036_002_001.mp4,36,2,1,59.94,152,1920,1080
C:\Users\AB\Downloads\Sign_Recognition_Model\data\raw\036_002_002.mp4,36,2,2,59.94,152,1920,1080
C:\Users\AB\Downloads\Sign_Recognition_Model\data\raw\036_002_003.mp4,36,2,3,59.94,152,1920,1080
C:\Users\AB\Downloads\Sign_Recognition_Model\data\raw\036_002_004.mp4,36,2,4,59.94,152,1920,1080
C:\Users\AB\Downloads\Sign_Recognition_Model\data\raw\036_002_005.mp4,36,2,5,59.94,152,1920,1080
C:\Users\AB\Downloads\Sign_Recognition_Model\data\raw\036_003_001.mp4,36,3,1,59.94,152,1920,1080
C:\Users\AB\Downloads\Sign_Recognition_Model\data\raw\036_003_002.mp4,36,3,2,59.94,152,1920,1080
C:\Users\AB\Downloads\Sign_Recognition_Model\data\raw\036_003_003.mp4,36,3,3,59.94,152,1920,1080
C:\Users\AB\Downloads\Sign_Recognition_Model\data\raw\036_003_004.mp4,36,3,4,59.94,152,1920,1080
C:\Users\AB\Downloads\Sign_Recognition_Model\data\raw\036_003_005.mp4,36,3,5,59.94,152,1920,1080
C:\Users\AB\Downloads\Sign_Recognition_Model\data\raw\036_004_001.mp4,36,4,1,59.94,122,1920,1080
C:\Users\AB\Downloads\Sign_Recognition_Model\data\raw\036_004_002.mp4,36,4,2,59.94,122,1920,1080
C:\Users\AB\Downloads\Sign_Recognition_Model\data\raw\036_004_003.mp4,36,4,3,59.94,122,1920,1080
C:\Users\AB\Downloads\Sign_Recognition_Model\data\raw\036_004_004.mp4,36,4,4,59.94,122,1920,1080
C:\Users\AB\Downloads\Sign_Recognition_Model\data\raw\036_004_005.mp4,36,4,5,59.94,122,1920,1080
C:\Users\AB\Downloads\Sign_Recognition_Model\data\raw\036_005_001.mp4,36,5,1,59.94,122,1920,1080
C:\Users\AB\Downloads\Sign_Recognition_Model\data\raw\036_005_002.mp4,36,5,2,59.94,122,1920,1080
C:\Users\AB\Downloads\Sign_Recognition_Model\data\raw\036_005_003.mp4,36,5,3,59.94,152,1920,1080
C:\Users\AB\Downloads\Sign_Recognition_Model\data\raw\036_005_004.mp4,36,5,4,59.94,152,1920,1080
C:\Users\AB\Downloads\Sign_Recognition_Model\data\raw\036_005_005.mp4,36,5,5,59.94,122,1920,1080
C:\Users\AB\Downloads\Sign_Recognition_Model\data\raw\036_006_001.mp4,36,6,1,59.94,152,1920,1080
C:\Users\AB\Downloads\Sign_Recognition_Model\data\raw\036_006_002.mp4,36,6,2,59.94,152,1920,1080
C:\Users\AB\Downloads\Sign_Recognition_Model\data\raw\036_006_003.mp4,36,6,3,59.94,122,1920,1080
C:\Users\AB\Downloads\Sign_Recognition_Model\data\raw\036_006_004.mp4,36,6,4,59.94,152,1920,1080
C:\Users\AB\Downloads\Sign_Recognition_Model\data\raw\036_006_005.mp4,36,6,5,59.94,152,1920,1080
C:\Users\AB\Downloads\Sign_Recognition_Model\data\raw\036_007_001.mp4,36,7,1,59.94,122,1920,1080
C:\Users\AB\Downloads\Sign_Recognition_Model\data\raw\036_007_002.mp4,36,7,2,59.94,152,1920,1080
C:\Users\AB\Downloads\Sign_Recognition_Model\data\raw\036_007_003.mp4,36,7,3,59.94,122,1920,1080
C:\Users\AB\Downloads\Sign_Recognition_Model\data\raw\036_007_004.mp4,36,7,4,59.94,122,1920,1080
C:\Users\AB\Downloads\Sign_Recognition_Model\data\raw\036_007_005.mp4,36,7,5,59.94,152,1920,1080
C:\Users\AB\Downloads\Sign_Recognition_Model\data\raw\036_008_001.mp4,36,8,1,59.94,122,1920,1080
C:\Users\AB\Downloads\Sign_Recognition_Model\data\raw\036_008_002.mp4,36,8,2,59.94,122,1920,1080
C:\Users\AB\Downloads\Sign_Recognition_Model\data\raw\036_008_003.mp4,36,8,3,59.94,122,1920,1080
C:\Users\AB\Downloads\Sign_Recognition_Model\data\raw\036_008_004.mp4,36,8,4,59.94,122,1920,1080
C:\Users\AB\Downloads\Sign_Recognition_Model\data\raw\036_008_005.mp4,36,8,5,59.94,122,1920,1080
C:\Users\AB\Downloads\Sign_Recognition_Model\data\raw\036_009_001.mp4,36,9,1,59.94,122,1920,1080
C:\Users\AB\Downloads\Sign_Recognition_Model\data\raw\036_009_002.mp4,36,9,2,59.94,152,1920,1080
C:\Users\AB\Downloads\Sign_Recognition_Model\data\raw\036_009_003.mp4,36,9,3,59.94,152,1920,1080
C:\Users\AB\Downloads\Sign_Recognition_Model\data\raw\036_009_004.mp4,36,9,4,59.94,152,1920,1080
C:\Users\AB\Downloads\Sign_Recognition_Model\data\raw\036_009_005.mp4,36,9,5,59.94,152,1920,1080
C:\Users\AB\Downloads\Sign_Recognition_Model\data\raw\036_010_001.mp4,36,10,1,59.94,152,1920,1080
C:\Users\AB\Downloads\Sign_Recognition_Model\data\raw\036_010_002.mp4,36,10,2,59.94,122,1920,1080
C:\Users\AB\Downloads\Sign_Recognition_Model\data\raw\036_010_003.mp4,36,10,3,59.94,122,1920,1080
C:\Users\AB\Downloads\Sign_Recognition_Model\data\raw\036_010_004.mp4,36,10,4,59.94,122,1920,1080
C:\Users\AB\Downloads\Sign_Recognition_Model\data\raw\036_010_005.mp4,36,10,5,59.94,122,1920,1080
C:\Users\AB\Downloads\Sign_Recognition_Model\data\raw\037_001_001.mp4,37,1,1,59.94,122,1920,1080
C:\Users\AB\Downloads\Sign_Recognition_Model\data\raw\037_001_002.mp4,37,1,2,59.94,152,1920,1080
C:\Users\AB\Downloads\Sign_Recognition_Model\data\raw\037_001_003.mp4,37,1,3,59.94,152,1920,1080
C:\Users\AB\Downloads\Sign_Recognition_Model\data\raw\037_001_004.mp4,37,1,4,59.94,152,1920,1080
C:\Users\AB\Downloads\Sign_Recognition_Model\data\raw\037_001_005.mp4,37,1,5,59.94,152,1920,1080
C:\Users\AB\Downloads\Sign_Recognition_Model\data\raw\037_002_001.mp4,37,2,1,59.94,152,1920,1080
C:\Users\AB\Downloads\Sign_Recognition_Model\data\raw\037_002_002.mp4,37,2,2,59.94,152,1920,1080
C:\Users\AB\Downloads\Sign_Recognition_Model\data\raw\037_002_003.mp4,37,2,3,59.94,122,1920,1080
C:\Users\AB\Downloads\Sign_Recognition_Model\data\raw\037_002_004.mp4,37,2,4,59.94,152,1920,1080
C:\Users\AB\Downloads\Sign_Recognition_Model\data\raw\037_002_005.mp4,37,2,5,59.94,152,1920,1080
C:\Users\AB\Downloads\Sign_Recognition_Model\data\raw\037_003_001.mp4,37,3,1,59.94,152,1920,1080
C:\Users\AB\Downloads\Sign_Recognition_Model\data\raw\037_003_002.mp4,37,3,2,59.94,122,1920,1080
C:\Users\AB\Downloads\Sign_Recognition_Model\data\raw\037_003_003.mp4,37,3,3,59.94,122,1920,1080
C:\Users\AB\Downloads\Sign_Recognition_Model\data\raw\037_003_004.mp4,37,3,4,59.94,152,1920,1080
C:\Users\AB\Downloads\Sign_Recognition_Model\data\raw\037_003_005.mp4,37,3,5,59.94,122,1920,1080
C:\Users\AB\Downloads\Sign_Recognition_Model\data\raw\037_004_001.mp4,37,4,1,59.94,122,1920,1080
C:\Users\AB\Downloads\Sign_Recognition_Model\data\raw\037_004_002.mp4,37,4,2,59.94,122,1920,1080
C:\Users\AB\Downloads\Sign_Recognition_Model\data\raw\037_004_003.mp4,37,4,3,59.94,122,1920,1080
C:\Users\AB\Downloads\Sign_Recognition_Model\data\raw\037_004_004.mp4,37,4,4,59.94,122,1920,1080
C:\Users\AB\Downloads\Sign_Recognition_Model\data\raw\037_004_005.mp4,37,4,5,59.94,122,1920,1080
C:\Users\AB\Downloads\Sign_Recognition_Model\data\raw\037_005_001.mp4,37,5,1,59.94,122,1920,1080
C:\Users\AB\Downloads\Sign_Recognition_Model\data\raw\037_005_002.mp4,37,5,2,59.94,122,1920,1080
C:\Users\AB\Downloads\Sign_Recognition_Model\data\raw\037_005_003.mp4,37,5,3,59.94,122,1920,1080
C:\Users\AB\Downloads\Sign_Recognition_Model\data\raw\037_005_004.mp4,37,5,4,59.94,152,1920,1080
C:\Users\AB\Downloads\Sign_Recognition_Model\data\raw\037_005_005.mp4,37,5,5,59.94,122,1920,1080
C:\Users\AB\Downloads\Sign_Recognition_Model\data\raw\037_006_001.mp4,37,6,1,59.94,122,1920,1080
C:\Users\AB\Downloads\Sign_Recognition_Model\data\raw\037_006_002.mp4,37,6,2,59.94,122,1920,1080
C:\Users\AB\Downloads\Sign_Recognition_Model\data\raw\037_006_003.mp4,37,6,3,59.94,122,1920,1080
C:\Users\AB\Downloads\Sign_Recognition_Model\data\raw\037_006_004.mp4,37,6,4,59.94,122,1920,1080
C:\Users\AB\Downloads\Sign_Recognition_Model\data\raw\037_006_005.mp4,37,6,5,59.94,152,1920,1080
C:\Users\AB\Downloads\Sign_Recognition_Model\data\raw\037_007_001.mp4,37,7,1,59.94,122,1920,1080
C:\Users\AB\Downloads\Sign_Recognition_Model\data\raw\037_007_002.mp4,37,7,2,59.94,122,1920,1080
C:\Users\AB\Downloads\Sign_Recognition_Model\data\raw\037_007_003.mp4,37,7,3,59.94,122,1920,1080
C:\Users\AB\Downloads\Sign_Recognition_Model\data\raw\037_007_004.mp4,37,7,4,59.94,122,1920,1080
C:\Users\AB\Downloads\Sign_Recognition_Model\data\raw\037_007_005.mp4,37,7,5,59.94,152,1920,1080
C:\Users\AB\Downloads\Sign_Recognition_Model\data\raw\037_008_001.mp4,37,8,1,59.94,92,1920,1080
C:\Users\AB\Downloads\Sign_Recognition_Model\data\raw\037_008_002.mp4,37,8,2,59.94,122,1920,1080
C:\Users\AB\Downloads\Sign_Recognition_Model\data\raw\037_008_003.mp4,37,8,3,59.94,92,1920,1080
C:\Users\AB\Downloads\Sign_Recognition_Model\data\raw\037_008_004.mp4,37,8,4,59.94,92,1920,1080
C:\Users\AB\Downloads\Sign_Recognition_Model\data\raw\037_008_005.mp4,37,8,5,59.94,92,1920,1080
C:\Users\AB\Downloads\Sign_Recognition_Model\data\raw\037_009_001.mp4,37,9,1,59.94,152,1920,1080
C:\Users\AB\Downloads\Sign_Recognition_Model\data\raw\037_009_002.mp4,37,9,2,59.94,152,1920,1080
C:\Users\AB\Downloads\Sign_Recognition_Model\data\raw\037_009_003.mp4,37,9,3,59.94,152,1920,1080
C:\Users\AB\Downloads\Sign_Recognition_Model\data\raw\037_009_004.mp4,37,9,4,59.94,152,1920,1080
C:\Users\AB\Downloads\Sign_Recognition_Model\data\raw\037_009_005.mp4,37,9,5,59.94,152,1920,1080
C:\Users\AB\Downloads\Sign_Recognition_Model\data\raw\037_010_001.mp4,37,10,1,59.94,122,1920,1080
C:\Users\AB\Downloads\Sign_Recognition_Model\data\raw\037_010_002.mp4,37,10,2,59.94,122,1920,1080
C:\Users\AB\Downloads\Sign_Recognition_Model\data\raw\037_010_003.mp4,37,10,3,59.94,122,1920,1080
C:\Users\AB\Downloads\Sign_Recognition_Model\data\raw\037_010_004.mp4,37,10,4,59.94,122,1920,1080
C:\Users\AB\Downloads\Sign_Recognition_Model\data\raw\037_010_005.mp4,37,10,5,59.94,122,1920,1080
C:\Users\AB\Downloads\Sign_Recognition_Model\data\raw\038_001_001.mp4,38,1,1,59.94,122,1920,1080
C:\Users\AB\Downloads\Sign_Recognition_Model\data\raw\038_001_002.mp4,38,1,2,59.94,152,1920,1080
C:\Users\AB\Downloads\Sign_Recognition_Model\data\raw\038_001_003.mp4,38,1,3,59.94,122,1920,1080
C:\Users\AB\Downloads\Sign_Recognition_Model\data\raw\038_001_004.mp4,38,1,4,59.94,122,1920,1080
C:\Users\AB\Downloads\Sign_Recognition_Model\data\raw\038_001_005.mp4,38,1,5,59.94,122,1920,1080
C:\Users\AB\Downloads\Sign_Recognition_Model\data\raw\038_002_001.mp4,38,2,1,59.94,152,1920,1080
C:\Users\AB\Downloads\Sign_Recognition_Model\data\raw\038_002_002.mp4,38,2,2,59.94,152,1920,1080
C:\Users\AB\Downloads\Sign_Recognition_Model\data\raw\038_002_003.mp4,38,2,3,59.94,152,1920,1080
C:\Users\AB\Downloads\Sign_Recognition_Model\data\raw\038_002_004.mp4,38,2,4,59.94,152,1920,1080
C:\Users\AB\Downloads\Sign_Recognition_Model\data\raw\038_002_005.mp4,38,2,5,59.94,122,1920,1080
C:\Users\AB\Downloads\Sign_Recognition_Model\data\raw\038_003_001.mp4,38,3,1,59.94,152,1920,1080
C:\Users\AB\Downloads\Sign_Recognition_Model\data\raw\038_003_002.mp4,38,3,2,59.94,152,1920,1080
C:\Users\AB\Downloads\Sign_Recognition_Model\data\raw\038_003_003.mp4,38,3,3,59.94,122,1920,1080
C:\Users\AB\Downloads\Sign_Recognition_Model\data\raw\038_003_004.mp4,38,3,4,59.94,122,1920,1080
C:\Users\AB\Downloads\Sign_Recognition_Model\data\raw\038_003_005.mp4,38,3,5,59.94,152,1920,1080
C:\Users\AB\Downloads\Sign_Recognition_Model\data\raw\038_004_001.mp4,38,4,1,59.94,122,1920,1080
C:\Users\AB\Downloads\Sign_Recognition_Model\data\raw\038_004_002.mp4,38,4,2,59.94,122,1920,1080
C:\Users\AB\Downloads\Sign_Recognition_Model\data\raw\038_004_003.mp4,38,4,3,59.94,122,1920,1080
C:\Users\AB\Downloads\Sign_Recognition_Model\data\raw\038_004_004.mp4,38,4,4,59.94,92,1920,1080
C:\Users\AB\Downloads\Sign_Recognition_Model\data\raw\038_004_005.mp4,38,4,5,59.94,122,1920,1080
C:\Users\AB\Downloads\Sign_Recognition_Model\data\raw\038_005_001.mp4,38,5,1,59.94,122,1920,1080
C:\Users\AB\Downloads\Sign_Recognition_Model\data\raw\038_005_002.mp4,38,5,2,59.94,122,1920,1080
C:\Users\AB\Downloads\Sign_Recognition_Model\data\raw\038_005_003.mp4,38,5,3,59.94,152,1920,1080
C:\Users\AB\Downloads\Sign_Recognition_Model\data\raw\038_005_004.mp4,38,5,4,59.94,152,1920,1080
C:\Users\AB\Downloads\Sign_Recognition_Model\data\raw\038_005_005.mp4,38,5,5,59.94,152,1920,1080
C:\Users\AB\Downloads\Sign_Recognition_Model\data\raw\038_006_001.mp4,38,6,1,59.94,122,1920,1080
C:\Users\AB\Downloads\Sign_Recognition_Model\data\raw\038_006_002.mp4,38,6,2,59.94,122,1920,1080
C:\Users\AB\Downloads\Sign_Recognition_Model\data\raw\038_006_003.mp4,38,6,3,59.94,152,1920,1080
C:\Users\AB\Downloads\Sign_Recognition_Model\data\raw\038_006_004.mp4,38,6,4,59.94,122,1920,1080
C:\Users\AB\Downloads\Sign_Recognition_Model\data\raw\038_006_005.mp4,38,6,5,59.94,122,1920,1080
C:\Users\AB\Downloads\Sign_Recognition_Model\data\raw\038_007_001.mp4,38,7,1,59.94,122,1920,1080
C:\Users\AB\Downloads\Sign_Recognition_Model\data\raw\038_007_002.mp4,38,7,2,59.94,122,1920,1080
C:\Users\AB\Downloads\Sign_Recognition_Model\data\raw\038_007_003.mp4,38,7,3,59.94,152,1920,1080
C:\Users\AB\Downloads\Sign_Recognition_Model\data\raw\038_007_004.mp4,38,7,4,59.94,122,1920,1080
C:\Users\AB\Downloads\Sign_Recognition_Model\data\raw\038_007_005.mp4,38,7,5,59.94,122,1920,1080
C:\Users\AB\Downloads\Sign_Recognition_Model\data\raw\038_008_001.mp4,38,8,1,59.94,92,1920,1080
C:\Users\AB\Downloads\Sign_Recognition_Model\data\raw\038_008_002.mp4,38,8,2,59.94,122,1920,1080
C:\Users\AB\Downloads\Sign_Recognition_Model\data\raw\038_008_003.mp4,38,8,3,59.94,92,1920,1080
C:\Users\AB\Downloads\Sign_Recognition_Model\data\raw\038_008_004.mp4,38,8,4,59.94,122,1920,1080
C:\Users\AB\Downloads\Sign_Recognition_Model\data\raw\038_008_005.mp4,38,8,5,59.94,92,1920,1080
C:\Users\AB\Downloads\Sign_Recognition_Model\data\raw\038_009_001.mp4,38,9,1,59.94,152,1920,1080
C:\Users\AB\Downloads\Sign_Recognition_Model\data\raw\038_009_002.mp4,38,9,2,59.94,152,1920,1080
C:\Users\AB\Downloads\Sign_Recognition_Model\data\raw\038_009_003.mp4,38,9,3,59.94,152,1920,1080
C:\Users\AB\Downloads\Sign_Recognition_Model\data\raw\038_009_004.mp4,38,9,4,59.94,152,1920,1080
C:\Users\AB\Downloads\Sign_Recognition_Model\data\raw\038_009_005.mp4,38,9,5,59.94,152,1920,1080
C:\Users\AB\Downloads\Sign_Recognition_Model\data\raw\038_010_001.mp4,38,10,1,59.94,122,1920,1080
C:\Users\AB\Downloads\Sign_Recognition_Model\data\raw\038_010_002.mp4,38,10,2,59.94,122,1920,1080
C:\Users\AB\Downloads\Sign_Recognition_Model\data\raw\038_010_003.mp4,38,10,3,59.94,122,1920,1080
C:\Users\AB\Downloads\Sign_Recognition_Model\data\raw\038_010_004.mp4,38,10,4,59.94,122,1920,1080
C:\Users\AB\Downloads\Sign_Recognition_Model\data\raw\038_010_005.mp4,38,10,5,59.94,122,1920,1080
C:\Users\AB\Downloads\Sign_Recognition_Model\data\raw\039_001_001.mp4,39,1,1,59.94,92,1920,1080
C:\Users\AB\Downloads\Sign_Recognition_Model\data\raw\039_001_002.mp4,39,1,2,59.94,122,1920,1080
C:\Users\AB\Downloads\Sign_Recognition_Model\data\raw\039_001_003.mp4,39,1,3,59.94,122,1920,1080
C:\Users\AB\Downloads\Sign_Recognition_Model\data\raw\039_001_004.mp4,39,1,4,59.94,92,1920,1080
C:\Users\AB\Downloads\Sign_Recognition_Model\data\raw\039_001_005.mp4,39,1,5,59.94,122,1920,1080
C:\Users\AB\Downloads\Sign_Recognition_Model\data\raw\039_002_001.mp4,39,2,1,59.94,122,1920,1080
C:\Users\AB\Downloads\Sign_Recognition_Model\data\raw\039_002_002.mp4,39,2,2,59.94,122,1920,1080
C:\Users\AB\Downloads\Sign_Recognition_Model\data\raw\039_002_003.mp4,39,2,3,59.94,122,1920,1080
C:\Users\AB\Downloads\Sign_Recognition_Model\data\raw\039_002_004.mp4,39,2,4,59.94,122,1920,1080
C:\Users\AB\Downloads\Sign_Recognition_Model\data\raw\039_002_005.mp4,39,2,5,59.94,122,1920,1080
C:\Users\AB\Downloads\Sign_Recognition_Model\data\raw\039_003_001.mp4,39,3,1,59.94,152,1920,1080
C:\Users\AB\Downloads\Sign_Recognition_Model\data\raw\039_003_002.mp4,39,3,2,59.94,122,1920,1080
C:\Users\AB\Downloads\Sign_Recognition_Model\data\raw\039_003_003.mp4,39,3,3,59.94,122,1920,1080
C:\Users\AB\Downloads\Sign_Recognition_Model\data\raw\039_003_004.mp4,39,3,4,59.94,122,1920,1080
C:\Users\AB\Downloads\Sign_Recognition_Model\data\raw\039_003_005.mp4,39,3,5,59.94,152,1920,1080
C:\Users\AB\Downloads\Sign_Recognition_Model\data\raw\039_004_001.mp4,39,4,1,59.94,122,1920,1080
C:\Users\AB\Downloads\Sign_Recognition_Model\data\raw\039_004_002.mp4,39,4,2,59.94,122,1920,1080
C:\Users\AB\Downloads\Sign_Recognition_Model\data\raw\039_004_003.mp4,39,4,3,59.94,92,1920,1080
C:\Users\AB\Downloads\Sign_Recognition_Model\data\raw\039_004_004.mp4,39,4,4,59.94,122,1920,1080
C:\Users\AB\Downloads\Sign_Recognition_Model\data\raw\039_004_005.mp4,39,4,5,59.94,92,1920,1080
C:\Users\AB\Downloads\Sign_Recognition_Model\data\raw\039_005_001.mp4,39,5,1,59.94,122,1920,1080
C:\Users\AB\Downloads\Sign_Recognition_Model\data\raw\039_005_002.mp4,39,5,2,59.94,152,1920,1080
C:\Users\AB\Downloads\Sign_Recognition_Model\data\raw\039_005_003.mp4,39,5,3,59.94,122,1920,1080
C:\Users\AB\Downloads\Sign_Recognition_Model\data\raw\039_005_004.mp4,39,5,4,59.94,122,1920,1080
C:\Users\AB\Downloads\Sign_Recognition_Model\data\raw\039_005_005.mp4,39,5,5,59.94,122,1920,1080
C:\Users\AB\Downloads\Sign_Recognition_Model\data\raw\039_006_001.mp4,39,6,1,59.94,122,1920,1080
C:\Users\AB\Downloads\Sign_Recognition_Model\data\raw\039_006_002.mp4,39,6,2,59.94,122,1920,1080
C:\Users\AB\Downloads\Sign_Recognition_Model\data\raw\039_006_003.mp4,39,6,3,59.94,122,1920,1080
C:\Users\AB\Downloads\Sign_Recognition_Model\data\raw\039_006_004.mp4,39,6,4,59.94,122,1920,1080
C:\Users\AB\Downloads\Sign_Recognition_Model\data\raw\039_006_005.mp4,39,6,5,59.94,122,1920,1080
C:\Users\AB\Downloads\Sign_Recognition_Model\data\raw\039_007_001.mp4,39,7,1,59.94,122,1920,1080
C:\Users\AB\Downloads\Sign_Recognition_Model\data\raw\039_007_002.mp4,39,7,2,59.94,92,1920,1080
C:\Users\AB\Downloads\Sign_Recognition_Model\data\raw\039_007_003.mp4,39,7,3,59.94,122,1920,1080
C:\Users\AB\Downloads\Sign_Recognition_Model\data\raw\039_007_004.mp4,39,7,4,59.94,92,1920,1080
C:\Users\AB\Downloads\Sign_Recognition_Model\data\raw\039_007_005.mp4,39,7,5,59.94,122,1920,1080
C:\Users\AB\Downloads\Sign_Recognition_Model\data\raw\039_008_001.mp4,39,8,1,59.94,122,1920,1080
C:\Users\AB\Downloads\Sign_Recognition_Model\data\raw\039_008_002.mp4,39,8,2,59.94,122,1920,1080
C:\Users\AB\Downloads\Sign_Recognition_Model\data\raw\039_008_003.mp4,39,8,3,59.94,122,1920,1080
C:\Users\AB\Downloads\Sign_Recognition_Model\data\raw\039_008_004.mp4,39,8,4,59.94,122,1920,1080
C:\Users\AB\Downloads\Sign_Recognition_Model\data\raw\039_008_005.mp4,39,8,5,59.94,122,1920,1080
C:\Users\AB\Downloads\Sign_Recognition_Model\data\raw\039_009_001.mp4,39,9,1,59.94,122,1920,1080
C:\Users\AB\Downloads\Sign_Recognition_Model\data\raw\039_009_002.mp4,39,9,2,59.94,152,1920,1080
C:\Users\AB\Downloads\Sign_Recognition_Model\data\raw\039_009_003.mp4,39,9,3,59.94,122,1920,1080
C:\Users\AB\Downloads\Sign_Recognition_Model\data\raw\039_009_004.mp4,39,9,4,59.94,122,1920,1080
C:\Users\AB\Downloads\Sign_Recognition_Model\data\raw\039_009_005.mp4,39,9,5,59.94,122,1920,1080
C:\Users\AB\Downloads\Sign_Recognition_Model\data\raw\039_010_001.mp4,39,10,1,59.94,122,1920,1080
C:\Users\AB\Downloads\Sign_Recognition_Model\data\raw\039_010_002.mp4,39,10,2,59.94,152,1920,1080
C:\Users\AB\Downloads\Sign_Recognition_Model\data\raw\039_010_003.mp4,39,10,3,59.94,122,1920,1080
C:\Users\AB\Downloads\Sign_Recognition_Model\data\raw\039_010_004.mp4,39,10,4,59.94,122,1920,1080
C:\Users\AB\Downloads\Sign_Recognition_Model\data\raw\039_010_005.mp4,39,10,5,59.94,122,1920,1080
C:\Users\AB\Downloads\Sign_Recognition_Model\data\raw\040_001_001.mp4,40,1,1,59.94,152,1920,1080
C:\Users\AB\Downloads\Sign_Recognition_Model\data\raw\040_001_002.mp4,40,1,2,59.94,122,1920,1080
C:\Users\AB\Downloads\Sign_Recognition_Model\data\raw\040_001_003.mp4,40,1,3,59.94,122,1920,1080
C:\Users\AB\Downloads\Sign_Recognition_Model\data\raw\040_001_004.mp4,40,1,4,59.94,122,1920,1080
C:\Users\AB\Downloads\Sign_Recognition_Model\data\raw\040_001_005.mp4,40,1,5,59.94,122,1920,1080
C:\Users\AB\Downloads\Sign_Recognition_Model\data\raw\040_002_001.mp4,40,2,1,59.94,122,1920,1080
C:\Users\AB\Downloads\Sign_Recognition_Model\data\raw\040_002_002.mp4,40,2,2,59.94,122,1920,1080
C:\Users\AB\Downloads\Sign_Recognition_Model\data\raw\040_002_003.mp4,40,2,3,59.94,152,1920,1080
C:\Users\AB\Downloads\Sign_Recognition_Model\data\raw\040_002_004.mp4,40,2,4,59.94,152,1920,1080
C:\Users\AB\Downloads\Sign_Recognition_Model\data\raw\040_002_005.mp4,40,2,5,59.94,152,1920,1080
C:\Users\AB\Downloads\Sign_Recognition_Model\data\raw\040_003_001.mp4,40,3,1,59.94,152,1920,1080
C:\Users\AB\Downloads\Sign_Recognition_Model\data\raw\040_003_002.mp4,40,3,2,59.94,152,1920,1080
C:\Users\AB\Downloads\Sign_Recognition_Model\data\raw\040_003_003.mp4,40,3,3,59.94,182,1920,1080
C:\Users\AB\Downloads\Sign_Recognition_Model\data\raw\040_003_004.mp4,40,3,4,59.94,152,1920,1080
C:\Users\AB\Downloads\Sign_Recognition_Model\data\raw\040_003_005.mp4,40,3,5,59.94,152,1920,1080
C:\Users\AB\Downloads\Sign_Recognition_Model\data\raw\040_004_001.mp4,40,4,1,59.94,122,1920,1080
C:\Users\AB\Downloads\Sign_Recognition_Model\data\raw\040_004_002.mp4,40,4,2,59.94,122,1920,1080
C:\Users\AB\Downloads\Sign_Recognition_Model\data\raw\040_004_003.mp4,40,4,3,59.94,122,1920,1080
C:\Users\AB\Downloads\Sign_Recognition_Model\data\raw\040_004_004.mp4,40,4,4,59.94,122,1920,1080
C:\Users\AB\Downloads\Sign_Recognition_Model\data\raw\040_004_005.mp4,40,4,5,59.94,122,1920,1080
C:\Users\AB\Downloads\Sign_Recognition_Model\data\raw\040_005_001.mp4,40,5,1,59.94,122,1920,1080
C:\Users\AB\Downloads\Sign_Recognition_Model\data\raw\040_005_002.mp4,40,5,2,59.94,122,1920,1080
C:\Users\AB\Downloads\Sign_Recognition_Model\data\raw\040_005_003.mp4,40,5,3,59.94,152,1920,1080
C:\Users\AB\Downloads\Sign_Recognition_Model\data\raw\040_005_004.mp4,40,5,4,59.94,182,1920,1080
C:\Users\AB\Downloads\Sign_Recognition_Model\data\raw\040_005_005.mp4,40,5,5,59.94,152,1920,1080
C:\Users\AB\Downloads\Sign_Recognition_Model\data\raw\040_006_001.mp4,40,6,1,59.94,152,1920,1080
C:\Users\AB\Downloads\Sign_Recognition_Model\data\raw\040_006_002.mp4,40,6,2,59.94,152,1920,1080
C:\Users\AB\Downloads\Sign_Recognition_Model\data\raw\040_006_003.mp4,40,6,3,59.94,152,1920,1080
C:\Users\AB\Downloads\Sign_Recognition_Model\data\raw\040_006_004.mp4,40,6,4,59.94,152,1920,1080
C:\Users\AB\Downloads\Sign_Recognition_Model\data\raw\040_006_005.mp4,40,6,5,59.94,152,1920,1080
C:\Users\AB\Downloads\Sign_Recognition_Model\data\raw\040_007_001.mp4,40,7,1,59.94,122,1920,1080
C:\Users\AB\Downloads\Sign_Recognition_Model\data\raw\040_007_002.mp4,40,7,2,59.94,122,1920,1080
C:\Users\AB\Downloads\Sign_Recognition_Model\data\raw\040_007_003.mp4,40,7,3,59.94,182,1920,1080
C:\Users\AB\Downloads\Sign_Recognition_Model\data\raw\040_007_004.mp4,40,7,4,59.94,152,1920,1080
C:\Users\AB\Downloads\Sign_Recognition_Model\data\raw\040_007_005.mp4,40,7,5,59.94,182,1920,1080
C:\Users\AB\Downloads\Sign_Recognition_Model\data\raw\040_008_001.mp4,40,8,1,59.94,122,1920,1080
C:\Users\AB\Downloads\Sign_Recognition_Model\data\raw\040_008_002.mp4,40,8,2,59.94,152,1920,1080
C:\Users\AB\Downloads\Sign_Recognition_Model\data\raw\040_008_003.mp4,40,8,3,59.94,152,1920,1080
C:\Users\AB\Downloads\Sign_Recognition_Model\data\raw\040_008_004.mp4,40,8,4,59.94,122,1920,1080
C:\Users\AB\Downloads\Sign_Recognition_Model\data\raw\040_008_005.mp4,40,8,5,59.94,152,1920,1080
C:\Users\AB\Downloads\Sign_Recognition_Model\data\raw\040_009_001.mp4,40,9,1,59.94,182,1920,1080
C:\Users\AB\Downloads\Sign_Recognition_Model\data\raw\040_009_002.mp4,40,9,2,59.94,152,1920,1080
C:\Users\AB\Downloads\Sign_Recognition_Model\data\raw\040_009_003.mp4,40,9,3,59.94,152,1920,1080
C:\Users\AB\Downloads\Sign_Recognition_Model\data\raw\040_009_004.mp4,40,9,4,59.94,182,1920,1080
C:\Users\AB\Downloads\Sign_Recognition_Model\data\raw\040_009_005.mp4,40,9,5,59.94,182,1920,1080
C:\Users\AB\Downloads\Sign_Recognition_Model\data\raw\040_010_001.mp4,40,10,1,59.94,182,1920,1080
C:\Users\AB\Downloads\Sign_Recognition_Model\data\raw\040_010_002.mp4,40,10,2,59.94,182,1920,1080
C:\Users\AB\Downloads\Sign_Recognition_Model\data\raw\040_010_003.mp4,40,10,3,59.94,152,1920,1080
C:\Users\AB\Downloads\Sign_Recognition_Model\data\raw\040_010_004.mp4,40,10,4,59.94,182,1920,1080
C:\Users\AB\Downloads\Sign_Recognition_Model\data\raw\040_010_005.mp4,40,10,5,59.94,152,1920,1080
C:\Users\AB\Downloads\Sign_Recognition_Model\data\raw\041_001_001.mp4,41,1,1,59.94,152,1920,1080
C:\Users\AB\Downloads\Sign_Recognition_Model\data\raw\041_001_002.mp4,41,1,2,59.94,152,1920,1080
C:\Users\AB\Downloads\Sign_Recognition_Model\data\raw\041_001_003.mp4,41,1,3,59.94,152,1920,1080
C:\Users\AB\Downloads\Sign_Recognition_Model\data\raw\041_001_004.mp4,41,1,4,59.94,152,1920,1080
C:\Users\AB\Downloads\Sign_Recognition_Model\data\raw\041_001_005.mp4,41,1,5,59.94,152,1920,1080
C:\Users\AB\Downloads\Sign_Recognition_Model\data\raw\041_002_001.mp4,41,2,1,59.94,182,1920,1080
C:\Users\AB\Downloads\Sign_Recognition_Model\data\raw\041_002_002.mp4,41,2,2,59.94,152,1920,1080
C:\Users\AB\Downloads\Sign_Recognition_Model\data\raw\041_002_003.mp4,41,2,3,59.94,182,1920,1080
C:\Users\AB\Downloads\Sign_Recognition_Model\data\raw\041_002_004.mp4,41,2,4,59.94,152,1920,1080
C:\Users\AB\Downloads\Sign_Recognition_Model\data\raw\041_002_005.mp4,41,2,5,59.94,182,1920,1080
C:\Users\AB\Downloads\Sign_Recognition_Model\data\raw\041_003_001.mp4,41,3,1,59.94,212,1920,1080
C:\Users\AB\Downloads\Sign_Recognition_Model\data\raw\041_003_002.mp4,41,3,2,59.94,212,1920,1080
C:\Users\AB\Downloads\Sign_Recognition_Model\data\raw\041_003_003.mp4,41,3,3,59.94,182,1920,1080
C:\Users\AB\Downloads\Sign_Recognition_Model\data\raw\041_003_004.mp4,41,3,4,59.94,182,1920,1080
C:\Users\AB\Downloads\Sign_Recognition_Model\data\raw\041_003_005.mp4,41,3,5,59.94,182,1920,1080
C:\Users\AB\Downloads\Sign_Recognition_Model\data\raw\041_004_001.mp4,41,4,1,59.94,182,1920,1080
C:\Users\AB\Downloads\Sign_Recognition_Model\data\raw\041_004_002.mp4,41,4,2,59.94,182,1920,1080
C:\Users\AB\Downloads\Sign_Recognition_Model\data\raw\041_004_003.mp4,41,4,3,59.94,182,1920,1080
C:\Users\AB\Downloads\Sign_Recognition_Model\data\raw\041_004_004.mp4,41,4,4,59.94,152,1920,1080
C:\Users\AB\Downloads\Sign_Recognition_Model\data\raw\041_004_005.mp4,41,4,5,59.94,152,1920,1080
C:\Users\AB\Downloads\Sign_Recognition_Model\data\raw\041_005_001.mp4,41,5,1,59.94,182,1920,1080
C:\Users\AB\Downloads\Sign_Recognition_Model\data\raw\041_005_002.mp4,41,5,2,59.94,182,1920,1080
C:\Users\AB\Downloads\Sign_Recognition_Model\data\raw\041_005_003.mp4,41,5,3,59.94,152,1920,1080
C:\Users\AB\Downloads\Sign_Recognition_Model\data\raw\041_005_004.mp4,41,5,4,59.94,182,1920,1080
C:\Users\AB\Downloads\Sign_Recognition_Model\data\raw\041_005_005.mp4,41,5,5,59.94,182,1920,1080
C:\Users\AB\Downloads\Sign_Recognition_Model\data\raw\041_006_001.mp4,41,6,1,59.94,182,1920,1080
C:\Users\AB\Downloads\Sign_Recognition_Model\data\raw\041_006_002.mp4,41,6,2,59.94,182,1920,1080
C:\Users\AB\Downloads\Sign_Recognition_Model\data\raw\041_006_003.mp4,41,6,3,59.94,212,1920,1080
C:\Users\AB\Downloads\Sign_Recognition_Model\data\raw\041_006_004.mp4,41,6,4,59.94,182,1920,1080
C:\Users\AB\Downloads\Sign_Recognition_Model\data\raw\041_006_005.mp4,41,6,5,59.94,212,1920,1080
C:\Users\AB\Downloads\Sign_Recognition_Model\data\raw\041_007_001.mp4,41,7,1,59.94,152,1920,1080
C:\Users\AB\Downloads\Sign_Recognition_Model\data\raw\041_007_002.mp4,41,7,2,59.94,152,1920,1080
C:\Users\AB\Downloads\Sign_Recognition_Model\data\raw\041_007_003.mp4,41,7,3,59.94,182,1920,1080
C:\Users\AB\Downloads\Sign_Recognition_Model\data\raw\041_007_004.mp4,41,7,4,59.94,152,1920,1080
C:\Users\AB\Downloads\Sign_Recognition_Model\data\raw\041_007_005.mp4,41,7,5,59.94,182,1920,1080
C:\Users\AB\Downloads\Sign_Recognition_Model\data\raw\041_008_001.mp4,41,8,1,59.94,182,1920,1080
C:\Users\AB\Downloads\Sign_Recognition_Model\data\raw\041_008_002.mp4,41,8,2,59.94,182,1920,1080
C:\Users\AB\Downloads\Sign_Recognition_Model\data\raw\041_008_003.mp4,41,8,3,59.94,152,1920,1080
C:\Users\AB\Downloads\Sign_Recognition_Model\data\raw\041_008_004.mp4,41,8,4,59.94,182,1920,1080
C:\Users\AB\Downloads\Sign_Recognition_Model\data\raw\041_008_005.mp4,41,8,5,59.94,182,1920,1080
C:\Users\AB\Downloads\Sign_Recognition_Model\data\raw\041_009_001.mp4,41,9,1,59.94,182,1920,1080
C:\Users\AB\Downloads\Sign_Recognition_Model\data\raw\041_009_002.mp4,41,9,2,59.94,212,1920,1080
C:\Users\AB\Downloads\Sign_Recognition_Model\data\raw\041_009_003.mp4,41,9,3,59.94,182,1920,1080
C:\Users\AB\Downloads\Sign_Recognition_Model\data\raw\041_009_004.mp4,41,9,4,59.94,152,1920,1080
C:\Users\AB\Downloads\Sign_Recognition_Model\data\raw\041_009_005.mp4,41,9,5,59.94,152,1920,1080
C:\Users\AB\Downloads\Sign_Recognition_Model\data\raw\041_010_001.mp4,41,10,1,59.94,182,1920,1080
C:\Users\AB\Downloads\Sign_Recognition_Model\data\raw\041_010_002.mp4,41,10,2,59.94,182,1920,1080
C:\Users\AB\Downloads\Sign_Recognition_Model\data\raw\041_010_003.mp4,41,10,3,59.94,152,1920,1080
C:\Users\AB\Downloads\Sign_Recognition_Model\data\raw\041_010_004.mp4,41,10,4,59.94,152,1920,1080
C:\Users\AB\Downloads\Sign_Recognition_Model\data\raw\041_010_005.mp4,41,10,5,59.94,152,1920,1080
C:\Users\AB\Downloads\Sign_Recognition_Model\data\raw\042_001_001.mp4,42,1,1,59.94,122,1920,1080
C:\Users\AB\Downloads\Sign_Recognition_Model\data\raw\042_001_002.mp4,42,1,2,59.94,122,1920,1080
C:\Users\AB\Downloads\Sign_Recognition_Model\data\raw\042_001_003.mp4,42,1,3,59.94,122,1920,1080
C:\Users\AB\Downloads\Sign_Recognition_Model\data\raw\042_001_004.mp4,42,1,4,59.94,122,1920,1080
C:\Users\AB\Downloads\Sign_Recognition_Model\data\raw\042_001_005.mp4,42,1,5,59.94,122,1920,1080
C:\Users\AB\Downloads\Sign_Recognition_Model\data\raw\042_002_001.mp4,42,2,1,59.94,152,1920,1080
C:\Users\AB\Downloads\Sign_Recognition_Model\data\raw\042_002_002.mp4,42,2,2,59.94,122,1920,1080
C:\Users\AB\Downloads\Sign_Recognition_Model\data\raw\042_002_003.mp4,42,2,3,59.94,122,1920,1080
C:\Users\AB\Downloads\Sign_Recognition_Model\data\raw\042_002_004.mp4,42,2,4,59.94,122,1920,1080
C:\Users\AB\Downloads\Sign_Recognition_Model\data\raw\042_002_005.mp4,42,2,5,59.94,152,1920,1080
C:\Users\AB\Downloads\Sign_Recognition_Model\data\raw\042_003_001.mp4,42,3,1,59.94,152,1920,1080
C:\Users\AB\Downloads\Sign_Recognition_Model\data\raw\042_003_002.mp4,42,3,2,59.94,122,1920,1080
C:\Users\AB\Downloads\Sign_Recognition_Model\data\raw\042_003_003.mp4,42,3,3,59.94,152,1920,1080
C:\Users\AB\Downloads\Sign_Recognition_Model\data\raw\042_003_004.mp4,42,3,4,59.94,122,1920,1080
C:\Users\AB\Downloads\Sign_Recognition_Model\data\raw\042_003_005.mp4,42,3,5,59.94,122,1920,1080
C:\Users\AB\Downloads\Sign_Recognition_Model\data\raw\042_004_001.mp4,42,4,1,59.94,122,1920,1080
C:\Users\AB\Downloads\Sign_Recognition_Model\data\raw\042_004_002.mp4,42,4,2,59.94,122,1920,1080
C:\Users\AB\Downloads\Sign_Recognition_Model\data\raw\042_004_003.mp4,42,4,3,59.94,122,1920,1080
C:\Users\AB\Downloads\Sign_Recognition_Model\data\raw\042_004_004.mp4,42,4,4,59.94,122,1920,1080
C:\Users\AB\Downloads\Sign_Recognition_Model\data\raw\042_004_005.mp4,42,4,5,59.94,122,1920,1080
C:\Users\AB\Downloads\Sign_Recognition_Model\data\raw\042_005_001.mp4,42,5,1,59.94,122,1920,1080
C:\Users\AB\Downloads\Sign_Recognition_Model\data\raw\042_005_002.mp4,42,5,2,59.94,152,1920,1080
C:\Users\AB\Downloads\Sign_Recognition_Model\data\raw\042_005_003.mp4,42,5,3,59.94,152,1920,1080
C:\Users\AB\Downloads\Sign_Recognition_Model\data\raw\042_005_004.mp4,42,5,4,59.94,152,1920,1080
C:\Users\AB\Downloads\Sign_Recognition_Model\data\raw\042_005_005.mp4,42,5,5,59.94,182,1920,1080
C:\Users\AB\Downloads\Sign_Recognition_Model\data\raw\042_006_001.mp4,42,6,1,59.94,152,1920,1080
C:\Users\AB\Downloads\Sign_Recognition_Model\data\raw\042_006_002.mp4,42,6,2,59.94,152,1920,1080
C:\Users\AB\Downloads\Sign_Recognition_Model\data\raw\042_006_003.mp4,42,6,3,59.94,152,1920,1080
C:\Users\AB\Downloads\Sign_Recognition_Model\data\raw\042_006_004.mp4,42,6,4,59.94,152,1920,1080
C:\Users\AB\Downloads\Sign_Recognition_Model\data\raw\042_006_005.mp4,42,6,5,59.94,152,1920,1080
C:\Users\AB\Downloads\Sign_Recognition_Model\data\raw\042_007_001.mp4,42,7,1,59.94,122,1920,1080
C:\Users\AB\Downloads\Sign_Recognition_Model\data\raw\042_007_002.mp4,42,7,2,59.94,152,1920,1080
C:\Users\AB\Downloads\Sign_Recognition_Model\data\raw\042_007_003.mp4,42,7,3,59.94,152,1920,1080
C:\Users\AB\Downloads\Sign_Recognition_Model\data\raw\042_007_004.mp4,42,7,4,59.94,152,1920,1080
C:\Users\AB\Downloads\Sign_Recognition_Model\data\raw\042_007_005.mp4,42,7,5,59.94,152,1920,1080
C:\Users\AB\Downloads\Sign_Recognition_Model\data\raw\042_008_001.mp4,42,8,1,59.94,122,1920,1080
C:\Users\AB\Downloads\Sign_Recognition_Model\data\raw\042_008_002.mp4,42,8,2,59.94,122,1920,1080
C:\Users\AB\Downloads\Sign_Recognition_Model\data\raw\042_008_003.mp4,42,8,3,59.94,122,1920,1080
C:\Users\AB\Downloads\Sign_Recognition_Model\data\raw\042_008_004.mp4,42,8,4,59.94,122,1920,1080
C:\Users\AB\Downloads\Sign_Recognition_Model\data\raw\042_008_005.mp4,42,8,5,59.94,122,1920,1080
C:\Users\AB\Downloads\Sign_Recognition_Model\data\raw\042_009_001.mp4,42,9,1,59.94,152,1920,1080
C:\Users\AB\Downloads\Sign_Recognition_Model\data\raw\042_009_002.mp4,42,9,2,59.94,122,1920,1080
C:\Users\AB\Downloads\Sign_Recognition_Model\data\raw\042_009_003.mp4,42,9,3,59.94,152,1920,1080
C:\Users\AB\Downloads\Sign_Recognition_Model\data\raw\042_009_004.mp4,42,9,4,59.94,152,1920,1080
C:\Users\AB\Downloads\Sign_Recognition_Model\data\raw\042_009_005.mp4,42,9,5,59.94,152,1920,1080
C:\Users\AB\Downloads\Sign_Recognition_Model\data\raw\042_010_001.mp4,42,10,1,59.94,122,1920,1080
C:\Users\AB\Downloads\Sign_Recognition_Model\data\raw\042_010_002.mp4,42,10,2,59.94,122,1920,1080
C:\Users\AB\Downloads\Sign_Recognition_Model\data\raw\042_010_003.mp4,42,10,3,59.94,152,1920,1080
C:\Users\AB\Downloads\Sign_Recognition_Model\data\raw\042_010_004.mp4,42,10,4,59.94,152,1920,1080
C:\Users\AB\Downloads\Sign_Recognition_Model\data\raw\042_010_005.mp4,42,10,5,59.94,122,1920,1080
C:\Users\AB\Downloads\Sign_Recognition_Model\data\raw\043_001_001.mp4,43,1,1,59.94,92,1920,1080
C:\Users\AB\Downloads\Sign_Recognition_Model\data\raw\043_001_002.mp4,43,1,2,59.94,122,1920,1080
C:\Users\AB\Downloads\Sign_Recognition_Model\data\raw\043_001_003.mp4,43,1,3,59.94,92,1920,1080
C:\Users\AB\Downloads\Sign_Recognition_Model\data\raw\043_001_004.mp4,43,1,4,59.94,122,1920,1080
C:\Users\AB\Downloads\Sign_Recognition_Model\data\raw\043_001_005.mp4,43,1,5,59.94,122,1920,1080
C:\Users\AB\Downloads\Sign_Recognition_Model\data\raw\043_002_001.mp4,43,2,1,59.94,122,1920,1080
C:\Users\AB\Downloads\Sign_Recognition_Model\data\raw\043_002_002.mp4,43,2,2,59.94,152,1920,1080
C:\Users\AB\Downloads\Sign_Recognition_Model\data\raw\043_002_003.mp4,43,2,3,59.94,122,1920,1080
C:\Users\AB\Downloads\Sign_Recognition_Model\data\raw\043_002_004.mp4,43,2,4,59.94,122,1920,1080
C:\Users\AB\Downloads\Sign_Recognition_Model\data\raw\043_002_005.mp4,43,2,5,59.94,122,1920,1080
C:\Users\AB\Downloads\Sign_Recognition_Model\data\raw\043_003_001.mp4,43,3,1,59.94,152,1920,1080
C:\Users\AB\Downloads\Sign_Recognition_Model\data\raw\043_003_002.mp4,43,3,2,59.94,122,1920,1080
C:\Users\AB\Downloads\Sign_Recognition_Model\data\raw\043_003_003.mp4,43,3,3,59.94,152,1920,1080
C:\Users\AB\Downloads\Sign_Recognition_Model\data\raw\043_003_004.mp4,43,3,4,59.94,122,1920,1080
C:\Users\AB\Downloads\Sign_Recognition_Model\data\raw\043_003_005.mp4,43,3,5,59.94,122,1920,1080
C:\Users\AB\Downloads\Sign_Recognition_Model\data\raw\043_004_001.mp4,43,4,1,59.94,152,1920,1080
C:\Users\AB\Downloads\Sign_Recognition_Model\data\raw\043_004_002.mp4,43,4,2,59.94,122,1920,1080
C:\Users\AB\Downloads\Sign_Recognition_Model\data\raw\043_004_003.mp4,43,4,3,59.94,122,1920,1080
C:\Users\AB\Downloads\Sign_Recognition_Model\data\raw\043_004_004.mp4,43,4,4,59.94,122,1920,1080
C:\Users\AB\Downloads\Sign_Recognition_Model\data\raw\043_004_005.mp4,43,4,5,59.94,122,1920,1080
C:\Users\AB\Downloads\Sign_Recognition_Model\data\raw\043_005_001.mp4,43,5,1,59.94,152,1920,1080
C:\Users\AB\Downloads\Sign_Recognition_Model\data\raw\043_005_002.mp4,43,5,2,59.94,122,1920,1080
C:\Users\AB\Downloads\Sign_Recognition_Model\data\raw\043_005_003.mp4,43,5,3,59.94,152,1920,1080
C:\Users\AB\Downloads\Sign_Recognition_Model\data\raw\043_005_004.mp4,43,5,4,59.94,152,1920,1080
C:\Users\AB\Downloads\Sign_Recognition_Model\data\raw\043_005_005.mp4,43,5,5,59.94,122,1920,1080
C:\Users\AB\Downloads\Sign_Recognition_Model\data\raw\043_006_001.mp4,43,6,1,59.94,122,1920,1080
C:\Users\AB\Downloads\Sign_Recognition_Model\data\raw\043_006_002.mp4,43,6,2,59.94,122,1920,1080
C:\Users\AB\Downloads\Sign_Recognition_Model\data\raw\043_006_003.mp4,43,6,3,59.94,152,1920,1080
C:\Users\AB\Downloads\Sign_Recognition_Model\data\raw\043_006_004.mp4,43,6,4,59.94,122,1920,1080
C:\Users\AB\Downloads\Sign_Recognition_Model\data\raw\043_006_005.mp4,43,6,5,59.94,122,1920,1080
C:\Users\AB\Downloads\Sign_Recognition_Model\data\raw\043_007_001.mp4,43,7,1,59.94,92,1920,1080
C:\Users\AB\Downloads\Sign_Recognition_Model\data\raw\043_007_002.mp4,43,7,2,59.94,92,1920,1080
C:\Users\AB\Downloads\Sign_Recognition_Model\data\raw\043_007_003.mp4,43,7,3,59.94,92,1920,1080
C:\Users\AB\Downloads\Sign_Recognition_Model\data\raw\043_007_004.mp4,43,7,4,59.94,122,1920,1080
C:\Users\AB\Downloads\Sign_Recognition_Model\data\raw\043_007_005.mp4,43,7,5,59.94,122,1920,1080
C:\Users\AB\Downloads\Sign_Recognition_Model\data\raw\043_008_001.mp4,43,8,1,59.94,92,1920,1080
C:\Users\AB\Downloads\Sign_Recognition_Model\data\raw\043_008_002.mp4,43,8,2,59.94,122,1920,1080
C:\Users\AB\Downloads\Sign_Recognition_Model\data\raw\043_008_003.mp4,43,8,3,59.94,122,1920,1080
C:\Users\AB\Downloads\Sign_Recognition_Model\data\raw\043_008_004.mp4,43,8,4,59.94,92,1920,1080
C:\Users\AB\Downloads\Sign_Recognition_Model\data\raw\043_008_005.mp4,43,8,5,59.94,122,1920,1080
C:\Users\AB\Downloads\Sign_Recognition_Model\data\raw\043_009_001.mp4,43,9,1,59.94,122,1920,1080
C:\Users\AB\Downloads\Sign_Recognition_Model\data\raw\043_009_002.mp4,43,9,2,59.94,152,1920,1080
C:\Users\AB\Downloads\Sign_Recognition_Model\data\raw\043_009_003.mp4,43,9,3,59.94,122,1920,1080
C:\Users\AB\Downloads\Sign_Recognition_Model\data\raw\043_009_004.mp4,43,9,4,59.94,122,1920,1080
C:\Users\AB\Downloads\Sign_Recognition_Model\data\raw\043_009_005.mp4,43,9,5,59.94,122,1920,1080
C:\Users\AB\Downloads\Sign_Recognition_Model\data\raw\043_010_001.mp4,43,10,1,59.94,122,1920,1080
C:\Users\AB\Downloads\Sign_Recognition_Model\data\raw\043_010_002.mp4,43,10,2,59.94,122,1920,1080
C:\Users\AB\Downloads\Sign_Recognition_Model\data\raw\043_010_003.mp4,43,10,3,59.94,122,1920,1080
C:\Users\AB\Downloads\Sign_Recognition_Model\data\raw\043_010_004.mp4,43,10,4,59.94,122,1920,1080
C:\Users\AB\Downloads\Sign_Recognition_Model\data\raw\043_010_005.mp4,43,10,5,59.94,92,1920,1080
C:\Users\AB\Downloads\Sign_Recognition_Model\data\raw\044_001_001.mp4,44,1,1,59.94,182,1920,1080
C:\Users\AB\Downloads\Sign_Recognition_Model\data\raw\044_001_002.mp4,44,1,2,59.94,122,1920,1080
C:\Users\AB\Downloads\Sign_Recognition_Model\data\raw\044_001_003.mp4,44,1,3,59.94,152,1920,1080
C:\Users\AB\Downloads\Sign_Recognition_Model\data\raw\044_001_004.mp4,44,1,4,59.94,152,1920,1080
C:\Users\AB\Downloads\Sign_Recognition_Model\data\raw\044_001_005.mp4,44,1,5,59.94,152,1920,1080
C:\Users\AB\Downloads\Sign_Recognition_Model\data\raw\044_002_001.mp4,44,2,1,59.94,122,1920,1080
C:\Users\AB\Downloads\Sign_Recognition_Model\data\raw\044_002_002.mp4,44,2,2,59.94,122,1920,1080
C:\Users\AB\Downloads\Sign_Recognition_Model\data\raw\044_002_003.mp4,44,2,3,59.94,122,1920,1080
C:\Users\AB\Downloads\Sign_Recognition_Model\data\raw\044_002_004.mp4,44,2,4,59.94,92,1920,1080
C:\Users\AB\Downloads\Sign_Recognition_Model\data\raw\044_002_005.mp4,44,2,5,59.94,122,1920,1080
C:\Users\AB\Downloads\Sign_Recognition_Model\data\raw\044_003_001.mp4,44,3,1,59.94,152,1920,1080
C:\Users\AB\Downloads\Sign_Recognition_Model\data\raw\044_003_002.mp4,44,3,2,59.94,152,1920,1080
C:\Users\AB\Downloads\Sign_Recognition_Model\data\raw\044_003_003.mp4,44,3,3,59.94,152,1920,1080
C:\Users\AB\Downloads\Sign_Recognition_Model\data\raw\044_003_004.mp4,44,3,4,59.94,122,1920,1080
C:\Users\AB\Downloads\Sign_Recognition_Model\data\raw\044_003_005.mp4,44,3,5,59.94,152,1920,1080
C:\Users\AB\Downloads\Sign_Recognition_Model\data\raw\044_004_001.mp4,44,4,1,59.94,122,1920,1080
C:\Users\AB\Downloads\Sign_Recognition_Model\data\raw\044_004_002.mp4,44,4,2,59.94,122,1920,1080
C:\Users\AB\Downloads\Sign_Recognition_Model\data\raw\044_004_003.mp4,44,4,3,59.94,92,1920,1080
C:\Users\AB\Downloads\Sign_Recognition_Model\data\raw\044_004_004.mp4,44,4,4,59.94,122,1920,1080
C:\Users\AB\Downloads\Sign_Recognition_Model\data\raw\044_004_005.mp4,44,4,5,59.94,122,1920,1080
C:\Users\AB\Downloads\Sign_Recognition_Model\data\raw\044_005_001.mp4,44,5,1,59.94,122,1920,1080
C:\Users\AB\Downloads\Sign_Recognition_Model\data\raw\044_005_002.mp4,44,5,2,59.94,92,1920,1080
C:\Users\AB\Downloads\Sign_Recognition_Model\data\raw\044_005_003.mp4,44,5,3,59.94,122,1920,1080
C:\Users\AB\Downloads\Sign_Recognition_Model\data\raw\044_005_004.mp4,44,5,4,59.94,152,1920,1080
C:\Users\AB\Downloads\Sign_Recognition_Model\data\raw\044_005_005.mp4,44,5,5,59.94,152,1920,1080
C:\Users\AB\Downloads\Sign_Recognition_Model\data\raw\044_006_001.mp4,44,6,1,59.94,152,1920,1080
C:\Users\AB\Downloads\Sign_Recognition_Model\data\raw\044_006_002.mp4,44,6,2,59.94,152,1920,1080
C:\Users\AB\Downloads\Sign_Recognition_Model\data\raw\044_006_003.mp4,44,6,3,59.94,152,1920,1080
C:\Users\AB\Downloads\Sign_Recognition_Model\data\raw\044_006_004.mp4,44,6,4,59.94,152,1920,1080
C:\Users\AB\Downloads\Sign_Recognition_Model\data\raw\044_006_005.mp4,44,6,5,59.94,122,1920,1080
C:\Users\AB\Downloads\Sign_Recognition_Model\data\raw\044_007_001.mp4,44,7,1,59.94,122,1920,1080
C:\Users\AB\Downloads\Sign_Recognition_Model\data\raw\044_007_002.mp4,44,7,2,59.94,122,1920,1080
C:\Users\AB\Downloads\Sign_Recognition_Model\data\raw\044_007_003.mp4,44,7,3,59.94,122,1920,1080
C:\Users\AB\Downloads\Sign_Recognition_Model\data\raw\044_007_004.mp4,44,7,4,59.94,122,1920,1080
C:\Users\AB\Downloads\Sign_Recognition_Model\data\raw\044_007_005.mp4,44,7,5,59.94,122,1920,1080
C:\Users\AB\Downloads\Sign_Recognition_Model\data\raw\044_008_001.mp4,44,8,1,59.94,122,1920,1080
C:\Users\AB\Downloads\Sign_Recognition_Model\data\raw\044_008_002.mp4,44,8,2,59.94,122,1920,1080
C:\Users\AB\Downloads\Sign_Recognition_Model\data\raw\044_008_003.mp4,44,8,3,59.94,122,1920,1080
C:\Users\AB\Downloads\Sign_Recognition_Model\data\raw\044_008_004.mp4,44,8,4,59.94,122,1920,1080
C:\Users\AB\Downloads\Sign_Recognition_Model\data\raw\044_008_005.mp4,44,8,5,59.94,122,1920,1080
C:\Users\AB\Downloads\Sign_Recognition_Model\data\raw\044_009_001.mp4,44,9,1,59.94,122,1920,1080
C:\Users\AB\Downloads\Sign_Recognition_Model\data\raw\044_009_002.mp4,44,9,2,59.94,152,1920,1080
C:\Users\AB\Downloads\Sign_Recognition_Model\data\raw\044_009_003.mp4,44,9,3,59.94,122,1920,1080
C:\Users\AB\Downloads\Sign_Recognition_Model\data\raw\044_009_004.mp4,44,9,4,59.94,152,1920,1080
C:\Users\AB\Downloads\Sign_Recognition_Model\data\raw\044_009_005.mp4,44,9,5,59.94,182,1920,1080
C:\Users\AB\Downloads\Sign_Recognition_Model\data\raw\044_010_001.mp4,44,10,1,59.94,152,1920,1080
C:\Users\AB\Downloads\Sign_Recognition_Model\data\raw\044_010_002.mp4,44,10,2,59.94,152,1920,1080
C:\Users\AB\Downloads\Sign_Recognition_Model\data\raw\044_010_003.mp4,44,10,3,59.94,152,1920,1080
C:\Users\AB\Downloads\Sign_Recognition_Model\data\raw\044_010_004.mp4,44,10,4,59.94,152,1920,1080
C:\Users\AB\Downloads\Sign_Recognition_Model\data\raw\044_010_005.mp4,44,10,5,59.94,152,1920,1080
C:\Users\AB\Downloads\Sign_Recognition_Model\data\raw\045_001_001.mp4,45,1,1,59.94,182,1920,1080
C:\Users\AB\Downloads\Sign_Recognition_Model\data\raw\045_001_002.mp4,45,1,2,59.94,152,1920,1080
C:\Users\AB\Downloads\Sign_Recognition_Model\data\raw\045_001_003.mp4,45,1,3,59.94,152,1920,1080
C:\Users\AB\Downloads\Sign_Recognition_Model\data\raw\045_001_004.mp4,45,1,4,59.94,152,1920,1080
C:\Users\AB\Downloads\Sign_Recognition_Model\data\raw\045_001_005.mp4,45,1,5,59.94,152,1920,1080
C:\Users\AB\Downloads\Sign_Recognition_Model\data\raw\045_002_001.mp4,45,2,1,59.94,122,1920,1080
C:\Users\AB\Downloads\Sign_Recognition_Model\data\raw\045_002_002.mp4,45,2,2,59.94,182,1920,1080
C:\Users\AB\Downloads\Sign_Recognition_Model\data\raw\045_002_003.mp4,45,2,3,59.94,152,1920,1080
C:\Users\AB\Downloads\Sign_Recognition_Model\data\raw\045_002_004.mp4,45,2,4,59.94,182,1920,1080
C:\Users\AB\Downloads\Sign_Recognition_Model\data\raw\045_002_005.mp4,45,2,5,59.94,182,1920,1080
C:\Users\AB\Downloads\Sign_Recognition_Model\data\raw\045_003_001.mp4,45,3,1,59.94,182,1920,1080
C:\Users\AB\Downloads\Sign_Recognition_Model\data\raw\045_003_002.mp4,45,3,2,59.94,182,1920,1080
C:\Users\AB\Downloads\Sign_Recognition_Model\data\raw\045_003_003.mp4,45,3,3,59.94,182,1920,1080
C:\Users\AB\Downloads\Sign_Recognition_Model\data\raw\045_003_004.mp4,45,3,4,59.94,182,1920,1080
C:\Users\AB\Downloads\Sign_Recognition_Model\data\raw\045_003_005.mp4,45,3,5,59.94,182,1920,1080
C:\Users\AB\Downloads\Sign_Recognition_Model\data\raw\045_004_001.mp4,45,4,1,59.94,152,1920,1080
C:\Users\AB\Downloads\Sign_Recognition_Model\data\raw\045_004_002.mp4,45,4,2,59.94,152,1920,1080
C:\Users\AB\Downloads\Sign_Recognition_Model\data\raw\045_004_003.mp4,45,4,3,59.94,152,1920,1080
C:\Users\AB\Downloads\Sign_Recognition_Model\data\raw\045_004_004.mp4,45,4,4,59.94,152,1920,1080
C:\Users\AB\Downloads\Sign_Recognition_Model\data\raw\045_004_005.mp4,45,4,5,59.94,122,1920,1080
C:\Users\AB\Downloads\Sign_Recognition_Model\data\raw\045_005_001.mp4,45,5,1,59.94,152,1920,1080
C:\Users\AB\Downloads\Sign_Recognition_Model\data\raw\045_005_002.mp4,45,5,2,59.94,152,1920,1080
C:\Users\AB\Downloads\Sign_Recognition_Model\data\raw\045_005_003.mp4,45,5,3,59.94,152,1920,1080
C:\Users\AB\Downloads\Sign_Recognition_Model\data\raw\045_005_004.mp4,45,5,4,59.94,152,1920,1080
C:\Users\AB\Downloads\Sign_Recognition_Model\data\raw\045_005_005.mp4,45,5,5,59.94,182,1920,1080
C:\Users\AB\Downloads\Sign_Recognition_Model\data\raw\045_006_001.mp4,45,6,1,59.94,152,1920,1080
C:\Users\AB\Downloads\Sign_Recognition_Model\data\raw\045_006_002.mp4,45,6,2,59.94,152,1920,1080
C:\Users\AB\Downloads\Sign_Recognition_Model\data\raw\045_006_003.mp4,45,6,3,59.94,182,1920,1080
C:\Users\AB\Downloads\Sign_Recognition_Model\data\raw\045_006_004.mp4,45,6,4,59.94,182,1920,1080
C:\Users\AB\Downloads\Sign_Recognition_Model\data\raw\045_006_005.mp4,45,6,5,59.94,212,1920,1080
C:\Users\AB\Downloads\Sign_Recognition_Model\data\raw\045_007_001.mp4,45,7,1,59.94,152,1920,1080
C:\Users\AB\Downloads\Sign_Recognition_Model\data\raw\045_007_002.mp4,45,7,2,59.94,152,1920,1080
C:\Users\AB\Downloads\Sign_Recognition_Model\data\raw\045_007_003.mp4,45,7,3,59.94,152,1920,1080
C:\Users\AB\Downloads\Sign_Recognition_Model\data\raw\045_007_004.mp4,45,7,4,59.94,152,1920,1080
C:\Users\AB\Downloads\Sign_Recognition_Model\data\raw\045_007_005.mp4,45,7,5,59.94,182,1920,1080
C:\Users\AB\Downloads\Sign_Recognition_Model\data\raw\045_008_001.mp4,45,8,1,59.94,152,1920,1080
C:\Users\AB\Downloads\Sign_Recognition_Model\data\raw\045_008_002.mp4,45,8,2,59.94,152,1920,1080
C:\Users\AB\Downloads\Sign_Recognition_Model\data\raw\045_008_003.mp4,45,8,3,59.94,152,1920,1080
C:\Users\AB\Downloads\Sign_Recognition_Model\data\raw\045_008_004.mp4,45,8,4,59.94,152,1920,1080
C:\Users\AB\Downloads\Sign_Recognition_Model\data\raw\045_008_005.mp4,45,8,5,59.94,152,1920,1080
C:\Users\AB\Downloads\Sign_Recognition_Model\data\raw\045_009_001.mp4,45,9,1,59.94,152,1920,1080
C:\Users\AB\Downloads\Sign_Recognition_Model\data\raw\045_009_002.mp4,45,9,2,59.94,152,1920,1080
C:\Users\AB\Downloads\Sign_Recognition_Model\data\raw\045_009_003.mp4,45,9,3,59.94,182,1920,1080
C:\Users\AB\Downloads\Sign_Recognition_Model\data\raw\045_009_004.mp4,45,9,4,59.94,182,1920,1080
C:\Users\AB\Downloads\Sign_Recognition_Model\data\raw\045_009_005.mp4,45,9,5,59.94,182,1920,1080
C:\Users\AB\Downloads\Sign_Recognition_Model\data\raw\045_010_001.mp4,45,10,1,59.94,152,1920,1080
C:\Users\AB\Downloads\Sign_Recognition_Model\data\raw\045_010_002.mp4,45,10,2,59.94,122,1920,1080
C:\Users\AB\Downloads\Sign_Recognition_Model\data\raw\045_010_003.mp4,45,10,3,59.94,152,1920,1080
C:\Users\AB\Downloads\Sign_Recognition_Model\data\raw\045_010_004.mp4,45,10,4,59.94,152,1920,1080
C:\Users\AB\Downloads\Sign_Recognition_Model\data\raw\045_010_005.mp4,45,10,5,59.94,152,1920,1080
C:\Users\AB\Downloads\Sign_Recognition_Model\data\raw\046_001_001.mp4,46,1,1,59.94,182,1920,1080
C:\Users\AB\Downloads\Sign_Recognition_Model\data\raw\046_001_002.mp4,46,1,2,59.94,152,1920,1080
C:\Users\AB\Downloads\Sign_Recognition_Model\data\raw\046_001_003.mp4,46,1,3,59.94,182,1920,1080
C:\Users\AB\Downloads\Sign_Recognition_Model\data\raw\046_001_004.mp4,46,1,4,59.94,152,1920,1080
C:\Users\AB\Downloads\Sign_Recognition_Model\data\raw\046_001_005.mp4,46,1,5,59.94,152,1920,1080
C:\Users\AB\Downloads\Sign_Recognition_Model\data\raw\046_002_001.mp4,46,2,1,59.94,122,1920,1080
C:\Users\AB\Downloads\Sign_Recognition_Model\data\raw\046_002_002.mp4,46,2,2,59.94,152,1920,1080
C:\Users\AB\Downloads\Sign_Recognition_Model\data\raw\046_002_003.mp4,46,2,3,59.94,152,1920,1080
C:\Users\AB\Downloads\Sign_Recognition_Model\data\raw\046_002_004.mp4,46,2,4,59.94,122,1920,1080
C:\Users\AB\Downloads\Sign_Recognition_Model\data\raw\046_002_005.mp4,46,2,5,59.94,152,1920,1080
C:\Users\AB\Downloads\Sign_Recognition_Model\data\raw\046_003_001.mp4,46,3,1,59.94,122,1920,1080
C:\Users\AB\Downloads\Sign_Recognition_Model\data\raw\046_003_002.mp4,46,3,2,59.94,152,1920,1080
C:\Users\AB\Downloads\Sign_Recognition_Model\data\raw\046_003_003.mp4,46,3,3,59.94,152,1920,1080
C:\Users\AB\Downloads\Sign_Recognition_Model\data\raw\046_003_004.mp4,46,3,4,59.94,152,1920,1080
C:\Users\AB\Downloads\Sign_Recognition_Model\data\raw\046_003_005.mp4,46,3,5,59.94,152,1920,1080
C:\Users\AB\Downloads\Sign_Recognition_Model\data\raw\046_004_001.mp4,46,4,1,59.94,122,1920,1080
C:\Users\AB\Downloads\Sign_Recognition_Model\data\raw\046_004_002.mp4,46,4,2,59.94,122,1920,1080
C:\Users\AB\Downloads\Sign_Recognition_Model\data\raw\046_004_003.mp4,46,4,3,59.94,122,1920,1080
C:\Users\AB\Downloads\Sign_Recognition_Model\data\raw\046_004_004.mp4,46,4,4,59.94,122,1920,1080
C:\Users\AB\Downloads\Sign_Recognition_Model\data\raw\046_004_005.mp4,46,4,5,59.94,92,1920,1080
C:\Users\AB\Downloads\Sign_Recognition_Model\data\raw\046_005_001.mp4,46,5,1,59.94,152,1920,1080
C:\Users\AB\Downloads\Sign_Recognition_Model\data\raw\046_005_002.mp4,46,5,2,59.94,122,1920,1080
C:\Users\AB\Downloads\Sign_Recognition_Model\data\raw\046_005_003.mp4,46,5,3,59.94,182,1920,1080
C:\Users\AB\Downloads\Sign_Recognition_Model\data\raw\046_005_004.mp4,46,5,4,59.94,152,1920,1080
C:\Users\AB\Downloads\Sign_Recognition_Model\data\raw\046_005_005.mp4,46,5,5,59.94,182,1920,1080
C:\Users\AB\Downloads\Sign_Recognition_Model\data\raw\046_006_001.mp4,46,6,1,59.94,152,1920,1080
C:\Users\AB\Downloads\Sign_Recognition_Model\data\raw\046_006_002.mp4,46,6,2,59.94,152,1920,1080
C:\Users\AB\Downloads\Sign_Recognition_Model\data\raw\046_006_003.mp4,46,6,3,59.94,152,1920,1080
C:\Users\AB\Downloads\Sign_Recognition_Model\data\raw\046_006_004.mp4,46,6,4,59.94,152,1920,1080
C:\Users\AB\Downloads\Sign_Recognition_Model\data\raw\046_006_005.mp4,46,6,5,59.94,152,1920,1080
C:\Users\AB\Downloads\Sign_Recognition_Model\data\raw\046_007_001.mp4,46,7,1,59.94,122,1920,1080
C:\Users\AB\Downloads\Sign_Recognition_Model\data\raw\046_007_002.mp4,46,7,2,59.94,122,1920,1080
C:\Users\AB\Downloads\Sign_Recognition_Model\data\raw\046_007_003.mp4,46,7,3,59.94,122,1920,1080
C:\Users\AB\Downloads\Sign_Recognition_Model\data\raw\046_007_004.mp4,46,7,4,59.94,122,1920,1080
C:\Users\AB\Downloads\Sign_Recognition_Model\data\raw\046_007_005.mp4,46,7,5,59.94,122,1920,1080
C:\Users\AB\Downloads\Sign_Recognition_Model\data\raw\046_008_001.mp4,46,8,1,59.94,122,1920,1080
C:\Users\AB\Downloads\Sign_Recognition_Model\data\raw\046_008_002.mp4,46,8,2,59.94,122,1920,1080
C:\Users\AB\Downloads\Sign_Recognition_Model\data\raw\046_008_003.mp4,46,8,3,59.94,122,1920,1080
C:\Users\AB\Downloads\Sign_Recognition_Model\data\raw\046_008_004.mp4,46,8,4,59.94,122,1920,1080
C:\Users\AB\Downloads\Sign_Recognition_Model\data\raw\046_008_005.mp4,46,8,5,59.94,122,1920,1080
C:\Users\AB\Downloads\Sign_Recognition_Model\data\raw\046_009_001.mp4,46,9,1,59.94,152,1920,1080
C:\Users\AB\Downloads\Sign_Recognition_Model\data\raw\046_009_002.mp4,46,9,2,59.94,152,1920,1080
C:\Users\AB\Downloads\Sign_Recognition_Model\data\raw\046_009_003.mp4,46,9,3,59.94,152,1920,1080
C:\Users\AB\Downloads\Sign_Recognition_Model\data\raw\046_009_004.mp4,46,9,4,59.94,152,1920,1080
C:\Users\AB\Downloads\Sign_Recognition_Model\data\raw\046_009_005.mp4,46,9,5,59.94,152,1920,1080
C:\Users\AB\Downloads\Sign_Recognition_Model\data\raw\046_010_001.mp4,46,10,1,59.94,152,1920,1080
C:\Users\AB\Downloads\Sign_Recognition_Model\data\raw\046_010_002.mp4,46,10,2,59.94,122,1920,1080
C:\Users\AB\Downloads\Sign_Recognition_Model\data\raw\046_010_003.mp4,46,10,3,59.94,122,1920,1080
C:\Users\AB\Downloads\Sign_Recognition_Model\data\raw\046_010_004.mp4,46,10,4,59.94,122,1920,1080
C:\Users\AB\Downloads\Sign_Recognition_Model\data\raw\046_010_005.mp4,46,10,5,59.94,152,1920,1080
C:\Users\AB\Downloads\Sign_Recognition_Model\data\raw\047_001_001.mp4,47,1,1,59.94,122,1920,1080
C:\Users\AB\Downloads\Sign_Recognition_Model\data\raw\047_001_002.mp4,47,1,2,59.94,152,1920,1080
C:\Users\AB\Downloads\Sign_Recognition_Model\data\raw\047_001_003.mp4,47,1,3,59.94,152,1920,1080
C:\Users\AB\Downloads\Sign_Recognition_Model\data\raw\047_001_004.mp4,47,1,4,59.94,152,1920,1080
C:\Users\AB\Downloads\Sign_Recognition_Model\data\raw\047_001_005.mp4,47,1,5,59.94,152,1920,1080
C:\Users\AB\Downloads\Sign_Recognition_Model\data\raw\047_002_001.mp4,47,2,1,59.94,122,1920,1080
C:\Users\AB\Downloads\Sign_Recognition_Model\data\raw\047_002_002.mp4,47,2,2,59.94,122,1920,1080
C:\Users\AB\Downloads\Sign_Recognition_Model\data\raw\047_002_003.mp4,47,2,3,59.94,152,1920,1080
C:\Users\AB\Downloads\Sign_Recognition_Model\data\raw\047_002_004.mp4,47,2,4,59.94,122,1920,1080
C:\Users\AB\Downloads\Sign_Recognition_Model\data\raw\047_002_005.mp4,47,2,5,59.94,122,1920,1080
C:\Users\AB\Downloads\Sign_Recognition_Model\data\raw\047_003_001.mp4,47,3,1,59.94,182,1920,1080
C:\Users\AB\Downloads\Sign_Recognition_Model\data\raw\047_003_002.mp4,47,3,2,59.94,152,1920,1080
C:\Users\AB\Downloads\Sign_Recognition_Model\data\raw\047_003_003.mp4,47,3,3,59.94,152,1920,1080
C:\Users\AB\Downloads\Sign_Recognition_Model\data\raw\047_003_004.mp4,47,3,4,59.94,152,1920,1080
C:\Users\AB\Downloads\Sign_Recognition_Model\data\raw\047_003_005.mp4,47,3,5,59.94,182,1920,1080
C:\Users\AB\Downloads\Sign_Recognition_Model\data\raw\047_004_001.mp4,47,4,1,59.94,122,1920,1080
C:\Users\AB\Downloads\Sign_Recognition_Model\data\raw\047_004_002.mp4,47,4,2,59.94,92,1920,1080
C:\Users\AB\Downloads\Sign_Recognition_Model\data\raw\047_004_003.mp4,47,4,3,59.94,122,1920,1080
C:\Users\AB\Downloads\Sign_Recognition_Model\data\raw\047_004_004.mp4,47,4,4,59.94,122,1920,1080
C:\Users\AB\Downloads\Sign_Recognition_Model\data\raw\047_004_005.mp4,47,4,5,59.94,122,1920,1080
C:\Users\AB\Downloads\Sign_Recognition_Model\data\raw\047_005_001.mp4,47,5,1,59.94,122,1920,1080
C:\Users\AB\Downloads\Sign_Recognition_Model\data\raw\047_005_002.mp4,47,5,2,59.94,152,1920,1080
C:\Users\AB\Downloads\Sign_Recognition_Model\data\raw\047_005_003.mp4,47,5,3,59.94,152,1920,1080
C:\Users\AB\Downloads\Sign_Recognition_Model\data\raw\047_005_004.mp4,47,5,4,59.94,152,1920,1080
C:\Users\AB\Downloads\Sign_Recognition_Model\data\raw\047_005_005.mp4,47,5,5,59.94,152,1920,1080
C:\Users\AB\Downloads\Sign_Recognition_Model\data\raw\047_006_001.mp4,47,6,1,59.94,152,1920,1080
C:\Users\AB\Downloads\Sign_Recognition_Model\data\raw\047_006_002.mp4,47,6,2,59.94,152,1920,1080
C:\Users\AB\Downloads\Sign_Recognition_Model\data\raw\047_006_003.mp4,47,6,3,59.94,152,1920,1080
C:\Users\AB\Downloads\Sign_Recognition_Model\data\raw\047_006_004.mp4,47,6,4,59.94,152,1920,1080
C:\Users\AB\Downloads\Sign_Recognition_Model\data\raw\047_006_005.mp4,47,6,5,59.94,152,1920,1080
C:\Users\AB\Downloads\Sign_Recognition_Model\data\raw\047_007_001.mp4,47,7,1,59.94,122,1920,1080
C:\Users\AB\Downloads\Sign_Recognition_Model\data\raw\047_007_002.mp4,47,7,2,59.94,152,1920,1080
C:\Users\AB\Downloads\Sign_Recognition_Model\data\raw\047_007_003.mp4,47,7,3,59.94,122,1920,1080
C:\Users\AB\Downloads\Sign_Recognition_Model\data\raw\047_007_004.mp4,47,7,4,59.94,122,1920,1080
C:\Users\AB\Downloads\Sign_Recognition_Model\data\raw\047_007_005.mp4,47,7,5,59.94,122,1920,1080
C:\Users\AB\Downloads\Sign_Recognition_Model\data\raw\047_008_001.mp4,47,8,1,59.94,122,1920,1080
C:\Users\AB\Downloads\Sign_Recognition_Model\data\raw\047_008_002.mp4,47,8,2,59.94,122,1920,1080
C:\Users\AB\Downloads\Sign_Recognition_Model\data\raw\047_008_003.mp4,47,8,3,59.94,122,1920,1080
C:\Users\AB\Downloads\Sign_Recognition_Model\data\raw\047_008_004.mp4,47,8,4,59.94,122,1920,1080
C:\Users\AB\Downloads\Sign_Recognition_Model\data\raw\047_008_005.mp4,47,8,5,59.94,122,1920,1080
C:\Users\AB\Downloads\Sign_Recognition_Model\data\raw\047_009_001.mp4,47,9,1,59.94,152,1920,1080
C:\Users\AB\Downloads\Sign_Recognition_Model\data\raw\047_009_002.mp4,47,9,2,59.94,152,1920,1080
C:\Users\AB\Downloads\Sign_Recognition_Model\data\raw\047_009_003.mp4,47,9,3,59.94,122,1920,1080
C:\Users\AB\Downloads\Sign_Recognition_Model\data\raw\047_009_004.mp4,47,9,4,59.94,152,1920,1080
C:\Users\AB\Downloads\Sign_Recognition_Model\data\raw\047_009_005.mp4,47,9,5,59.94,122,1920,1080
C:\Users\AB\Downloads\Sign_Recognition_Model\data\raw\047_010_001.mp4,47,10,1,59.94,152,1920,1080
C:\Users\AB\Downloads\Sign_Recognition_Model\data\raw\047_010_002.mp4,47,10,2,59.94,122,1920,1080
C:\Users\AB\Downloads\Sign_Recognition_Model\data\raw\047_010_003.mp4,47,10,3,59.94,152,1920,1080
C:\Users\AB\Downloads\Sign_Recognition_Model\data\raw\047_010_004.mp4,47,10,4,59.94,122,1920,1080
C:\Users\AB\Downloads\Sign_Recognition_Model\data\raw\047_010_005.mp4,47,10,5,59.94,122,1920,1080
C:\Users\AB\Downloads\Sign_Recognition_Model\data\raw\048_001_001.mp4,48,1,1,59.94,152,1920,1080
C:\Users\AB\Downloads\Sign_Recognition_Model\data\raw\048_001_002.mp4,48,1,2,59.94,182,1920,1080
C:\Users\AB\Downloads\Sign_Recognition_Model\data\raw\048_001_003.mp4,48,1,3,59.94,212,1920,1080
C:\Users\AB\Downloads\Sign_Recognition_Model\data\raw\048_001_004.mp4,48,1,4,59.94,212,1920,1080
C:\Users\AB\Downloads\Sign_Recognition_Model\data\raw\048_001_005.mp4,48,1,5,59.94,152,1920,1080
C:\Users\AB\Downloads\Sign_Recognition_Model\data\raw\048_002_001.mp4,48,2,1,59.94,152,1920,1080
C:\Users\AB\Downloads\Sign_Recognition_Model\data\raw\048_002_002.mp4,48,2,2,59.94,152,1920,1080
C:\Users\AB\Downloads\Sign_Recognition_Model\data\raw\048_002_003.mp4,48,2,3,59.94,152,1920,1080
C:\Users\AB\Downloads\Sign_Recognition_Model\data\raw\048_002_004.mp4,48,2,4,59.94,152,1920,1080
C:\Users\AB\Downloads\Sign_Recognition_Model\data\raw\048_002_005.mp4,48,2,5,59.94,182,1920,1080
C:\Users\AB\Downloads\Sign_Recognition_Model\data\raw\048_003_001.mp4,48,3,1,59.94,182,1920,1080
C:\Users\AB\Downloads\Sign_Recognition_Model\data\raw\048_003_002.mp4,48,3,2,59.94,182,1920,1080
C:\Users\AB\Downloads\Sign_Recognition_Model\data\raw\048_003_003.mp4,48,3,3,59.94,182,1920,1080
C:\Users\AB\Downloads\Sign_Recognition_Model\data\raw\048_003_004.mp4,48,3,4,59.94,182,1920,1080
C:\Users\AB\Downloads\Sign_Recognition_Model\data\raw\048_003_005.mp4,48,3,5,59.94,152,1920,1080
C:\Users\AB\Downloads\Sign_Recognition_Model\data\raw\048_004_001.mp4,48,4,1,59.94,152,1920,1080
C:\Users\AB\Downloads\Sign_Recognition_Model\data\raw\048_004_002.mp4,48,4,2,59.94,152,1920,1080
C:\Users\AB\Downloads\Sign_Recognition_Model\data\raw\048_004_003.mp4,48,4,3,59.94,152,1920,1080
C:\Users\AB\Downloads\Sign_Recognition_Model\data\raw\048_004_004.mp4,48,4,4,59.94,152,1920,1080
C:\Users\AB\Downloads\Sign_Recognition_Model\data\raw\048_004_005.mp4,48,4,5,59.94,152,1920,1080
C:\Users\AB\Downloads\Sign_Recognition_Model\data\raw\048_005_001.mp4,48,5,1,59.94,152,1920,1080
C:\Users\AB\Downloads\Sign_Recognition_Model\data\raw\048_005_002.mp4,48,5,2,59.94,152,1920,1080
C:\Users\AB\Downloads\Sign_Recognition_Model\data\raw\048_005_003.mp4,48,5,3,59.94,122,1920,1080
C:\Users\AB\Downloads\Sign_Recognition_Model\data\raw\048_005_004.mp4,48,5,4,59.94,152,1920,1080
C:\Users\AB\Downloads\Sign_Recognition_Model\data\raw\048_005_005.mp4,48,5,5,59.94,182,1920,1080
C:\Users\AB\Downloads\Sign_Recognition_Model\data\raw\048_006_001.mp4,48,6,1,59.94,152,1920,1080
C:\Users\AB\Downloads\Sign_Recognition_Model\data\raw\048_006_002.mp4,48,6,2,59.94,152,1920,1080
C:\Users\AB\Downloads\Sign_Recognition_Model\data\raw\048_006_003.mp4,48,6,3,59.94,182,1920,1080
C:\Users\AB\Downloads\Sign_Recognition_Model\data\raw\048_006_004.mp4,48,6,4,59.94,152,1920,1080
C:\Users\AB\Downloads\Sign_Recognition_Model\data\raw\048_006_005.mp4,48,6,5,59.94,152,1920,1080
C:\Users\AB\Downloads\Sign_Recognition_Model\data\raw\048_007_001.mp4,48,7,1,59.94,122,1920,1080
C:\Users\AB\Downloads\Sign_Recognition_Model\data\raw\048_007_002.mp4,48,7,2,59.94,122,1920,1080
C:\Users\AB\Downloads\Sign_Recognition_Model\data\raw\048_007_003.mp4,48,7,3,59.94,122,1920,1080
C:\Users\AB\Downloads\Sign_Recognition_Model\data\raw\048_007_004.mp4,48,7,4,59.94,152,1920,1080
C:\Users\AB\Downloads\Sign_Recognition_Model\data\raw\048_007_005.mp4,48,7,5,59.94,152,1920,1080
C:\Users\AB\Downloads\Sign_Recognition_Model\data\raw\048_008_001.mp4,48,8,1,59.94,152,1920,1080
C:\Users\AB\Downloads\Sign_Recognition_Model\data\raw\048_008_002.mp4,48,8,2,59.94,152,1920,1080
C:\Users\AB\Downloads\Sign_Recognition_Model\data\raw\048_008_003.mp4,48,8,3,59.94,152,1920,1080
C:\Users\AB\Downloads\Sign_Recognition_Model\data\raw\048_008_004.mp4,48,8,4,59.94,92,1920,1080
C:\Users\AB\Downloads\Sign_Recognition_Model\data\raw\048_008_005.mp4,48,8,5,59.94,122,1920,1080
C:\Users\AB\Downloads\Sign_Recognition_Model\data\raw\048_009_001.mp4,48,9,1,59.94,122,1920,1080
C:\Users\AB\Downloads\Sign_Recognition_Model\data\raw\048_009_002.mp4,48,9,2,59.94,122,1920,1080
C:\Users\AB\Downloads\Sign_Recognition_Model\data\raw\048_009_003.mp4,48,9,3,59.94,152,1920,1080
C:\Users\AB\Downloads\Sign_Recognition_Model\data\raw\048_009_004.mp4,48,9,4,59.94,122,1920,1080
C:\Users\AB\Downloads\Sign_Recognition_Model\data\raw\048_009_005.mp4,48,9,5,59.94,152,1920,1080
C:\Users\AB\Downloads\Sign_Recognition_Model\data\raw\048_010_001.mp4,48,10,1,59.94,152,1920,1080
C:\Users\AB\Downloads\Sign_Recognition_Model\data\raw\048_010_002.mp4,48,10,2,59.94,152,1920,1080
C:\Users\AB\Downloads\Sign_Recognition_Model\data\raw\048_010_003.mp4,48,10,3,59.94,182,1920,1080
C:\Users\AB\Downloads\Sign_Recognition_Model\data\raw\048_010_004.mp4,48,10,4,59.94,152,1920,1080
C:\Users\AB\Downloads\Sign_Recognition_Model\data\raw\048_010_005.mp4,48,10,5,59.94,122,1920,1080
C:\Users\AB\Downloads\Sign_Recognition_Model\data\raw\049_001_001.mp4,49,1,1,59.94,152,1920,1080
C:\Users\AB\Downloads\Sign_Recognition_Model\data\raw\049_001_002.mp4,49,1,2,59.94,152,1920,1080
C:\Users\AB\Downloads\Sign_Recognition_Model\data\raw\049_001_003.mp4,49,1,3,59.94,182,1920,1080
C:\Users\AB\Downloads\Sign_Recognition_Model\data\raw\049_001_004.mp4,49,1,4,59.94,152,1920,1080
C:\Users\AB\Downloads\Sign_Recognition_Model\data\raw\049_001_005.mp4,49,1,5,59.94,182,1920,1080
C:\Users\AB\Downloads\Sign_Recognition_Model\data\raw\049_002_001.mp4,49,2,1,59.94,122,1920,1080
C:\Users\AB\Downloads\Sign_Recognition_Model\data\raw\049_002_002.mp4,49,2,2,59.94,152,1920,1080
C:\Users\AB\Downloads\Sign_Recognition_Model\data\raw\049_002_003.mp4,49,2,3,59.94,152,1920,1080
C:\Users\AB\Downloads\Sign_Recognition_Model\data\raw\049_002_004.mp4,49,2,4,59.94,152,1920,1080
C:\Users\AB\Downloads\Sign_Recognition_Model\data\raw\049_002_005.mp4,49,2,5,59.94,152,1920,1080
C:\Users\AB\Downloads\Sign_Recognition_Model\data\raw\049_003_001.mp4,49,3,1,59.94,152,1920,1080
C:\Users\AB\Downloads\Sign_Recognition_Model\data\raw\049_003_002.mp4,49,3,2,59.94,122,1920,1080
C:\Users\AB\Downloads\Sign_Recognition_Model\data\raw\049_003_003.mp4,49,3,3,59.94,122,1920,1080
C:\Users\AB\Downloads\Sign_Recognition_Model\data\raw\049_003_004.mp4,49,3,4,59.94,152,1920,1080
C:\Users\AB\Downloads\Sign_Recognition_Model\data\raw\049_003_005.mp4,49,3,5,59.94,152,1920,1080
C:\Users\AB\Downloads\Sign_Recognition_Model\data\raw\049_004_001.mp4,49,4,1,59.94,122,1920,1080
C:\Users\AB\Downloads\Sign_Recognition_Model\data\raw\049_004_002.mp4,49,4,2,59.94,152,1920,1080
C:\Users\AB\Downloads\Sign_Recognition_Model\data\raw\049_004_003.mp4,49,4,3,59.94,122,1920,1080
C:\Users\AB\Downloads\Sign_Recognition_Model\data\raw\049_004_004.mp4,49,4,4,59.94,122,1920,1080
C:\Users\AB\Downloads\Sign_Recognition_Model\data\raw\049_004_005.mp4,49,4,5,59.94,152,1920,1080
C:\Users\AB\Downloads\Sign_Recognition_Model\data\raw\049_005_001.mp4,49,5,1,59.94,152,1920,1080
C:\Users\AB\Downloads\Sign_Recognition_Model\data\raw\049_005_002.mp4,49,5,2,59.94,152,1920,1080
C:\Users\AB\Downloads\Sign_Recognition_Model\data\raw\049_005_003.mp4,49,5,3,59.94,182,1920,1080
C:\Users\AB\Downloads\Sign_Recognition_Model\data\raw\049_005_004.mp4,49,5,4,59.94,122,1920,1080
C:\Users\AB\Downloads\Sign_Recognition_Model\data\raw\049_005_005.mp4,49,5,5,59.94,122,1920,1080
C:\Users\AB\Downloads\Sign_Recognition_Model\data\raw\049_006_001.mp4,49,6,1,59.94,152,1920,1080
C:\Users\AB\Downloads\Sign_Recognition_Model\data\raw\049_006_002.mp4,49,6,2,59.94,152,1920,1080
C:\Users\AB\Downloads\Sign_Recognition_Model\data\raw\049_006_003.mp4,49,6,3,59.94,152,1920,1080
C:\Users\AB\Downloads\Sign_Recognition_Model\data\raw\049_006_004.mp4,49,6,4,59.94,152,1920,1080
C:\Users\AB\Downloads\Sign_Recognition_Model\data\raw\049_006_005.mp4,49,6,5,59.94,152,1920,1080
C:\Users\AB\Downloads\Sign_Recognition_Model\data\raw\049_007_001.mp4,49,7,1,59.94,122,1920,1080
C:\Users\AB\Downloads\Sign_Recognition_Model\data\raw\049_007_002.mp4,49,7,2,59.94,122,1920,1080
C:\Users\AB\Downloads\Sign_Recognition_Model\data\raw\049_007_003.mp4,49,7,3,59.94,122,1920,1080
C:\Users\AB\Downloads\Sign_Recognition_Model\data\raw\049_007_004.mp4,49,7,4,59.94,122,1920,1080
C:\Users\AB\Downloads\Sign_Recognition_Model\data\raw\049_007_005.mp4,49,7,5,59.94,122,1920,1080
C:\Users\AB\Downloads\Sign_Recognition_Model\data\raw\049_008_001.mp4,49,8,1,59.94,152,1920,1080
C:\Users\AB\Downloads\Sign_Recognition_Model\data\raw\049_008_002.mp4,49,8,2,59.94,122,1920,1080
C:\Users\AB\Downloads\Sign_Recognition_Model\data\raw\049_008_003.mp4,49,8,3,59.94,122,1920,1080
C:\Users\AB\Downloads\Sign_Recognition_Model\data\raw\049_008_004.mp4,49,8,4,59.94,122,1920,1080
C:\Users\AB\Downloads\Sign_Recognition_Model\data\raw\049_008_005.mp4,49,8,5,59.94,122,1920,1080
C:\Users\AB\Downloads\Sign_Recognition_Model\data\raw\049_009_001.mp4,49,9,1,59.94,122,1920,1080
C:\Users\AB\Downloads\Sign_Recognition_Model\data\raw\049_009_002.mp4,49,9,2,59.94,122,1920,1080
C:\Users\AB\Downloads\Sign_Recognition_Model\data\raw\049_009_003.mp4,49,9,3,59.94,152,1920,1080
C:\Users\AB\Downloads\Sign_Recognition_Model\data\raw\049_009_004.mp4,49,9,4,59.94,122,1920,1080
C:\Users\AB\Downloads\Sign_Recognition_Model\data\raw\049_009_005.mp4,49,9,5,59.94,122,1920,1080
C:\Users\AB\Downloads\Sign_Recognition_Model\data\raw\049_010_001.mp4,49,10,1,59.94,152,1920,1080
C:\Users\AB\Downloads\Sign_Recognition_Model\data\raw\049_010_002.mp4,49,10,2,59.94,122,1920,1080
C:\Users\AB\Downloads\Sign_Recognition_Model\data\raw\049_010_003.mp4,49,10,3,59.94,152,1920,1080
C:\Users\AB\Downloads\Sign_Recognition_Model\data\raw\049_010_004.mp4,49,10,4,59.94,152,1920,1080
C:\Users\AB\Downloads\Sign_Recognition_Model\data\raw\049_010_005.mp4,49,10,5,59.94,152,1920,1080
C:\Users\AB\Downloads\Sign_Recognition_Model\data\raw\050_001_001.mp4,50,1,1,59.94,122,1920,1080
C:\Users\AB\Downloads\Sign_Recognition_Model\data\raw\050_001_002.mp4,50,1,2,59.94,182,1920,1080
C:\Users\AB\Downloads\Sign_Recognition_Model\data\raw\050_001_003.mp4,50,1,3,59.94,152,1920,1080
C:\Users\AB\Downloads\Sign_Recognition_Model\data\raw\050_001_004.mp4,50,1,4,59.94,152,1920,1080
C:\Users\AB\Downloads\Sign_Recognition_Model\data\raw\050_001_005.mp4,50,1,5,59.94,182,1920,1080
C:\Users\AB\Downloads\Sign_Recognition_Model\data\raw\050_002_001.mp4,50,2,1,59.94,122,1920,1080
C:\Users\AB\Downloads\Sign_Recognition_Model\data\raw\050_002_002.mp4,50,2,2,59.94,152,1920,1080
C:\Users\AB\Downloads\Sign_Recognition_Model\data\raw\050_002_003.mp4,50,2,3,59.94,122,1920,1080
C:\Users\AB\Downloads\Sign_Recognition_Model\data\raw\050_002_004.mp4,50,2,4,59.94,122,1920,1080
C:\Users\AB\Downloads\Sign_Recognition_Model\data\raw\050_002_005.mp4,50,2,5,59.94,152,1920,1080
C:\Users\AB\Downloads\Sign_Recognition_Model\data\raw\050_003_001.mp4,50,3,1,59.94,152,1920,1080
C:\Users\AB\Downloads\Sign_Recognition_Model\data\raw\050_003_002.mp4,50,3,2,59.94,152,1920,1080
C:\Users\AB\Downloads\Sign_Recognition_Model\data\raw\050_003_003.mp4,50,3,3,59.94,122,1920,1080
C:\Users\AB\Downloads\Sign_Recognition_Model\data\raw\050_003_004.mp4,50,3,4,59.94,152,1920,1080
C:\Users\AB\Downloads\Sign_Recognition_Model\data\raw\050_003_005.mp4,50,3,5,59.94,122,1920,1080
C:\Users\AB\Downloads\Sign_Recognition_Model\data\raw\050_004_001.mp4,50,4,1,59.94,122,1920,1080
C:\Users\AB\Downloads\Sign_Recognition_Model\data\raw\050_004_002.mp4,50,4,2,59.94,122,1920,1080
C:\Users\AB\Downloads\Sign_Recognition_Model\data\raw\050_004_003.mp4,50,4,3,59.94,122,1920,1080
C:\Users\AB\Downloads\Sign_Recognition_Model\data\raw\050_004_004.mp4,50,4,4,59.94,122,1920,1080
C:\Users\AB\Downloads\Sign_Recognition_Model\data\raw\050_004_005.mp4,50,4,5,59.94,92,1920,1080
C:\Users\AB\Downloads\Sign_Recognition_Model\data\raw\050_005_001.mp4,50,5,1,59.94,122,1920,1080
C:\Users\AB\Downloads\Sign_Recognition_Model\data\raw\050_005_002.mp4,50,5,2,59.94,152,1920,1080
C:\Users\AB\Downloads\Sign_Recognition_Model\data\raw\050_005_003.mp4,50,5,3,59.94,152,1920,1080
C:\Users\AB\Downloads\Sign_Recognition_Model\data\raw\050_005_004.mp4,50,5,4,59.94,122,1920,1080
C:\Users\AB\Downloads\Sign_Recognition_Model\data\raw\050_005_005.mp4,50,5,5,59.94,182,1920,1080
C:\Users\AB\Downloads\Sign_Recognition_Model\data\raw\050_006_001.mp4,50,6,1,59.94,122,1920,1080
C:\Users\AB\Downloads\Sign_Recognition_Model\data\raw\050_006_002.mp4,50,6,2,59.94,122,1920,1080
C:\Users\AB\Downloads\Sign_Recognition_Model\data\raw\050_006_003.mp4,50,6,3,59.94,122,1920,1080
C:\Users\AB\Downloads\Sign_Recognition_Model\data\raw\050_006_004.mp4,50,6,4,59.94,122,1920,1080
C:\Users\AB\Downloads\Sign_Recognition_Model\data\raw\050_006_005.mp4,50,6,5,59.94,122,1920,1080
C:\Users\AB\Downloads\Sign_Recognition_Model\data\raw\050_007_001.mp4,50,7,1,59.94,92,1920,1080
C:\Users\AB\Downloads\Sign_Recognition_Model\data\raw\050_007_002.mp4,50,7,2,59.94,92,1920,1080
C:\Users\AB\Downloads\Sign_Recognition_Model\data\raw\050_007_003.mp4,50,7,3,59.94,92,1920,1080
C:\Users\AB\Downloads\Sign_Recognition_Model\data\raw\050_007_004.mp4,50,7,4,59.94,122,1920,1080
C:\Users\AB\Downloads\Sign_Recognition_Model\data\raw\050_007_005.mp4,50,7,5,59.94,122,1920,1080
C:\Users\AB\Downloads\Sign_Recognition_Model\data\raw\050_008_001.mp4,50,8,1,59.94,122,1920,1080
C:\Users\AB\Downloads\Sign_Recognition_Model\data\raw\050_008_002.mp4,50,8,2,59.94,122,1920,1080
C:\Users\AB\Downloads\Sign_Recognition_Model\data\raw\050_008_003.mp4,50,8,3,59.94,122,1920,1080
C:\Users\AB\Downloads\Sign_Recognition_Model\data\raw\050_008_004.mp4,50,8,4,59.94,122,1920,1080
C:\Users\AB\Downloads\Sign_Recognition_Model\data\raw\050_008_005.mp4,50,8,5,59.94,122,1920,1080
C:\Users\AB\Downloads\Sign_Recognition_Model\data\raw\050_009_001.mp4,50,9,1,59.94,122,1920,1080
C:\Users\AB\Downloads\Sign_Recognition_Model\data\raw\050_009_002.mp4,50,9,2,59.94,152,1920,1080
C:\Users\AB\Downloads\Sign_Recognition_Model\data\raw\050_009_003.mp4,50,9,3,59.94,122,1920,1080
C:\Users\AB\Downloads\Sign_Recognition_Model\data\raw\050_009_004.mp4,50,9,4,59.94,122,1920,1080
C:\Users\AB\Downloads\Sign_Recognition_Model\data\raw\050_009_005.mp4,50,9,5,59.94,122,1920,1080
C:\Users\AB\Downloads\Sign_Recognition_Model\data\raw\050_010_001.mp4,50,10,1,59.94,122,1920,1080
C:\Users\AB\Downloads\Sign_Recognition_Model\data\raw\050_010_002.mp4,50,10,2,59.94,92,1920,1080
C:\Users\AB\Downloads\Sign_Recognition_Model\data\raw\050_010_003.mp4,50,10,3,59.94,92,1920,1080
C:\Users\AB\Downloads\Sign_Recognition_Model\data\raw\050_010_004.mp4,50,10,4,59.94,122,1920,1080
C:\Users\AB\Downloads\Sign_Recognition_Model\data\raw\050_010_005.mp4,50,10,5,59.94,122,1920,1080
C:\Users\AB\Downloads\Sign_Recognition_Model\data\raw\051_001_001.mp4,51,1,1,59.94,152,1920,1080
C:\Users\AB\Downloads\Sign_Recognition_Model\data\raw\051_001_002.mp4,51,1,2,59.94,122,1920,1080
C:\Users\AB\Downloads\Sign_Recognition_Model\data\raw\051_001_003.mp4,51,1,3,59.94,122,1920,1080
C:\Users\AB\Downloads\Sign_Recognition_Model\data\raw\051_001_004.mp4,51,1,4,59.94,122,1920,1080
C:\Users\AB\Downloads\Sign_Recognition_Model\data\raw\051_001_005.mp4,51,1,5,59.94,152,1920,1080
C:\Users\AB\Downloads\Sign_Recognition_Model\data\raw\051_002_001.mp4,51,2,1,59.94,152,1920,1080
C:\Users\AB\Downloads\Sign_Recognition_Model\data\raw\051_002_002.mp4,51,2,2,59.94,152,1920,1080
C:\Users\AB\Downloads\Sign_Recognition_Model\data\raw\051_002_003.mp4,51,2,3,59.94,152,1920,1080
C:\Users\AB\Downloads\Sign_Recognition_Model\data\raw\051_002_004.mp4,51,2,4,59.94,182,1920,1080
C:\Users\AB\Downloads\Sign_Recognition_Model\data\raw\051_002_005.mp4,51,2,5,59.94,122,1920,1080
C:\Users\AB\Downloads\Sign_Recognition_Model\data\raw\051_003_001.mp4,51,3,1,59.94,182,1920,1080
C:\Users\AB\Downloads\Sign_Recognition_Model\data\raw\051_003_002.mp4,51,3,2,59.94,152,1920,1080
C:\Users\AB\Downloads\Sign_Recognition_Model\data\raw\051_003_003.mp4,51,3,3,59.94,152,1920,1080
C:\Users\AB\Downloads\Sign_Recognition_Model\data\raw\051_003_004.mp4,51,3,4,59.94,152,1920,1080
C:\Users\AB\Downloads\Sign_Recognition_Model\data\raw\051_003_005.mp4,51,3,5,59.94,152,1920,1080
C:\Users\AB\Downloads\Sign_Recognition_Model\data\raw\051_004_001.mp4,51,4,1,59.94,152,1920,1080
C:\Users\AB\Downloads\Sign_Recognition_Model\data\raw\051_004_002.mp4,51,4,2,59.94,122,1920,1080
C:\Users\AB\Downloads\Sign_Recognition_Model\data\raw\051_004_003.mp4,51,4,3,59.94,152,1920,1080
C:\Users\AB\Downloads\Sign_Recognition_Model\data\raw\051_004_004.mp4,51,4,4,59.94,122,1920,1080
C:\Users\AB\Downloads\Sign_Recognition_Model\data\raw\051_004_005.mp4,51,4,5,59.94,122,1920,1080
C:\Users\AB\Downloads\Sign_Recognition_Model\data\raw\051_005_001.mp4,51,5,1,59.94,152,1920,1080
C:\Users\AB\Downloads\Sign_Recognition_Model\data\raw\051_005_002.mp4,51,5,2,59.94,122,1920,1080
C:\Users\AB\Downloads\Sign_Recognition_Model\data\raw\051_005_003.mp4,51,5,3,59.94,122,1920,1080
C:\Users\AB\Downloads\Sign_Recognition_Model\data\raw\051_005_004.mp4,51,5,4,59.94,122,1920,1080
C:\Users\AB\Downloads\Sign_Recognition_Model\data\raw\051_005_005.mp4,51,5,5,59.94,152,1920,1080
C:\Users\AB\Downloads\Sign_Recognition_Model\data\raw\051_006_001.mp4,51,6,1,59.94,152,1920,1080
C:\Users\AB\Downloads\Sign_Recognition_Model\data\raw\051_006_002.mp4,51,6,2,59.94,152,1920,1080
C:\Users\AB\Downloads\Sign_Recognition_Model\data\raw\051_006_003.mp4,51,6,3,59.94,152,1920,1080
C:\Users\AB\Downloads\Sign_Recognition_Model\data\raw\051_006_004.mp4,51,6,4,59.94,152,1920,1080
C:\Users\AB\Downloads\Sign_Recognition_Model\data\raw\051_006_005.mp4,51,6,5,59.94,152,1920,1080
C:\Users\AB\Downloads\Sign_Recognition_Model\data\raw\051_007_001.mp4,51,7,1,59.94,122,1920,1080
C:\Users\AB\Downloads\Sign_Recognition_Model\data\raw\051_007_002.mp4,51,7,2,59.94,122,1920,1080
C:\Users\AB\Downloads\Sign_Recognition_Model\data\raw\051_007_003.mp4,51,7,3,59.94,122,1920,1080
C:\Users\AB\Downloads\Sign_Recognition_Model\data\raw\051_007_004.mp4,51,7,4,59.94,152,1920,1080
C:\Users\AB\Downloads\Sign_Recognition_Model\data\raw\051_007_005.mp4,51,7,5,59.94,122,1920,1080
C:\Users\AB\Downloads\Sign_Recognition_Model\data\raw\051_008_001.mp4,51,8,1,59.94,122,1920,1080
C:\Users\AB\Downloads\Sign_Recognition_Model\data\raw\051_008_002.mp4,51,8,2,59.94,122,1920,1080
C:\Users\AB\Downloads\Sign_Recognition_Model\data\raw\051_008_003.mp4,51,8,3,59.94,122,1920,1080
C:\Users\AB\Downloads\Sign_Recognition_Model\data\raw\051_008_004.mp4,51,8,4,59.94,152,1920,1080
C:\Users\AB\Downloads\Sign_Recognition_Model\data\raw\051_008_005.mp4,51,8,5,59.94,122,1920,1080
C:\Users\AB\Downloads\Sign_Recognition_Model\data\raw\051_009_001.mp4,51,9,1,59.94,152,1920,1080
C:\Users\AB\Downloads\Sign_Recognition_Model\data\raw\051_009_002.mp4,51,9,2,59.94,152,1920,1080
C:\Users\AB\Downloads\Sign_Recognition_Model\data\raw\051_009_003.mp4,51,9,3,59.94,122,1920,1080
C:\Users\AB\Downloads\Sign_Recognition_Model\data\raw\051_009_004.mp4,51,9,4,59.94,152,1920,1080
C:\Users\AB\Downloads\Sign_Recognition_Model\data\raw\051_009_005.mp4,51,9,5,59.94,122,1920,1080
C:\Users\AB\Downloads\Sign_Recognition_Model\data\raw\051_010_001.mp4,51,10,1,59.94,122,1920,1080
C:\Users\AB\Downloads\Sign_Recognition_Model\data\raw\051_010_002.mp4,51,10,2,59.94,122,1920,1080
C:\Users\AB\Downloads\Sign_Recognition_Model\data\raw\051_010_003.mp4,51,10,3,59.94,122,1920,1080
C:\Users\AB\Downloads\Sign_Recognition_Model\data\raw\051_010_004.mp4,51,10,4,59.94,122,1920,1080
C:\Users\AB\Downloads\Sign_Recognition_Model\data\raw\051_010_005.mp4,51,10,5,59.94,122,1920,1080
C:\Users\AB\Downloads\Sign_Recognition_Model\data\raw\052_001_001.mp4,52,1,1,59.94,122,1920,1080
C:\Users\AB\Downloads\Sign_Recognition_Model\data\raw\052_001_002.mp4,52,1,2,59.94,122,1920,1080
C:\Users\AB\Downloads\Sign_Recognition_Model\data\raw\052_001_003.mp4,52,1,3,59.94,152,1920,1080
C:\Users\AB\Downloads\Sign_Recognition_Model\data\raw\052_001_004.mp4,52,1,4,59.94,152,1920,1080
C:\Users\AB\Downloads\Sign_Recognition_Model\data\raw\052_001_005.mp4,52,1,5,59.94,152,1920,1080
C:\Users\AB\Downloads\Sign_Recognition_Model\data\raw\052_002_001.mp4,52,2,1,59.94,122,1920,1080
C:\Users\AB\Downloads\Sign_Recognition_Model\data\raw\052_002_002.mp4,52,2,2,59.94,122,1920,1080
C:\Users\AB\Downloads\Sign_Recognition_Model\data\raw\052_002_003.mp4,52,2,3,59.94,92,1920,1080
C:\Users\AB\Downloads\Sign_Recognition_Model\data\raw\052_002_004.mp4,52,2,4,59.94,122,1920,1080
C:\Users\AB\Downloads\Sign_Recognition_Model\data\raw\052_002_005.mp4,52,2,5,59.94,92,1920,1080
C:\Users\AB\Downloads\Sign_Recognition_Model\data\raw\052_003_001.mp4,52,3,1,59.94,122,1920,1080
C:\Users\AB\Downloads\Sign_Recognition_Model\data\raw\052_003_002.mp4,52,3,2,59.94,122,1920,1080
C:\Users\AB\Downloads\Sign_Recognition_Model\data\raw\052_003_003.mp4,52,3,3,59.94,122,1920,1080
C:\Users\AB\Downloads\Sign_Recognition_Model\data\raw\052_003_004.mp4,52,3,4,59.94,122,1920,1080
C:\Users\AB\Downloads\Sign_Recognition_Model\data\raw\052_003_005.mp4,52,3,5,59.94,122,1920,1080
C:\Users\AB\Downloads\Sign_Recognition_Model\data\raw\052_004_001.mp4,52,4,1,59.94,152,1920,1080
C:\Users\AB\Downloads\Sign_Recognition_Model\data\raw\052_004_002.mp4,52,4,2,59.94,92,1920,1080
C:\Users\AB\Downloads\Sign_Recognition_Model\data\raw\052_004_003.mp4,52,4,3,59.94,122,1920,1080
C:\Users\AB\Downloads\Sign_Recognition_Model\data\raw\052_004_004.mp4,52,4,4,59.94,92,1920,1080
C:\Users\AB\Downloads\Sign_Recognition_Model\data\raw\052_004_005.mp4,52,4,5,59.94,92,1920,1080
C:\Users\AB\Downloads\Sign_Recognition_Model\data\raw\052_005_001.mp4,52,5,1,59.94,122,1920,1080
C:\Users\AB\Downloads\Sign_Recognition_Model\data\raw\052_005_002.mp4,52,5,2,59.94,122,1920,1080
C:\Users\AB\Downloads\Sign_Recognition_Model\data\raw\052_005_003.mp4,52,5,3,59.94,122,1920,1080
C:\Users\AB\Downloads\Sign_Recognition_Model\data\raw\052_005_004.mp4,52,5,4,59.94,122,1920,1080
C:\Users\AB\Downloads\Sign_Recognition_Model\data\raw\052_005_005.mp4,52,5,5,59.94,122,1920,1080
C:\Users\AB\Downloads\Sign_Recognition_Model\data\raw\052_006_001.mp4,52,6,1,59.94,122,1920,1080
C:\Users\AB\Downloads\Sign_Recognition_Model\data\raw\052_006_002.mp4,52,6,2,59.94,122,1920,1080
C:\Users\AB\Downloads\Sign_Recognition_Model\data\raw\052_006_003.mp4,52,6,3,59.94,92,1920,1080
C:\Users\AB\Downloads\Sign_Recognition_Model\data\raw\052_006_004.mp4,52,6,4,59.94,92,1920,1080
C:\Users\AB\Downloads\Sign_Recognition_Model\data\raw\052_006_005.mp4,52,6,5,59.94,92,1920,1080
C:\Users\AB\Downloads\Sign_Recognition_Model\data\raw\052_007_001.mp4,52,7,1,59.94,122,1920,1080
C:\Users\AB\Downloads\Sign_Recognition_Model\data\raw\052_007_002.mp4,52,7,2,59.94,92,1920,1080
C:\Users\AB\Downloads\Sign_Recognition_Model\data\raw\052_007_003.mp4,52,7,3,59.94,122,1920,1080
C:\Users\AB\Downloads\Sign_Recognition_Model\data\raw\052_007_004.mp4,52,7,4,59.94,122,1920,1080
C:\Users\AB\Downloads\Sign_Recognition_Model\data\raw\052_007_005.mp4,52,7,5,59.94,152,1920,1080
C:\Users\AB\Downloads\Sign_Recognition_Model\data\raw\052_008_001.mp4,52,8,1,59.94,122,1920,1080
C:\Users\AB\Downloads\Sign_Recognition_Model\data\raw\052_008_002.mp4,52,8,2,59.94,92,1920,1080
C:\Users\AB\Downloads\Sign_Recognition_Model\data\raw\052_008_003.mp4,52,8,3,59.94,92,1920,1080
C:\Users\AB\Downloads\Sign_Recognition_Model\data\raw\052_008_004.mp4,52,8,4,59.94,122,1920,1080
C:\Users\AB\Downloads\Sign_Recognition_Model\data\raw\052_008_005.mp4,52,8,5,59.94,92,1920,1080
C:\Users\AB\Downloads\Sign_Recognition_Model\data\raw\052_009_001.mp4,52,9,1,59.94,122,1920,1080
C:\Users\AB\Downloads\Sign_Recognition_Model\data\raw\052_009_002.mp4,52,9,2,59.94,122,1920,1080
C:\Users\AB\Downloads\Sign_Recognition_Model\data\raw\052_009_003.mp4,52,9,3,59.94,122,1920,1080
C:\Users\AB\Downloads\Sign_Recognition_Model\data\raw\052_009_004.mp4,52,9,4,59.94,92,1920,1080
C:\Users\AB\Downloads\Sign_Recognition_Model\data\raw\052_009_005.mp4,52,9,5,59.94,92,1920,1080
C:\Users\AB\Downloads\Sign_Recognition_Model\data\raw\052_010_001.mp4,52,10,1,59.94,122,1920,1080
C:\Users\AB\Downloads\Sign_Recognition_Model\data\raw\052_010_002.mp4,52,10,2,59.94,122,1920,1080
C:\Users\AB\Downloads\Sign_Recognition_Model\data\raw\052_010_003.mp4,52,10,3,59.94,152,1920,1080
C:\Users\AB\Downloads\Sign_Recognition_Model\data\raw\052_010_004.mp4,52,10,4,59.94,152,1920,1080
C:\Users\AB\Downloads\Sign_Recognition_Model\data\raw\052_010_005.mp4,52,10,5,59.94,122,1920,1080
C:\Users\AB\Downloads\Sign_Recognition_Model\data\raw\053_001_001.mp4,53,1,1,59.94,122,1920,1080
C:\Users\AB\Downloads\Sign_Recognition_Model\data\raw\053_001_002.mp4,53,1,2,59.94,122,1920,1080
C:\Users\AB\Downloads\Sign_Recognition_Model\data\raw\053_001_003.mp4,53,1,3,59.94,122,1920,1080
C:\Users\AB\Downloads\Sign_Recognition_Model\data\raw\053_001_004.mp4,53,1,4,59.94,122,1920,1080
C:\Users\AB\Downloads\Sign_Recognition_Model\data\raw\053_001_005.mp4,53,1,5,59.94,122,1920,1080
C:\Users\AB\Downloads\Sign_Recognition_Model\data\raw\053_002_001.mp4,53,2,1,59.94,122,1920,1080
C:\Users\AB\Downloads\Sign_Recognition_Model\data\raw\053_002_002.mp4,53,2,2,59.94,152,1920,1080
C:\Users\AB\Downloads\Sign_Recognition_Model\data\raw\053_002_003.mp4,53,2,3,59.94,152,1920,1080
C:\Users\AB\Downloads\Sign_Recognition_Model\data\raw\053_002_004.mp4,53,2,4,59.94,152,1920,1080
C:\Users\AB\Downloads\Sign_Recognition_Model\data\raw\053_002_005.mp4,53,2,5,59.94,122,1920,1080
C:\Users\AB\Downloads\Sign_Recognition_Model\data\raw\053_003_001.mp4,53,3,1,59.94,152,1920,1080
C:\Users\AB\Downloads\Sign_Recognition_Model\data\raw\053_003_002.mp4,53,3,2,59.94,122,1920,1080
C:\Users\AB\Downloads\Sign_Recognition_Model\data\raw\053_003_003.mp4,53,3,3,59.94,122,1920,1080
C:\Users\AB\Downloads\Sign_Recognition_Model\data\raw\053_003_004.mp4,53,3,4,59.94,152,1920,1080
C:\Users\AB\Downloads\Sign_Recognition_Model\data\raw\053_003_005.mp4,53,3,5,59.94,122,1920,1080
C:\Users\AB\Downloads\Sign_Recognition_Model\data\raw\053_004_001.mp4,53,4,1,59.94,152,1920,1080
C:\Users\AB\Downloads\Sign_Recognition_Model\data\raw\053_004_002.mp4,53,4,2,59.94,122,1920,1080
C:\Users\AB\Downloads\Sign_Recognition_Model\data\raw\053_004_003.mp4,53,4,3,59.94,92,1920,1080
C:\Users\AB\Downloads\Sign_Recognition_Model\data\raw\053_004_004.mp4,53,4,4,59.94,122,1920,1080
C:\Users\AB\Downloads\Sign_Recognition_Model\data\raw\053_004_005.mp4,53,4,5,59.94,92,1920,1080
C:\Users\AB\Downloads\Sign_Recognition_Model\data\raw\053_005_001.mp4,53,5,1,59.94,152,1920,1080
C:\Users\AB\Downloads\Sign_Recognition_Model\data\raw\053_005_002.mp4,53,5,2,59.94,122,1920,1080
C:\Users\AB\Downloads\Sign_Recognition_Model\data\raw\053_005_003.mp4,53,5,3,59.94,152,1920,1080
C:\Users\AB\Downloads\Sign_Recognition_Model\data\raw\053_005_004.mp4,53,5,4,59.94,152,1920,1080
C:\Users\AB\Downloads\Sign_Recognition_Model\data\raw\053_005_005.mp4,53,5,5,59.94,122,1920,1080
C:\Users\AB\Downloads\Sign_Recognition_Model\data\raw\053_006_001.mp4,53,6,1,59.94,122,1920,1080
C:\Users\AB\Downloads\Sign_Recognition_Model\data\raw\053_006_002.mp4,53,6,2,59.94,92,1920,1080
C:\Users\AB\Downloads\Sign_Recognition_Model\data\raw\053_006_003.mp4,53,6,3,59.94,122,1920,1080
C:\Users\AB\Downloads\Sign_Recognition_Model\data\raw\053_006_004.mp4,53,6,4,59.94,122,1920,1080
C:\Users\AB\Downloads\Sign_Recognition_Model\data\raw\053_006_005.mp4,53,6,5,59.94,122,1920,1080
C:\Users\AB\Downloads\Sign_Recognition_Model\data\raw\053_007_001.mp4,53,7,1,59.94,122,1920,1080
C:\Users\AB\Downloads\Sign_Recognition_Model\data\raw\053_007_002.mp4,53,7,2,59.94,92,1920,1080
C:\Users\AB\Downloads\Sign_Recognition_Model\data\raw\053_007_003.mp4,53,7,3,59.94,92,1920,1080
C:\Users\AB\Downloads\Sign_Recognition_Model\data\raw\053_007_004.mp4,53,7,4,59.94,122,1920,1080
C:\Users\AB\Downloads\Sign_Recognition_Model\data\raw\053_007_005.mp4,53,7,5,59.94,122,1920,1080
C:\Users\AB\Downloads\Sign_Recognition_Model\data\raw\053_008_001.mp4,53,8,1,59.94,122,1920,1080
C:\Users\AB\Downloads\Sign_Recognition_Model\data\raw\053_008_002.mp4,53,8,2,59.94,122,1920,1080
C:\Users\AB\Downloads\Sign_Recognition_Model\data\raw\053_008_003.mp4,53,8,3,59.94,122,1920,1080
C:\Users\AB\Downloads\Sign_Recognition_Model\data\raw\053_008_004.mp4,53,8,4,59.94,122,1920,1080
C:\Users\AB\Downloads\Sign_Recognition_Model\data\raw\053_008_005.mp4,53,8,5,59.94,92,1920,1080
C:\Users\AB\Downloads\Sign_Recognition_Model\data\raw\053_009_001.mp4,53,9,1,59.94,122,1920,1080
C:\Users\AB\Downloads\Sign_Recognition_Model\data\raw\053_009_002.mp4,53,9,2,59.94,122,1920,1080
C:\Users\AB\Downloads\Sign_Recognition_Model\data\raw\053_009_003.mp4,53,9,3,59.94,122,1920,1080
C:\Users\AB\Downloads\Sign_Recognition_Model\data\raw\053_009_004.mp4,53,9,4,59.94,122,1920,1080
C:\Users\AB\Downloads\Sign_Recognition_Model\data\raw\053_009_005.mp4,53,9,5,59.94,122,1920,1080
C:\Users\AB\Downloads\Sign_Recognition_Model\data\raw\053_010_001.mp4,53,10,1,59.94,152,1920,1080
C:\Users\AB\Downloads\Sign_Recognition_Model\data\raw\053_010_002.mp4,53,10,2,59.94,122,1920,1080
C:\Users\AB\Downloads\Sign_Recognition_Model\data\raw\053_010_003.mp4,53,10,3,59.94,122,1920,1080
C:\Users\AB\Downloads\Sign_Recognition_Model\data\raw\053_010_004.mp4,53,10,4,59.94,122,1920,1080
C:\Users\AB\Downloads\Sign_Recognition_Model\data\raw\053_010_005.mp4,53,10,5,59.94,122,1920,1080
C:\Users\AB\Downloads\Sign_Recognition_Model\data\raw\054_001_001.mp4,54,1,1,59.94,122,1920,1080
C:\Users\AB\Downloads\Sign_Recognition_Model\data\raw\054_001_002.mp4,54,1,2,59.94,152,1920,1080
C:\Users\AB\Downloads\Sign_Recognition_Model\data\raw\054_001_003.mp4,54,1,3,59.94,152,1920,1080
C:\Users\AB\Downloads\Sign_Recognition_Model\data\raw\054_001_004.mp4,54,1,4,59.94,152,1920,1080
C:\Users\AB\Downloads\Sign_Recognition_Model\data\raw\054_001_005.mp4,54,1,5,59.94,152,1920,1080
C:\Users\AB\Downloads\Sign_Recognition_Model\data\raw\054_002_001.mp4,54,2,1,59.94,122,1920,1080
C:\Users\AB\Downloads\Sign_Recognition_Model\data\raw\054_002_002.mp4,54,2,2,59.94,152,1920,1080
C:\Users\AB\Downloads\Sign_Recognition_Model\data\raw\054_002_003.mp4,54,2,3,59.94,152,1920,1080
C:\Users\AB\Downloads\Sign_Recognition_Model\data\raw\054_002_004.mp4,54,2,4,59.94,152,1920,1080
C:\Users\AB\Downloads\Sign_Recognition_Model\data\raw\054_002_005.mp4,54,2,5,59.94,122,1920,1080
C:\Users\AB\Downloads\Sign_Recognition_Model\data\raw\054_003_001.mp4,54,3,1,59.94,182,1920,1080
C:\Users\AB\Downloads\Sign_Recognition_Model\data\raw\054_003_002.mp4,54,3,2,59.94,182,1920,1080
C:\Users\AB\Downloads\Sign_Recognition_Model\data\raw\054_003_003.mp4,54,3,3,59.94,152,1920,1080
C:\Users\AB\Downloads\Sign_Recognition_Model\data\raw\054_003_004.mp4,54,3,4,59.94,152,1920,1080
C:\Users\AB\Downloads\Sign_Recognition_Model\data\raw\054_003_005.mp4,54,3,5,59.94,152,1920,1080
C:\Users\AB\Downloads\Sign_Recognition_Model\data\raw\054_004_001.mp4,54,4,1,59.94,152,1920,1080
C:\Users\AB\Downloads\Sign_Recognition_Model\data\raw\054_004_002.mp4,54,4,2,59.94,122,1920,1080
C:\Users\AB\Downloads\Sign_Recognition_Model\data\raw\054_004_003.mp4,54,4,3,59.94,122,1920,1080
C:\Users\AB\Downloads\Sign_Recognition_Model\data\raw\054_004_004.mp4,54,4,4,59.94,122,1920,1080
C:\Users\AB\Downloads\Sign_Recognition_Model\data\raw\054_004_005.mp4,54,4,5,59.94,122,1920,1080
C:\Users\AB\Downloads\Sign_Recognition_Model\data\raw\054_005_001.mp4,54,5,1,59.94,122,1920,1080
C:\Users\AB\Downloads\Sign_Recognition_Model\data\raw\054_005_002.mp4,54,5,2,59.94,152,1920,1080
C:\Users\AB\Downloads\Sign_Recognition_Model\data\raw\054_005_003.mp4,54,5,3,59.94,122,1920,1080
C:\Users\AB\Downloads\Sign_Recognition_Model\data\raw\054_005_004.mp4,54,5,4,59.94,152,1920,1080
C:\Users\AB\Downloads\Sign_Recognition_Model\data\raw\054_005_005.mp4,54,5,5,59.94,152,1920,1080
C:\Users\AB\Downloads\Sign_Recognition_Model\data\raw\054_006_001.mp4,54,6,1,59.94,122,1920,1080
C:\Users\AB\Downloads\Sign_Recognition_Model\data\raw\054_006_002.mp4,54,6,2,59.94,122,1920,1080
C:\Users\AB\Downloads\Sign_Recognition_Model\data\raw\054_006_003.mp4,54,6,3,59.94,152,1920,1080
C:\Users\AB\Downloads\Sign_Recognition_Model\data\raw\054_006_004.mp4,54,6,4,59.94,122,1920,1080
C:\Users\AB\Downloads\Sign_Recognition_Model\data\raw\054_006_005.mp4,54,6,5,59.94,122,1920,1080
C:\Users\AB\Downloads\Sign_Recognition_Model\data\raw\054_007_001.mp4,54,7,1,59.94,92,1920,1080
C:\Users\AB\Downloads\Sign_Recognition_Model\data\raw\054_007_002.mp4,54,7,2,59.94,122,1920,1080
C:\Users\AB\Downloads\Sign_Recognition_Model\data\raw\054_007_003.mp4,54,7,3,59.94,122,1920,1080
C:\Users\AB\Downloads\Sign_Recognition_Model\data\raw\054_007_004.mp4,54,7,4,59.94,92,1920,1080
C:\Users\AB\Downloads\Sign_Recognition_Model\data\raw\054_007_005.mp4,54,7,5,59.94,122,1920,1080
C:\Users\AB\Downloads\Sign_Recognition_Model\data\raw\054_008_001.mp4,54,8,1,59.94,122,1920,1080
C:\Users\AB\Downloads\Sign_Recognition_Model\data\raw\054_008_002.mp4,54,8,2,59.94,122,1920,1080
C:\Users\AB\Downloads\Sign_Recognition_Model\data\raw\054_008_003.mp4,54,8,3,59.94,152,1920,1080
C:\Users\AB\Downloads\Sign_Recognition_Model\data\raw\054_008_004.mp4,54,8,4,59.94,122,1920,1080
C:\Users\AB\Downloads\Sign_Recognition_Model\data\raw\054_008_005.mp4,54,8,5,59.94,122,1920,1080
C:\Users\AB\Downloads\Sign_Recognition_Model\data\raw\054_009_001.mp4,54,9,1,59.94,152,1920,1080
C:\Users\AB\Downloads\Sign_Recognition_Model\data\raw\054_009_002.mp4,54,9,2,59.94,152,1920,1080
C:\Users\AB\Downloads\Sign_Recognition_Model\data\raw\054_009_003.mp4,54,9,3,59.94,182,1920,1080
C:\Users\AB\Downloads\Sign_Recognition_Model\data\raw\054_009_004.mp4,54,9,4,59.94,152,1920,1080
C:\Users\AB\Downloads\Sign_Recognition_Model\data\raw\054_009_005.mp4,54,9,5,59.94,182,1920,1080
C:\Users\AB\Downloads\Sign_Recognition_Model\data\raw\054_010_001.mp4,54,10,1,59.94,122,1920,1080
C:\Users\AB\Downloads\Sign_Recognition_Model\data\raw\054_010_002.mp4,54,10,2,59.94,122,1920,1080
C:\Users\AB\Downloads\Sign_Recognition_Model\data\raw\054_010_003.mp4,54,10,3,59.94,152,1920,1080
C:\Users\AB\Downloads\Sign_Recognition_Model\data\raw\054_010_004.mp4,54,10,4,59.94,182,1920,1080
C:\Users\AB\Downloads\Sign_Recognition_Model\data\raw\054_010_005.mp4,54,10,5,59.94,152,1920,1080
C:\Users\AB\Downloads\Sign_Recognition_Model\data\raw\055_001_001.mp4,55,1,1,59.94,122,1920,1080
C:\Users\AB\Downloads\Sign_Recognition_Model\data\raw\055_001_002.mp4,55,1,2,59.94,152,1920,1080
C:\Users\AB\Downloads\Sign_Recognition_Model\data\raw\055_001_003.mp4,55,1,3,59.94,122,1920,1080
C:\Users\AB\Downloads\Sign_Recognition_Model\data\raw\055_001_004.mp4,55,1,4,59.94,122,1920,1080
C:\Users\AB\Downloads\Sign_Recognition_Model\data\raw\055_001_005.mp4,55,1,5,59.94,122,1920,1080
C:\Users\AB\Downloads\Sign_Recognition_Model\data\raw\055_002_001.mp4,55,2,1,59.94,92,1920,1080
C:\Users\AB\Downloads\Sign_Recognition_Model\data\raw\055_002_002.mp4,55,2,2,59.94,122,1920,1080
C:\Users\AB\Downloads\Sign_Recognition_Model\data\raw\055_002_003.mp4,55,2,3,59.94,92,1920,1080
C:\Users\AB\Downloads\Sign_Recognition_Model\data\raw\055_002_004.mp4,55,2,4,59.94,92,1920,1080
C:\Users\AB\Downloads\Sign_Recognition_Model\data\raw\055_002_005.mp4,55,2,5,59.94,122,1920,1080
C:\Users\AB\Downloads\Sign_Recognition_Model\data\raw\055_003_001.mp4,55,3,1,59.94,122,1920,1080
C:\Users\AB\Downloads\Sign_Recognition_Model\data\raw\055_003_002.mp4,55,3,2,59.94,122,1920,1080
C:\Users\AB\Downloads\Sign_Recognition_Model\data\raw\055_003_003.mp4,55,3,3,59.94,122,1920,1080
C:\Users\AB\Downloads\Sign_Recognition_Model\data\raw\055_003_004.mp4,55,3,4,59.94,92,1920,1080
C:\Users\AB\Downloads\Sign_Recognition_Model\data\raw\055_003_005.mp4,55,3,5,59.94,122,1920,1080
C:\Users\AB\Downloads\Sign_Recognition_Model\data\raw\055_004_001.mp4,55,4,1,59.94,92,1920,1080
C:\Users\AB\Downloads\Sign_Recognition_Model\data\raw\055_004_002.mp4,55,4,2,59.94,122,1920,1080
C:\Users\AB\Downloads\Sign_Recognition_Model\data\raw\055_004_003.mp4,55,4,3,59.94,92,1920,1080
C:\Users\AB\Downloads\Sign_Recognition_Model\data\raw\055_004_004.mp4,55,4,4,59.94,92,1920,1080
C:\Users\AB\Downloads\Sign_Recognition_Model\data\raw\055_004_005.mp4,55,4,5,59.94,122,1920,1080
C:\Users\AB\Downloads\Sign_Recognition_Model\data\raw\055_005_001.mp4,55,5,1,59.94,122,1920,1080
C:\Users\AB\Downloads\Sign_Recognition_Model\data\raw\055_005_002.mp4,55,5,2,59.94,122,1920,1080
C:\Users\AB\Downloads\Sign_Recognition_Model\data\raw\055_005_003.mp4,55,5,3,59.94,122,1920,1080
C:\Users\AB\Downloads\Sign_Recognition_Model\data\raw\055_005_004.mp4,55,5,4,59.94,122,1920,1080
C:\Users\AB\Downloads\Sign_Recognition_Model\data\raw\055_005_005.mp4,55,5,5,59.94,122,1920,1080
C:\Users\AB\Downloads\Sign_Recognition_Model\data\raw\055_006_001.mp4,55,6,1,59.94,92,1920,1080
C:\Users\AB\Downloads\Sign_Recognition_Model\data\raw\055_006_002.mp4,55,6,2,59.94,92,1920,1080
C:\Users\AB\Downloads\Sign_Recognition_Model\data\raw\055_006_003.mp4,55,6,3,59.94,122,1920,1080
C:\Users\AB\Downloads\Sign_Recognition_Model\data\raw\055_006_004.mp4,55,6,4,59.94,92,1920,1080
C:\Users\AB\Downloads\Sign_Recognition_Model\data\raw\055_006_005.mp4,55,6,5,59.94,92,1920,1080
C:\Users\AB\Downloads\Sign_Recognition_Model\data\raw\055_007_001.mp4,55,7,1,59.94,92,1920,1080
C:\Users\AB\Downloads\Sign_Recognition_Model\data\raw\055_007_002.mp4,55,7,2,59.94,92,1920,1080
C:\Users\AB\Downloads\Sign_Recognition_Model\data\raw\055_007_003.mp4,55,7,3,59.94,92,1920,1080
C:\Users\AB\Downloads\Sign_Recognition_Model\data\raw\055_007_004.mp4,55,7,4,59.94,92,1920,1080
C:\Users\AB\Downloads\Sign_Recognition_Model\data\raw\055_007_005.mp4,55,7,5,59.94,92,1920,1080
C:\Users\AB\Downloads\Sign_Recognition_Model\data\raw\055_008_001.mp4,55,8,1,59.94,92,1920,1080
C:\Users\AB\Downloads\Sign_Recognition_Model\data\raw\055_008_002.mp4,55,8,2,59.94,92,1920,1080
C:\Users\AB\Downloads\Sign_Recognition_Model\data\raw\055_008_003.mp4,55,8,3,59.94,122,1920,1080
C:\Users\AB\Downloads\Sign_Recognition_Model\data\raw\055_008_004.mp4,55,8,4,59.94,92,1920,1080
C:\Users\AB\Downloads\Sign_Recognition_Model\data\raw\055_008_005.mp4,55,8,5,59.94,122,1920,1080
C:\Users\AB\Downloads\Sign_Recognition_Model\data\raw\055_009_001.mp4,55,9,1,59.94,122,1920,1080
C:\Users\AB\Downloads\Sign_Recognition_Model\data\raw\055_009_002.mp4,55,9,2,59.94,122,1920,1080
C:\Users\AB\Downloads\Sign_Recognition_Model\data\raw\055_009_003.mp4,55,9,3,59.94,122,1920,1080
C:\Users\AB\Downloads\Sign_Recognition_Model\data\raw\055_009_004.mp4,55,9,4,59.94,122,1920,1080
C:\Users\AB\Downloads\Sign_Recognition_Model\data\raw\055_009_005.mp4,55,9,5,59.94,122,1920,1080
C:\Users\AB\Downloads\Sign_Recognition_Model\data\raw\055_010_001.mp4,55,10,1,59.94,92,1920,1080
C:\Users\AB\Downloads\Sign_Recognition_Model\data\raw\055_010_002.mp4,55,10,2,59.94,92,1920,1080
C:\Users\AB\Downloads\Sign_Recognition_Model\data\raw\055_010_003.mp4,55,10,3,59.94,92,1920,1080
C:\Users\AB\Downloads\Sign_Recognition_Model\data\raw\055_010_004.mp4,55,10,4,59.94,92,1920,1080
C:\Users\AB\Downloads\Sign_Recognition_Model\data\raw\055_010_005.mp4,55,10,5,59.94,122,1920,1080
C:\Users\AB\Downloads\Sign_Recognition_Model\data\raw\056_001_001.mp4,56,1,1,59.94,122,1920,1080
C:\Users\AB\Downloads\Sign_Recognition_Model\data\raw\056_001_002.mp4,56,1,2,59.94,122,1920,1080
C:\Users\AB\Downloads\Sign_Recognition_Model\data\raw\056_001_003.mp4,56,1,3,59.94,122,1920,1080
C:\Users\AB\Downloads\Sign_Recognition_Model\data\raw\056_001_004.mp4,56,1,4,59.94,152,1920,1080
C:\Users\AB\Downloads\Sign_Recognition_Model\data\raw\056_001_005.mp4,56,1,5,59.94,122,1920,1080
C:\Users\AB\Downloads\Sign_Recognition_Model\data\raw\056_002_001.mp4,56,2,1,59.94,152,1920,1080
C:\Users\AB\Downloads\Sign_Recognition_Model\data\raw\056_002_002.mp4,56,2,2,59.94,122,1920,1080
C:\Users\AB\Downloads\Sign_Recognition_Model\data\raw\056_002_003.mp4,56,2,3,59.94,122,1920,1080
C:\Users\AB\Downloads\Sign_Recognition_Model\data\raw\056_002_004.mp4,56,2,4,59.94,122,1920,1080
C:\Users\AB\Downloads\Sign_Recognition_Model\data\raw\056_002_005.mp4,56,2,5,59.94,122,1920,1080
C:\Users\AB\Downloads\Sign_Recognition_Model\data\raw\056_003_001.mp4,56,3,1,59.94,152,1920,1080
C:\Users\AB\Downloads\Sign_Recognition_Model\data\raw\056_003_002.mp4,56,3,2,59.94,122,1920,1080
C:\Users\AB\Downloads\Sign_Recognition_Model\data\raw\056_003_003.mp4,56,3,3,59.94,122,1920,1080
C:\Users\AB\Downloads\Sign_Recognition_Model\data\raw\056_003_004.mp4,56,3,4,59.94,152,1920,1080
C:\Users\AB\Downloads\Sign_Recognition_Model\data\raw\056_003_005.mp4,56,3,5,59.94,122,1920,1080
C:\Users\AB\Downloads\Sign_Recognition_Model\data\raw\056_004_001.mp4,56,4,1,59.94,152,1920,1080
C:\Users\AB\Downloads\Sign_Recognition_Model\data\raw\056_004_002.mp4,56,4,2,59.94,122,1920,1080
C:\Users\AB\Downloads\Sign_Recognition_Model\data\raw\056_004_003.mp4,56,4,3,59.94,122,1920,1080
C:\Users\AB\Downloads\Sign_Recognition_Model\data\raw\056_004_004.mp4,56,4,4,59.94,92,1920,1080
C:\Users\AB\Downloads\Sign_Recognition_Model\data\raw\056_004_005.mp4,56,4,5,59.94,122,1920,1080
C:\Users\AB\Downloads\Sign_Recognition_Model\data\raw\056_005_001.mp4,56,5,1,59.94,122,1920,1080
C:\Users\AB\Downloads\Sign_Recognition_Model\data\raw\056_005_002.mp4,56,5,2,59.94,152,1920,1080
C:\Users\AB\Downloads\Sign_Recognition_Model\data\raw\056_005_003.mp4,56,5,3,59.94,122,1920,1080
C:\Users\AB\Downloads\Sign_Recognition_Model\data\raw\056_005_004.mp4,56,5,4,59.94,152,1920,1080
C:\Users\AB\Downloads\Sign_Recognition_Model\data\raw\056_005_005.mp4,56,5,5,59.94,152,1920,1080
C:\Users\AB\Downloads\Sign_Recognition_Model\data\raw\056_006_001.mp4,56,6,1,59.94,122,1920,1080
C:\Users\AB\Downloads\Sign_Recognition_Model\data\raw\056_006_002.mp4,56,6,2,59.94,122,1920,1080
C:\Users\AB\Downloads\Sign_Recognition_Model\data\raw\056_006_003.mp4,56,6,3,59.94,122,1920,1080
C:\Users\AB\Downloads\Sign_Recognition_Model\data\raw\056_006_004.mp4,56,6,4,59.94,152,1920,1080
C:\Users\AB\Downloads\Sign_Recognition_Model\data\raw\056_006_005.mp4,56,6,5,59.94,122,1920,1080
C:\Users\AB\Downloads\Sign_Recognition_Model\data\raw\056_007_001.mp4,56,7,1,59.94,92,1920,1080
C:\Users\AB\Downloads\Sign_Recognition_Model\data\raw\056_007_002.mp4,56,7,2,59.94,122,1920,1080
C:\Users\AB\Downloads\Sign_Recognition_Model\data\raw\056_007_003.mp4,56,7,3,59.94,122,1920,1080
C:\Users\AB\Downloads\Sign_Recognition_Model\data\raw\056_007_004.mp4,56,7,4,59.94,92,1920,1080
C:\Users\AB\Downloads\Sign_Recognition_Model\data\raw\056_007_005.mp4,56,7,5,59.94,122,1920,1080
C:\Users\AB\Downloads\Sign_Recognition_Model\data\raw\056_008_001.mp4,56,8,1,59.94,92,1920,1080
C:\Users\AB\Downloads\Sign_Recognition_Model\data\raw\056_008_002.mp4,56,8,2,59.94,92,1920,1080
C:\Users\AB\Downloads\Sign_Recognition_Model\data\raw\056_008_003.mp4,56,8,3,59.94,92,1920,1080
C:\Users\AB\Downloads\Sign_Recognition_Model\data\raw\056_008_004.mp4,56,8,4,59.94,92,1920,1080
C:\Users\AB\Downloads\Sign_Recognition_Model\data\raw\056_008_005.mp4,56,8,5,59.94,92,1920,1080
C:\Users\AB\Downloads\Sign_Recognition_Model\data\raw\056_009_001.mp4,56,9,1,59.94,122,1920,1080
C:\Users\AB\Downloads\Sign_Recognition_Model\data\raw\056_009_002.mp4,56,9,2,59.94,122,1920,1080
C:\Users\AB\Downloads\Sign_Recognition_Model\data\raw\056_009_003.mp4,56,9,3,59.94,122,1920,1080
C:\Users\AB\Downloads\Sign_Recognition_Model\data\raw\056_009_004.mp4,56,9,4,59.94,122,1920,1080
C:\Users\AB\Downloads\Sign_Recognition_Model\data\raw\056_009_005.mp4,56,9,5,59.94,122,1920,1080
C:\Users\AB\Downloads\Sign_Recognition_Model\data\raw\056_010_001.mp4,56,10,1,59.94,122,1920,1080
C:\Users\AB\Downloads\Sign_Recognition_Model\data\raw\056_010_002.mp4,56,10,2,59.94,152,1920,1080
C:\Users\AB\Downloads\Sign_Recognition_Model\data\raw\056_010_003.mp4,56,10,3,59.94,122,1920,1080
C:\Users\AB\Downloads\Sign_Recognition_Model\data\raw\056_010_004.mp4,56,10,4,59.94,152,1920,1080
C:\Users\AB\Downloads\Sign_Recognition_Model\data\raw\056_010_005.mp4,56,10,5,59.94,152,1920,1080
C:\Users\AB\Downloads\Sign_Recognition_Model\data\raw\057_001_001.mp4,57,1,1,59.94,122,1920,1080
C:\Users\AB\Downloads\Sign_Recognition_Model\data\raw\057_001_002.mp4,57,1,2,59.94,122,1920,1080
C:\Users\AB\Downloads\Sign_Recognition_Model\data\raw\057_001_003.mp4,57,1,3,59.94,122,1920,1080
C:\Users\AB\Downloads\Sign_Recognition_Model\data\raw\057_001_004.mp4,57,1,4,59.94,122,1920,1080
C:\Users\AB\Downloads\Sign_Recognition_Model\data\raw\057_001_005.mp4,57,1,5,59.94,122,1920,1080
C:\Users\AB\Downloads\Sign_Recognition_Model\data\raw\057_002_001.mp4,57,2,1,59.94,152,1920,1080
C:\Users\AB\Downloads\Sign_Recognition_Model\data\raw\057_002_002.mp4,57,2,2,59.94,122,1920,1080
C:\Users\AB\Downloads\Sign_Recognition_Model\data\raw\057_002_003.mp4,57,2,3,59.94,122,1920,1080
C:\Users\AB\Downloads\Sign_Recognition_Model\data\raw\057_002_004.mp4,57,2,4,59.94,152,1920,1080
C:\Users\AB\Downloads\Sign_Recognition_Model\data\raw\057_002_005.mp4,57,2,5,59.94,122,1920,1080
C:\Users\AB\Downloads\Sign_Recognition_Model\data\raw\057_003_001.mp4,57,3,1,59.94,122,1920,1080
C:\Users\AB\Downloads\Sign_Recognition_Model\data\raw\057_003_002.mp4,57,3,2,59.94,152,1920,1080
C:\Users\AB\Downloads\Sign_Recognition_Model\data\raw\057_003_003.mp4,57,3,3,59.94,152,1920,1080
C:\Users\AB\Downloads\Sign_Recognition_Model\data\raw\057_003_004.mp4,57,3,4,59.94,152,1920,1080
C:\Users\AB\Downloads\Sign_Recognition_Model\data\raw\057_003_005.mp4,57,3,5,59.94,122,1920,1080
C:\Users\AB\Downloads\Sign_Recognition_Model\data\raw\057_004_001.mp4,57,4,1,59.94,152,1920,1080
C:\Users\AB\Downloads\Sign_Recognition_Model\data\raw\057_004_002.mp4,57,4,2,59.94,122,1920,1080
C:\Users\AB\Downloads\Sign_Recognition_Model\data\raw\057_004_003.mp4,57,4,3,59.94,152,1920,1080
C:\Users\AB\Downloads\Sign_Recognition_Model\data\raw\057_004_004.mp4,57,4,4,59.94,182,1920,1080
C:\Users\AB\Downloads\Sign_Recognition_Model\data\raw\057_004_005.mp4,57,4,5,59.94,92,1920,1080
C:\Users\AB\Downloads\Sign_Recognition_Model\data\raw\057_005_001.mp4,57,5,1,59.94,152,1920,1080
C:\Users\AB\Downloads\Sign_Recognition_Model\data\raw\057_005_002.mp4,57,5,2,59.94,122,1920,1080
C:\Users\AB\Downloads\Sign_Recognition_Model\data\raw\057_005_003.mp4,57,5,3,59.94,152,1920,1080
C:\Users\AB\Downloads\Sign_Recognition_Model\data\raw\057_005_004.mp4,57,5,4,59.94,152,1920,1080
C:\Users\AB\Downloads\Sign_Recognition_Model\data\raw\057_005_005.mp4,57,5,5,59.94,152,1920,1080
C:\Users\AB\Downloads\Sign_Recognition_Model\data\raw\057_006_001.mp4,57,6,1,59.94,152,1920,1080
C:\Users\AB\Downloads\Sign_Recognition_Model\data\raw\057_006_002.mp4,57,6,2,59.94,122,1920,1080
C:\Users\AB\Downloads\Sign_Recognition_Model\data\raw\057_006_003.mp4,57,6,3,59.94,122,1920,1080
C:\Users\AB\Downloads\Sign_Recognition_Model\data\raw\057_006_004.mp4,57,6,4,59.94,122,1920,1080
C:\Users\AB\Downloads\Sign_Recognition_Model\data\raw\057_006_005.mp4,57,6,5,59.94,122,1920,1080
C:\Users\AB\Downloads\Sign_Recognition_Model\data\raw\057_007_001.mp4,57,7,1,59.94,122,1920,1080
C:\Users\AB\Downloads\Sign_Recognition_Model\data\raw\057_007_002.mp4,57,7,2,59.94,122,1920,1080
C:\Users\AB\Downloads\Sign_Recognition_Model\data\raw\057_007_003.mp4,57,7,3,59.94,152,1920,1080
C:\Users\AB\Downloads\Sign_Recognition_Model\data\raw\057_007_004.mp4,57,7,4,59.94,122,1920,1080
C:\Users\AB\Downloads\Sign_Recognition_Model\data\raw\057_007_005.mp4,57,7,5,59.94,122,1920,1080
C:\Users\AB\Downloads\Sign_Recognition_Model\data\raw\057_008_001.mp4,57,8,1,59.94,122,1920,1080
C:\Users\AB\Downloads\Sign_Recognition_Model\data\raw\057_008_002.mp4,57,8,2,59.94,122,1920,1080
C:\Users\AB\Downloads\Sign_Recognition_Model\data\raw\057_008_003.mp4,57,8,3,59.94,92,1920,1080
C:\Users\AB\Downloads\Sign_Recognition_Model\data\raw\057_008_004.mp4,57,8,4,59.94,122,1920,1080
C:\Users\AB\Downloads\Sign_Recognition_Model\data\raw\057_008_005.mp4,57,8,5,59.94,122,1920,1080
C:\Users\AB\Downloads\Sign_Recognition_Model\data\raw\057_009_001.mp4,57,9,1,59.94,152,1920,1080
C:\Users\AB\Downloads\Sign_Recognition_Model\data\raw\057_009_002.mp4,57,9,2,59.94,122,1920,1080
C:\Users\AB\Downloads\Sign_Recognition_Model\data\raw\057_009_003.mp4,57,9,3,59.94,122,1920,1080
C:\Users\AB\Downloads\Sign_Recognition_Model\data\raw\057_009_004.mp4,57,9,4,59.94,152,1920,1080
C:\Users\AB\Downloads\Sign_Recognition_Model\data\raw\057_009_005.mp4,57,9,5,59.94,152,1920,1080
C:\Users\AB\Downloads\Sign_Recognition_Model\data\raw\057_010_001.mp4,57,10,1,59.94,122,1920,1080
C:\Users\AB\Downloads\Sign_Recognition_Model\data\raw\057_010_002.mp4,57,10,2,59.94,92,1920,1080
C:\Users\AB\Downloads\Sign_Recognition_Model\data\raw\057_010_003.mp4,57,10,3,59.94,92,1920,1080
C:\Users\AB\Downloads\Sign_Recognition_Model\data\raw\057_010_004.mp4,57,10,4,59.94,122,1920,1080
C:\Users\AB\Downloads\Sign_Recognition_Model\data\raw\057_010_005.mp4,57,10,5,59.94,122,1920,1080
C:\Users\AB\Downloads\Sign_Recognition_Model\data\raw\058_001_001.mp4,58,1,1,59.94,152,1920,1080
C:\Users\AB\Downloads\Sign_Recognition_Model\data\raw\058_001_002.mp4,58,1,2,59.94,152,1920,1080
C:\Users\AB\Downloads\Sign_Recognition_Model\data\raw\058_001_003.mp4,58,1,3,59.94,152,1920,1080
C:\Users\AB\Downloads\Sign_Recognition_Model\data\raw\058_001_004.mp4,58,1,4,59.94,152,1920,1080
C:\Users\AB\Downloads\Sign_Recognition_Model\data\raw\058_001_005.mp4,58,1,5,59.94,152,1920,1080
C:\Users\AB\Downloads\Sign_Recognition_Model\data\raw\058_002_001.mp4,58,2,1,59.94,122,1920,1080
C:\Users\AB\Downloads\Sign_Recognition_Model\data\raw\058_002_002.mp4,58,2,2,59.94,152,1920,1080
C:\Users\AB\Downloads\Sign_Recognition_Model\data\raw\058_002_003.mp4,58,2,3,59.94,152,1920,1080
C:\Users\AB\Downloads\Sign_Recognition_Model\data\raw\058_002_004.mp4,58,2,4,59.94,152,1920,1080
C:\Users\AB\Downloads\Sign_Recognition_Model\data\raw\058_002_005.mp4,58,2,5,59.94,152,1920,1080
C:\Users\AB\Downloads\Sign_Recognition_Model\data\raw\058_003_001.mp4,58,3,1,59.94,152,1920,1080
C:\Users\AB\Downloads\Sign_Recognition_Model\data\raw\058_003_002.mp4,58,3,2,59.94,152,1920,1080
C:\Users\AB\Downloads\Sign_Recognition_Model\data\raw\058_003_003.mp4,58,3,3,59.94,152,1920,1080
C:\Users\AB\Downloads\Sign_Recognition_Model\data\raw\058_003_004.mp4,58,3,4,59.94,152,1920,1080
C:\Users\AB\Downloads\Sign_Recognition_Model\data\raw\058_003_005.mp4,58,3,5,59.94,152,1920,1080
C:\Users\AB\Downloads\Sign_Recognition_Model\data\raw\058_004_001.mp4,58,4,1,59.94,122,1920,1080
C:\Users\AB\Downloads\Sign_Recognition_Model\data\raw\058_004_002.mp4,58,4,2,59.94,152,1920,1080
C:\Users\AB\Downloads\Sign_Recognition_Model\data\raw\058_004_003.mp4,58,4,3,59.94,152,1920,1080
C:\Users\AB\Downloads\Sign_Recognition_Model\data\raw\058_004_004.mp4,58,4,4,59.94,152,1920,1080
C:\Users\AB\Downloads\Sign_Recognition_Model\data\raw\058_004_005.mp4,58,4,5,59.94,152,1920,1080
C:\Users\AB\Downloads\Sign_Recognition_Model\data\raw\058_005_001.mp4,58,5,1,59.94,152,1920,1080
C:\Users\AB\Downloads\Sign_Recognition_Model\data\raw\058_005_002.mp4,58,5,2,59.94,122,1920,1080
C:\Users\AB\Downloads\Sign_Recognition_Model\data\raw\058_005_003.mp4,58,5,3,59.94,122,1920,1080
C:\Users\AB\Downloads\Sign_Recognition_Model\data\raw\058_005_004.mp4,58,5,4,59.94,122,1920,1080
C:\Users\AB\Downloads\Sign_Recognition_Model\data\raw\058_005_005.mp4,58,5,5,59.94,152,1920,1080
C:\Users\AB\Downloads\Sign_Recognition_Model\data\raw\058_006_001.mp4,58,6,1,59.94,152,1920,1080
C:\Users\AB\Downloads\Sign_Recognition_Model\data\raw\058_006_002.mp4,58,6,2,59.94,152,1920,1080
C:\Users\AB\Downloads\Sign_Recognition_Model\data\raw\058_006_003.mp4,58,6,3,59.94,152,1920,1080
C:\Users\AB\Downloads\Sign_Recognition_Model\data\raw\058_006_004.mp4,58,6,4,59.94,152,1920,1080
C:\Users\AB\Downloads\Sign_Recognition_Model\data\raw\058_006_005.mp4,58,6,5,59.94,152,1920,1080
C:\Users\AB\Downloads\Sign_Recognition_Model\data\raw\058_007_001.mp4,58,7,1,59.94,122,1920,1080
C:\Users\AB\Downloads\Sign_Recognition_Model\data\raw\058_007_002.mp4,58,7,2,59.94,122,1920,1080
C:\Users\AB\Downloads\Sign_Recognition_Model\data\raw\058_007_003.mp4,58,7,3,59.94,122,1920,1080
C:\Users\AB\Downloads\Sign_Recognition_Model\data\raw\058_007_004.mp4,58,7,4,59.94,122,1920,1080
C:\Users\AB\Downloads\Sign_Recognition_Model\data\raw\058_007_005.mp4,58,7,5,59.94,122,1920,1080
C:\Users\AB\Downloads\Sign_Recognition_Model\data\raw\058_008_001.mp4,58,8,1,59.94,92,1920,1080
C:\Users\AB\Downloads\Sign_Recognition_Model\data\raw\058_008_002.mp4,58,8,2,59.94,92,1920,1080
C:\Users\AB\Downloads\Sign_Recognition_Model\data\raw\058_008_003.mp4,58,8,3,59.94,92,1920,1080
C:\Users\AB\Downloads\Sign_Recognition_Model\data\raw\058_008_004.mp4,58,8,4,59.94,122,1920,1080
C:\Users\AB\Downloads\Sign_Recognition_Model\data\raw\058_008_005.mp4,58,8,5,59.94,122,1920,1080
C:\Users\AB\Downloads\Sign_Recognition_Model\data\raw\058_009_001.mp4,58,9,1,59.94,122,1920,1080
C:\Users\AB\Downloads\Sign_Recognition_Model\data\raw\058_009_002.mp4,58,9,2,59.94,122,1920,1080
C:\Users\AB\Downloads\Sign_Recognition_Model\data\raw\058_009_003.mp4,58,9,3,59.94,122,1920,1080
C:\Users\AB\Downloads\Sign_Recognition_Model\data\raw\058_009_004.mp4,58,9,4,59.94,152,1920,1080
C:\Users\AB\Downloads\Sign_Recognition_Model\data\raw\058_009_005.mp4,58,9,5,59.94,122,1920,1080
C:\Users\AB\Downloads\Sign_Recognition_Model\data\raw\058_010_001.mp4,58,10,1,59.94,122,1920,1080
C:\Users\AB\Downloads\Sign_Recognition_Model\data\raw\058_010_002.mp4,58,10,2,59.94,122,1920,1080
C:\Users\AB\Downloads\Sign_Recognition_Model\data\raw\058_010_003.mp4,58,10,3,59.94,122,1920,1080
C:\Users\AB\Downloads\Sign_Recognition_Model\data\raw\058_010_004.mp4,58,10,4,59.94,152,1920,1080
C:\Users\AB\Downloads\Sign_Recognition_Model\data\raw\058_010_005.mp4,58,10,5,59.94,152,1920,1080
C:\Users\AB\Downloads\Sign_Recognition_Model\data\raw\059_001_001.mp4,59,1,1,59.94,122,1920,1080
C:\Users\AB\Downloads\Sign_Recognition_Model\data\raw\059_001_002.mp4,59,1,2,59.94,122,1920,1080
C:\Users\AB\Downloads\Sign_Recognition_Model\data\raw\059_001_003.mp4,59,1,3,59.94,122,1920,1080
C:\Users\AB\Downloads\Sign_Recognition_Model\data\raw\059_001_004.mp4,59,1,4,59.94,122,1920,1080
C:\Users\AB\Downloads\Sign_Recognition_Model\data\raw\059_001_005.mp4,59,1,5,59.94,122,1920,1080
C:\Users\AB\Downloads\Sign_Recognition_Model\data\raw\059_002_001.mp4,59,2,1,59.94,122,1920,1080
C:\Users\AB\Downloads\Sign_Recognition_Model\data\raw\059_002_002.mp4,59,2,2,59.94,122,1920,1080
C:\Users\AB\Downloads\Sign_Recognition_Model\data\raw\059_002_003.mp4,59,2,3,59.94,92,1920,1080
C:\Users\AB\Downloads\Sign_Recognition_Model\data\raw\059_002_004.mp4,59,2,4,59.94,122,1920,1080
C:\Users\AB\Downloads\Sign_Recognition_Model\data\raw\059_002_005.mp4,59,2,5,59.94,92,1920,1080
C:\Users\AB\Downloads\Sign_Recognition_Model\data\raw\059_003_001.mp4,59,3,1,59.94,122,1920,1080
C:\Users\AB\Downloads\Sign_Recognition_Model\data\raw\059_003_002.mp4,59,3,2,59.94,122,1920,1080
C:\Users\AB\Downloads\Sign_Recognition_Model\data\raw\059_003_003.mp4,59,3,3,59.94,122,1920,1080
C:\Users\AB\Downloads\Sign_Recognition_Model\data\raw\059_003_004.mp4,59,3,4,59.94,122,1920,1080
C:\Users\AB\Downloads\Sign_Recognition_Model\data\raw\059_003_005.mp4,59,3,5,59.94,92,1920,1080
C:\Users\AB\Downloads\Sign_Recognition_Model\data\raw\059_004_001.mp4,59,4,1,59.94,152,1920,1080
C:\Users\AB\Downloads\Sign_Recognition_Model\data\raw\059_004_002.mp4,59,4,2,59.94,122,1920,1080
C:\Users\AB\Downloads\Sign_Recognition_Model\data\raw\059_004_003.mp4,59,4,3,59.94,92,1920,1080
C:\Users\AB\Downloads\Sign_Recognition_Model\data\raw\059_004_004.mp4,59,4,4,59.94,92,1920,1080
C:\Users\AB\Downloads\Sign_Recognition_Model\data\raw\059_004_005.mp4,59,4,5,59.94,122,1920,1080
C:\Users\AB\Downloads\Sign_Recognition_Model\data\raw\059_005_001.mp4,59,5,1,59.94,122,1920,1080
C:\Users\AB\Downloads\Sign_Recognition_Model\data\raw\059_005_002.mp4,59,5,2,59.94,122,1920,1080
C:\Users\AB\Downloads\Sign_Recognition_Model\data\raw\059_005_003.mp4,59,5,3,59.94,122,1920,1080
C:\Users\AB\Downloads\Sign_Recognition_Model\data\raw\059_005_004.mp4,59,5,4,59.94,92,1920,1080
C:\Users\AB\Downloads\Sign_Recognition_Model\data\raw\059_005_005.mp4,59,5,5,59.94,122,1920,1080
C:\Users\AB\Downloads\Sign_Recognition_Model\data\raw\059_006_001.mp4,59,6,1,59.94,122,1920,1080
C:\Users\AB\Downloads\Sign_Recognition_Model\data\raw\059_006_002.mp4,59,6,2,59.94,92,1920,1080
C:\Users\AB\Downloads\Sign_Recognition_Model\data\raw\059_006_003.mp4,59,6,3,59.94,152,1920,1080
C:\Users\AB\Downloads\Sign_Recognition_Model\data\raw\059_006_004.mp4,59,6,4,59.94,152,1920,1080
C:\Users\AB\Downloads\Sign_Recognition_Model\data\raw\059_006_005.mp4,59,6,5,59.94,152,1920,1080
C:\Users\AB\Downloads\Sign_Recognition_Model\data\raw\059_007_001.mp4,59,7,1,59.94,92,1920,1080
C:\Users\AB\Downloads\Sign_Recognition_Model\data\raw\059_007_002.mp4,59,7,2,59.94,122,1920,1080
C:\Users\AB\Downloads\Sign_Recognition_Model\data\raw\059_007_003.mp4,59,7,3,59.94,92,1920,1080
C:\Users\AB\Downloads\Sign_Recognition_Model\data\raw\059_007_004.mp4,59,7,4,59.94,122,1920,1080
C:\Users\AB\Downloads\Sign_Recognition_Model\data\raw\059_007_005.mp4,59,7,5,59.94,92,1920,1080
C:\Users\AB\Downloads\Sign_Recognition_Model\data\raw\059_008_001.mp4,59,8,1,59.94,92,1920,1080
C:\Users\AB\Downloads\Sign_Recognition_Model\data\raw\059_008_002.mp4,59,8,2,59.94,92,1920,1080
C:\Users\AB\Downloads\Sign_Recognition_Model\data\raw\059_008_003.mp4,59,8,3,59.94,92,1920,1080
C:\Users\AB\Downloads\Sign_Recognition_Model\data\raw\059_008_004.mp4,59,8,4,59.94,92,1920,1080
C:\Users\AB\Downloads\Sign_Recognition_Model\data\raw\059_008_005.mp4,59,8,5,59.94,122,1920,1080
C:\Users\AB\Downloads\Sign_Recognition_Model\data\raw\059_009_001.mp4,59,9,1,59.94,122,1920,1080
C:\Users\AB\Downloads\Sign_Recognition_Model\data\raw\059_009_002.mp4,59,9,2,59.94,122,1920,1080
C:\Users\AB\Downloads\Sign_Recognition_Model\data\raw\059_009_003.mp4,59,9,3,59.94,122,1920,1080
C:\Users\AB\Downloads\Sign_Recognition_Model\data\raw\059_009_004.mp4,59,9,4,59.94,122,1920,1080
C:\Users\AB\Downloads\Sign_Recognition_Model\data\raw\059_009_005.mp4,59,9,5,59.94,122,1920,1080
C:\Users\AB\Downloads\Sign_Recognition_Model\data\raw\059_010_001.mp4,59,10,1,59.94,152,1920,1080
C:\Users\AB\Downloads\Sign_Recognition_Model\data\raw\059_010_002.mp4,59,10,2,59.94,92,1920,1080
C:\Users\AB\Downloads\Sign_Recognition_Model\data\raw\059_010_003.mp4,59,10,3,59.94,122,1920,1080
C:\Users\AB\Downloads\Sign_Recognition_Model\data\raw\059_010_004.mp4,59,10,4,59.94,92,1920,1080
C:\Users\AB\Downloads\Sign_Recognition_Model\data\raw\059_010_005.mp4,59,10,5,59.94,122,1920,1080
C:\Users\AB\Downloads\Sign_Recognition_Model\data\raw\060_001_001.mp4,60,1,1,59.94,152,1920,1080
C:\Users\AB\Downloads\Sign_Recognition_Model\data\raw\060_001_002.mp4,60,1,2,59.94,152,1920,1080
C:\Users\AB\Downloads\Sign_Recognition_Model\data\raw\060_001_003.mp4,60,1,3,59.94,182,1920,1080
C:\Users\AB\Downloads\Sign_Recognition_Model\data\raw\060_001_004.mp4,60,1,4,59.94,152,1920,1080
C:\Users\AB\Downloads\Sign_Recognition_Model\data\raw\060_001_005.mp4,60,1,5,59.94,152,1920,1080
C:\Users\AB\Downloads\Sign_Recognition_Model\data\raw\060_002_001.mp4,60,2,1,59.94,122,1920,1080
C:\Users\AB\Downloads\Sign_Recognition_Model\data\raw\060_002_002.mp4,60,2,2,59.94,122,1920,1080
C:\Users\AB\Downloads\Sign_Recognition_Model\data\raw\060_002_003.mp4,60,2,3,59.94,152,1920,1080
C:\Users\AB\Downloads\Sign_Recognition_Model\data\raw\060_002_004.mp4,60,2,4,59.94,152,1920,1080
C:\Users\AB\Downloads\Sign_Recognition_Model\data\raw\060_002_005.mp4,60,2,5,59.94,122,1920,1080
C:\Users\AB\Downloads\Sign_Recognition_Model\data\raw\060_003_001.mp4,60,3,1,59.94,152,1920,1080
C:\Users\AB\Downloads\Sign_Recognition_Model\data\raw\060_003_002.mp4,60,3,2,59.94,122,1920,1080
C:\Users\AB\Downloads\Sign_Recognition_Model\data\raw\060_003_003.mp4,60,3,3,59.94,122,1920,1080
C:\Users\AB\Downloads\Sign_Recognition_Model\data\raw\060_003_004.mp4,60,3,4,59.94,152,1920,1080
C:\Users\AB\Downloads\Sign_Recognition_Model\data\raw\060_003_005.mp4,60,3,5,59.94,152,1920,1080
C:\Users\AB\Downloads\Sign_Recognition_Model\data\raw\060_004_001.mp4,60,4,1,59.94,122,1920,1080
C:\Users\AB\Downloads\Sign_Recognition_Model\data\raw\060_004_002.mp4,60,4,2,59.94,122,1920,1080
C:\Users\AB\Downloads\Sign_Recognition_Model\data\raw\060_004_003.mp4,60,4,3,59.94,152,1920,1080
C:\Users\AB\Downloads\Sign_Recognition_Model\data\raw\060_004_004.mp4,60,4,4,59.94,152,1920,1080
C:\Users\AB\Downloads\Sign_Recognition_Model\data\raw\060_004_005.mp4,60,4,5,59.94,122,1920,1080
C:\Users\AB\Downloads\Sign_Recognition_Model\data\raw\060_005_001.mp4,60,5,1,59.94,122,1920,1080
C:\Users\AB\Downloads\Sign_Recognition_Model\data\raw\060_005_002.mp4,60,5,2,59.94,122,1920,1080
C:\Users\AB\Downloads\Sign_Recognition_Model\data\raw\060_005_003.mp4,60,5,3,59.94,152,1920,1080
C:\Users\AB\Downloads\Sign_Recognition_Model\data\raw\060_005_004.mp4,60,5,4,59.94,152,1920,1080
C:\Users\AB\Downloads\Sign_Recognition_Model\data\raw\060_005_005.mp4,60,5,5,59.94,152,1920,1080
C:\Users\AB\Downloads\Sign_Recognition_Model\data\raw\060_006_001.mp4,60,6,1,59.94,152,1920,1080
C:\Users\AB\Downloads\Sign_Recognition_Model\data\raw\060_006_002.mp4,60,6,2,59.94,122,1920,1080
C:\Users\AB\Downloads\Sign_Recognition_Model\data\raw\060_006_003.mp4,60,6,3,59.94,152,1920,1080
C:\Users\AB\Downloads\Sign_Recognition_Model\data\raw\060_006_004.mp4,60,6,4,59.94,152,1920,1080
C:\Users\AB\Downloads\Sign_Recognition_Model\data\raw\060_006_005.mp4,60,6,5,59.94,152,1920,1080
C:\Users\AB\Downloads\Sign_Recognition_Model\data\raw\060_007_001.mp4,60,7,1,59.94,122,1920,1080
C:\Users\AB\Downloads\Sign_Recognition_Model\data\raw\060_007_002.mp4,60,7,2,59.94,122,1920,1080
C:\Users\AB\Downloads\Sign_Recognition_Model\data\raw\060_007_003.mp4,60,7,3,59.94,122,1920,1080
C:\Users\AB\Downloads\Sign_Recognition_Model\data\raw\060_007_004.mp4,60,7,4,59.94,122,1920,1080
C:\Users\AB\Downloads\Sign_Recognition_Model\data\raw\060_007_005.mp4,60,7,5,59.94,122,1920,1080
C:\Users\AB\Downloads\Sign_Recognition_Model\data\raw\060_008_001.mp4,60,8,1,59.94,122,1920,1080
C:\Users\AB\Downloads\Sign_Recognition_Model\data\raw\060_008_002.mp4,60,8,2,59.94,152,1920,1080
C:\Users\AB\Downloads\Sign_Recognition_Model\data\raw\060_008_003.mp4,60,8,3,59.94,122,1920,1080
C:\Users\AB\Downloads\Sign_Recognition_Model\data\raw\060_008_004.mp4,60,8,4,59.94,92,1920,1080
C:\Users\AB\Downloads\Sign_Recognition_Model\data\raw\060_008_005.mp4,60,8,5,59.94,122,1920,1080
C:\Users\AB\Downloads\Sign_Recognition_Model\data\raw\060_009_001.mp4,60,9,1,59.94,122,1920,1080
C:\Users\AB\Downloads\Sign_Recognition_Model\data\raw\060_009_002.mp4,60,9,2,59.94,122,1920,1080
C:\Users\AB\Downloads\Sign_Recognition_Model\data\raw\060_009_003.mp4,60,9,3,59.94,152,1920,1080
C:\Users\AB\Downloads\Sign_Recognition_Model\data\raw\060_009_004.mp4,60,9,4,59.94,122,1920,1080
C:\Users\AB\Downloads\Sign_Recognition_Model\data\raw\060_009_005.mp4,60,9,5,59.94,122,1920,1080
C:\Users\AB\Downloads\Sign_Recognition_Model\data\raw\060_010_001.mp4,60,10,1,59.94,122,1920,1080
C:\Users\AB\Downloads\Sign_Recognition_Model\data\raw\060_010_002.mp4,60,10,2,59.94,122,1920,1080
C:\Users\AB\Downloads\Sign_Recognition_Model\data\raw\060_010_003.mp4,60,10,3,59.94,122,1920,1080
C:\Users\AB\Downloads\Sign_Recognition_Model\data\raw\060_010_004.mp4,60,10,4,59.94,152,1920,1080
C:\Users\AB\Downloads\Sign_Recognition_Model\data\raw\060_010_005.mp4,60,10,5,59.94,122,1920,1080
C:\Users\AB\Downloads\Sign_Recognition_Model\data\raw\061_001_001.mp4,61,1,1,59.94,152,1920,1080
C:\Users\AB\Downloads\Sign_Recognition_Model\data\raw\061_001_002.mp4,61,1,2,59.94,152,1920,1080
C:\Users\AB\Downloads\Sign_Recognition_Model\data\raw\061_001_003.mp4,61,1,3,59.94,152,1920,1080
C:\Users\AB\Downloads\Sign_Recognition_Model\data\raw\061_001_004.mp4,61,1,4,59.94,152,1920,1080
C:\Users\AB\Downloads\Sign_Recognition_Model\data\raw\061_001_005.mp4,61,1,5,59.94,152,1920,1080
C:\Users\AB\Downloads\Sign_Recognition_Model\data\raw\061_002_001.mp4,61,2,1,59.94,122,1920,1080
C:\Users\AB\Downloads\Sign_Recognition_Model\data\raw\061_002_002.mp4,61,2,2,59.94,122,1920,1080
C:\Users\AB\Downloads\Sign_Recognition_Model\data\raw\061_002_003.mp4,61,2,3,59.94,92,1920,1080
C:\Users\AB\Downloads\Sign_Recognition_Model\data\raw\061_002_004.mp4,61,2,4,59.94,122,1920,1080
C:\Users\AB\Downloads\Sign_Recognition_Model\data\raw\061_002_005.mp4,61,2,5,59.94,122,1920,1080
C:\Users\AB\Downloads\Sign_Recognition_Model\data\raw\061_003_001.mp4,61,3,1,59.94,122,1920,1080
C:\Users\AB\Downloads\Sign_Recognition_Model\data\raw\061_003_002.mp4,61,3,2,59.94,122,1920,1080
C:\Users\AB\Downloads\Sign_Recognition_Model\data\raw\061_003_003.mp4,61,3,3,59.94,152,1920,1080
C:\Users\AB\Downloads\Sign_Recognition_Model\data\raw\061_003_004.mp4,61,3,4,59.94,152,1920,1080
C:\Users\AB\Downloads\Sign_Recognition_Model\data\raw\061_003_005.mp4,61,3,5,59.94,152,1920,1080
C:\Users\AB\Downloads\Sign_Recognition_Model\data\raw\061_004_001.mp4,61,4,1,59.94,122,1920,1080
C:\Users\AB\Downloads\Sign_Recognition_Model\data\raw\061_004_002.mp4,61,4,2,59.94,92,1920,1080
C:\Users\AB\Downloads\Sign_Recognition_Model\data\raw\061_004_003.mp4,61,4,3,59.94,122,1920,1080
C:\Users\AB\Downloads\Sign_Recognition_Model\data\raw\061_004_004.mp4,61,4,4,59.94,122,1920,1080
C:\Users\AB\Downloads\Sign_Recognition_Model\data\raw\061_004_005.mp4,61,4,5,59.94,122,1920,1080
C:\Users\AB\Downloads\Sign_Recognition_Model\data\raw\061_005_001.mp4,61,5,1,59.94,152,1920,1080
C:\Users\AB\Downloads\Sign_Recognition_Model\data\raw\061_005_002.mp4,61,5,2,59.94,152,1920,1080
C:\Users\AB\Downloads\Sign_Recognition_Model\data\raw\061_005_003.mp4,61,5,3,59.94,152,1920,1080
C:\Users\AB\Downloads\Sign_Recognition_Model\data\raw\061_005_004.mp4,61,5,4,59.94,152,1920,1080
C:\Users\AB\Downloads\Sign_Recognition_Model\data\raw\061_005_005.mp4,61,5,5,59.94,122,1920,1080
C:\Users\AB\Downloads\Sign_Recognition_Model\data\raw\061_006_001.mp4,61,6,1,59.94,122,1920,1080
C:\Users\AB\Downloads\Sign_Recognition_Model\data\raw\061_006_002.mp4,61,6,2,59.94,152,1920,1080
C:\Users\AB\Downloads\Sign_Recognition_Model\data\raw\061_006_003.mp4,61,6,3,59.94,122,1920,1080
C:\Users\AB\Downloads\Sign_Recognition_Model\data\raw\061_006_004.mp4,61,6,4,59.94,152,1920,1080
C:\Users\AB\Downloads\Sign_Recognition_Model\data\raw\061_006_005.mp4,61,6,5,59.94,182,1920,1080
C:\Users\AB\Downloads\Sign_Recognition_Model\data\raw\061_007_001.mp4,61,7,1,59.94,92,1920,1080
C:\Users\AB\Downloads\Sign_Recognition_Model\data\raw\061_007_002.mp4,61,7,2,59.94,122,1920,1080
C:\Users\AB\Downloads\Sign_Recognition_Model\data\raw\061_007_003.mp4,61,7,3,59.94,122,1920,1080
C:\Users\AB\Downloads\Sign_Recognition_Model\data\raw\061_007_004.mp4,61,7,4,59.94,122,1920,1080
C:\Users\AB\Downloads\Sign_Recognition_Model\data\raw\061_007_005.mp4,61,7,5,59.94,122,1920,1080
C:\Users\AB\Downloads\Sign_Recognition_Model\data\raw\061_008_001.mp4,61,8,1,59.94,122,1920,1080
C:\Users\AB\Downloads\Sign_Recognition_Model\data\raw\061_008_002.mp4,61,8,2,59.94,122,1920,1080
C:\Users\AB\Downloads\Sign_Recognition_Model\data\raw\061_008_003.mp4,61,8,3,59.94,92,1920,1080
C:\Users\AB\Downloads\Sign_Recognition_Model\data\raw\061_008_004.mp4,61,8,4,59.94,122,1920,1080
C:\Users\AB\Downloads\Sign_Recognition_Model\data\raw\061_008_005.mp4,61,8,5,59.94,122,1920,1080
C:\Users\AB\Downloads\Sign_Recognition_Model\data\raw\061_009_001.mp4,61,9,1,59.94,122,1920,1080
C:\Users\AB\Downloads\Sign_Recognition_Model\data\raw\061_009_002.mp4,61,9,2,59.94,122,1920,1080
C:\Users\AB\Downloads\Sign_Recognition_Model\data\raw\061_009_003.mp4,61,9,3,59.94,122,1920,1080
C:\Users\AB\Downloads\Sign_Recognition_Model\data\raw\061_009_004.mp4,61,9,4,59.94,152,1920,1080
C:\Users\AB\Downloads\Sign_Recognition_Model\data\raw\061_009_005.mp4,61,9,5,59.94,122,1920,1080
C:\Users\AB\Downloads\Sign_Recognition_Model\data\raw\061_010_001.mp4,61,10,1,59.94,122,1920,1080
C:\Users\AB\Downloads\Sign_Recognition_Model\data\raw\061_010_002.mp4,61,10,2,59.94,122,1920,1080
C:\Users\AB\Downloads\Sign_Recognition_Model\data\raw\061_010_003.mp4,61,10,3,59.94,122,1920,1080
C:\Users\AB\Downloads\Sign_Recognition_Model\data\raw\061_010_004.mp4,61,10,4,59.94,152,1920,1080
C:\Users\AB\Downloads\Sign_Recognition_Model\data\raw\061_010_005.mp4,61,10,5,59.94,122,1920,1080
C:\Users\AB\Downloads\Sign_Recognition_Model\data\raw\062_001_001.mp4,62,1,1,59.94,122,1920,1080
C:\Users\AB\Downloads\Sign_Recognition_Model\data\raw\062_001_002.mp4,62,1,2,59.94,122,1920,1080
C:\Users\AB\Downloads\Sign_Recognition_Model\data\raw\062_001_003.mp4,62,1,3,59.94,122,1920,1080
C:\Users\AB\Downloads\Sign_Recognition_Model\data\raw\062_001_004.mp4,62,1,4,59.94,122,1920,1080
C:\Users\AB\Downloads\Sign_Recognition_Model\data\raw\062_001_005.mp4,62,1,5,59.94,122,1920,1080
C:\Users\AB\Downloads\Sign_Recognition_Model\data\raw\062_002_001.mp4,62,2,1,59.94,122,1920,1080
C:\Users\AB\Downloads\Sign_Recognition_Model\data\raw\062_002_002.mp4,62,2,2,59.94,122,1920,1080
C:\Users\AB\Downloads\Sign_Recognition_Model\data\raw\062_002_003.mp4,62,2,3,59.94,122,1920,1080
C:\Users\AB\Downloads\Sign_Recognition_Model\data\raw\062_002_004.mp4,62,2,4,59.94,122,1920,1080
C:\Users\AB\Downloads\Sign_Recognition_Model\data\raw\062_002_005.mp4,62,2,5,59.94,122,1920,1080
C:\Users\AB\Downloads\Sign_Recognition_Model\data\raw\062_003_001.mp4,62,3,1,59.94,182,1920,1080
C:\Users\AB\Downloads\Sign_Recognition_Model\data\raw\062_003_002.mp4,62,3,2,59.94,122,1920,1080
C:\Users\AB\Downloads\Sign_Recognition_Model\data\raw\062_003_003.mp4,62,3,3,59.94,152,1920,1080
C:\Users\AB\Downloads\Sign_Recognition_Model\data\raw\062_003_004.mp4,62,3,4,59.94,152,1920,1080
C:\Users\AB\Downloads\Sign_Recognition_Model\data\raw\062_003_005.mp4,62,3,5,59.94,152,1920,1080
C:\Users\AB\Downloads\Sign_Recognition_Model\data\raw\062_004_001.mp4,62,4,1,59.94,122,1920,1080
C:\Users\AB\Downloads\Sign_Recognition_Model\data\raw\062_004_002.mp4,62,4,2,59.94,122,1920,1080
C:\Users\AB\Downloads\Sign_Recognition_Model\data\raw\062_004_003.mp4,62,4,3,59.94,122,1920,1080
C:\Users\AB\Downloads\Sign_Recognition_Model\data\raw\062_004_004.mp4,62,4,4,59.94,92,1920,1080
C:\Users\AB\Downloads\Sign_Recognition_Model\data\raw\062_004_005.mp4,62,4,5,59.94,122,1920,1080
C:\Users\AB\Downloads\Sign_Recognition_Model\data\raw\062_005_001.mp4,62,5,1,59.94,122,1920,1080
C:\Users\AB\Downloads\Sign_Recognition_Model\data\raw\062_005_002.mp4,62,5,2,59.94,122,1920,1080
C:\Users\AB\Downloads\Sign_Recognition_Model\data\raw\062_005_003.mp4,62,5,3,59.94,122,1920,1080
C:\Users\AB\Downloads\Sign_Recognition_Model\data\raw\062_005_004.mp4,62,5,4,59.94,152,1920,1080
C:\Users\AB\Downloads\Sign_Recognition_Model\data\raw\062_005_005.mp4,62,5,5,59.94,122,1920,1080
C:\Users\AB\Downloads\Sign_Recognition_Model\data\raw\062_006_001.mp4,62,6,1,59.94,122,1920,1080
C:\Users\AB\Downloads\Sign_Recognition_Model\data\raw\062_006_002.mp4,62,6,2,59.94,122,1920,1080
C:\Users\AB\Downloads\Sign_Recognition_Model\data\raw\062_006_003.mp4,62,6,3,59.94,92,1920,1080
C:\Users\AB\Downloads\Sign_Recognition_Model\data\raw\062_006_004.mp4,62,6,4,59.94,122,1920,1080
C:\Users\AB\Downloads\Sign_Recognition_Model\data\raw\062_006_005.mp4,62,6,5,59.94,122,1920,1080
C:\Users\AB\Downloads\Sign_Recognition_Model\data\raw\062_007_001.mp4,62,7,1,59.94,92,1920,1080
C:\Users\AB\Downloads\Sign_Recognition_Model\data\raw\062_007_002.mp4,62,7,2,59.94,92,1920,1080
C:\Users\AB\Downloads\Sign_Recognition_Model\data\raw\062_007_003.mp4,62,7,3,59.94,122,1920,1080
C:\Users\AB\Downloads\Sign_Recognition_Model\data\raw\062_007_004.mp4,62,7,4,59.94,92,1920,1080
C:\Users\AB\Downloads\Sign_Recognition_Model\data\raw\062_007_005.mp4,62,7,5,59.94,92,1920,1080
C:\Users\AB\Downloads\Sign_Recognition_Model\data\raw\062_008_001.mp4,62,8,1,59.94,92,1920,1080
C:\Users\AB\Downloads\Sign_Recognition_Model\data\raw\062_008_002.mp4,62,8,2,59.94,122,1920,1080
C:\Users\AB\Downloads\Sign_Recognition_Model\data\raw\062_008_003.mp4,62,8,3,59.94,92,1920,1080
C:\Users\AB\Downloads\Sign_Recognition_Model\data\raw\062_008_004.mp4,62,8,4,59.94,152,1920,1080
C:\Users\AB\Downloads\Sign_Recognition_Model\data\raw\062_008_005.mp4,62,8,5,59.94,92,1920,1080
C:\Users\AB\Downloads\Sign_Recognition_Model\data\raw\062_009_001.mp4,62,9,1,59.94,122,1920,1080
C:\Users\AB\Downloads\Sign_Recognition_Model\data\raw\062_009_002.mp4,62,9,2,59.94,122,1920,1080
C:\Users\AB\Downloads\Sign_Recognition_Model\data\raw\062_009_003.mp4,62,9,3,59.94,122,1920,1080
C:\Users\AB\Downloads\Sign_Recognition_Model\data\raw\062_009_004.mp4,62,9,4,59.94,122,1920,1080
C:\Users\AB\Downloads\Sign_Recognition_Model\data\raw\062_009_005.mp4,62,9,5,59.94,122,1920,1080
C:\Users\AB\Downloads\Sign_Recognition_Model\data\raw\062_010_001.mp4,62,10,1,59.94,122,1920,1080
C:\Users\AB\Downloads\Sign_Recognition_Model\data\raw\062_010_002.mp4,62,10,2,59.94,122,1920,1080
C:\Users\AB\Downloads\Sign_Recognition_Model\data\raw\062_010_003.mp4,62,10,3,59.94,122,1920,1080
C:\Users\AB\Downloads\Sign_Recognition_Model\data\raw\062_010_004.mp4,62,10,4,59.94,92,1920,1080
C:\Users\AB\Downloads\Sign_Recognition_Model\data\raw\062_010_005.mp4,62,10,5,59.94,92,1920,1080
C:\Users\AB\Downloads\Sign_Recognition_Model\data\raw\063_001_001.mp4,63,1,1,59.94,122,1920,1080
C:\Users\AB\Downloads\Sign_Recognition_Model\data\raw\063_001_002.mp4,63,1,2,59.94,122,1920,1080
C:\Users\AB\Downloads\Sign_Recognition_Model\data\raw\063_001_003.mp4,63,1,3,59.94,122,1920,1080
C:\Users\AB\Downloads\Sign_Recognition_Model\data\raw\063_001_004.mp4,63,1,4,59.94,122,1920,1080
C:\Users\AB\Downloads\Sign_Recognition_Model\data\raw\063_001_005.mp4,63,1,5,59.94,122,1920,1080
C:\Users\AB\Downloads\Sign_Recognition_Model\data\raw\063_002_001.mp4,63,2,1,59.94,152,1920,1080
C:\Users\AB\Downloads\Sign_Recognition_Model\data\raw\063_002_002.mp4,63,2,2,59.94,152,1920,1080
C:\Users\AB\Downloads\Sign_Recognition_Model\data\raw\063_002_003.mp4,63,2,3,59.94,122,1920,1080
C:\Users\AB\Downloads\Sign_Recognition_Model\data\raw\063_002_004.mp4,63,2,4,59.94,122,1920,1080
C:\Users\AB\Downloads\Sign_Recognition_Model\data\raw\063_002_005.mp4,63,2,5,59.94,122,1920,1080
C:\Users\AB\Downloads\Sign_Recognition_Model\data\raw\063_003_001.mp4,63,3,1,59.94,152,1920,1080
C:\Users\AB\Downloads\Sign_Recognition_Model\data\raw\063_003_002.mp4,63,3,2,59.94,152,1920,1080
C:\Users\AB\Downloads\Sign_Recognition_Model\data\raw\063_003_003.mp4,63,3,3,59.94,92,1920,1080
C:\Users\AB\Downloads\Sign_Recognition_Model\data\raw\063_003_004.mp4,63,3,4,59.94,152,1920,1080
C:\Users\AB\Downloads\Sign_Recognition_Model\data\raw\063_003_005.mp4,63,3,5,59.94,152,1920,1080
C:\Users\AB\Downloads\Sign_Recognition_Model\data\raw\063_004_001.mp4,63,4,1,59.94,122,1920,1080
C:\Users\AB\Downloads\Sign_Recognition_Model\data\raw\063_004_002.mp4,63,4,2,59.94,92,1920,1080
C:\Users\AB\Downloads\Sign_Recognition_Model\data\raw\063_004_003.mp4,63,4,3,59.94,92,1920,1080
C:\Users\AB\Downloads\Sign_Recognition_Model\data\raw\063_004_004.mp4,63,4,4,59.94,122,1920,1080
C:\Users\AB\Downloads\Sign_Recognition_Model\data\raw\063_004_005.mp4,63,4,5,59.94,92,1920,1080
C:\Users\AB\Downloads\Sign_Recognition_Model\data\raw\063_005_001.mp4,63,5,1,59.94,122,1920,1080
C:\Users\AB\Downloads\Sign_Recognition_Model\data\raw\063_005_002.mp4,63,5,2,59.94,122,1920,1080
C:\Users\AB\Downloads\Sign_Recognition_Model\data\raw\063_005_003.mp4,63,5,3,59.94,122,1920,1080
C:\Users\AB\Downloads\Sign_Recognition_Model\data\raw\063_005_004.mp4,63,5,4,59.94,122,1920,1080
C:\Users\AB\Downloads\Sign_Recognition_Model\data\raw\063_005_005.mp4,63,5,5,59.94,122,1920,1080
C:\Users\AB\Downloads\Sign_Recognition_Model\data\raw\063_006_001.mp4,63,6,1,59.94,122,1920,1080
C:\Users\AB\Downloads\Sign_Recognition_Model\data\raw\063_006_002.mp4,63,6,2,59.94,122,1920,1080
C:\Users\AB\Downloads\Sign_Recognition_Model\data\raw\063_006_003.mp4,63,6,3,59.94,92,1920,1080
C:\Users\AB\Downloads\Sign_Recognition_Model\data\raw\063_006_004.mp4,63,6,4,59.94,122,1920,1080
C:\Users\AB\Downloads\Sign_Recognition_Model\data\raw\063_006_005.mp4,63,6,5,59.94,92,1920,1080
C:\Users\AB\Downloads\Sign_Recognition_Model\data\raw\063_007_001.mp4,63,7,1,59.94,92,1920,1080
C:\Users\AB\Downloads\Sign_Recognition_Model\data\raw\063_007_002.mp4,63,7,2,59.94,122,1920,1080
C:\Users\AB\Downloads\Sign_Recognition_Model\data\raw\063_007_003.mp4,63,7,3,59.94,92,1920,1080
C:\Users\AB\Downloads\Sign_Recognition_Model\data\raw\063_007_004.mp4,63,7,4,59.94,122,1920,1080
C:\Users\AB\Downloads\Sign_Recognition_Model\data\raw\063_007_005.mp4,63,7,5,59.94,122,1920,1080
C:\Users\AB\Downloads\Sign_Recognition_Model\data\raw\063_008_001.mp4,63,8,1,59.94,122,1920,1080
C:\Users\AB\Downloads\Sign_Recognition_Model\data\raw\063_008_002.mp4,63,8,2,59.94,92,1920,1080
C:\Users\AB\Downloads\Sign_Recognition_Model\data\raw\063_008_003.mp4,63,8,3,59.94,122,1920,1080
C:\Users\AB\Downloads\Sign_Recognition_Model\data\raw\063_008_004.mp4,63,8,4,59.94,122,1920,1080
C:\Users\AB\Downloads\Sign_Recognition_Model\data\raw\063_008_005.mp4,63,8,5,59.94,122,1920,1080
C:\Users\AB\Downloads\Sign_Recognition_Model\data\raw\063_009_001.mp4,63,9,1,59.94,122,1920,1080
C:\Users\AB\Downloads\Sign_Recognition_Model\data\raw\063_009_002.mp4,63,9,2,59.94,122,1920,1080
C:\Users\AB\Downloads\Sign_Recognition_Model\data\raw\063_009_003.mp4,63,9,3,59.94,122,1920,1080
C:\Users\AB\Downloads\Sign_Recognition_Model\data\raw\063_009_004.mp4,63,9,4,59.94,122,1920,1080
C:\Users\AB\Downloads\Sign_Recognition_Model\data\raw\063_009_005.mp4,63,9,5,59.94,122,1920,1080
C:\Users\AB\Downloads\Sign_Recognition_Model\data\raw\063_010_001.mp4,63,10,1,59.94,122,1920,1080
C:\Users\AB\Downloads\Sign_Recognition_Model\data\raw\063_010_002.mp4,63,10,2,59.94,122,1920,1080
C:\Users\AB\Downloads\Sign_Recognition_Model\data\raw\063_010_003.mp4,63,10,3,59.94,122,1920,1080
C:\Users\AB\Downloads\Sign_Recognition_Model\data\raw\063_010_004.mp4,63,10,4,59.94,152,1920,1080
C:\Users\AB\Downloads\Sign_Recognition_Model\data\raw\063_010_005.mp4,63,10,5,59.94,182,1920,1080
C:\Users\AB\Downloads\Sign_Recognition_Model\data\raw\064_001_001.mp4,64,1,1,59.94,122,1920,1080
C:\Users\AB\Downloads\Sign_Recognition_Model\data\raw\064_001_002.mp4,64,1,2,59.94,122,1920,1080
C:\Users\AB\Downloads\Sign_Recognition_Model\data\raw\064_001_003.mp4,64,1,3,59.94,122,1920,1080
C:\Users\AB\Downloads\Sign_Recognition_Model\data\raw\064_001_004.mp4,64,1,4,59.94,122,1920,1080
C:\Users\AB\Downloads\Sign_Recognition_Model\data\raw\064_001_005.mp4,64,1,5,59.94,122,1920,1080
C:\Users\AB\Downloads\Sign_Recognition_Model\data\raw\064_002_001.mp4,64,2,1,59.94,122,1920,1080
C:\Users\AB\Downloads\Sign_Recognition_Model\data\raw\064_002_002.mp4,64,2,2,59.94,92,1920,1080
C:\Users\AB\Downloads\Sign_Recognition_Model\data\raw\064_002_003.mp4,64,2,3,59.94,92,1920,1080
C:\Users\AB\Downloads\Sign_Recognition_Model\data\raw\064_002_004.mp4,64,2,4,59.94,122,1920,1080
C:\Users\AB\Downloads\Sign_Recognition_Model\data\raw\064_002_005.mp4,64,2,5,59.94,122,1920,1080
C:\Users\AB\Downloads\Sign_Recognition_Model\data\raw\064_003_001.mp4,64,3,1,59.94,152,1920,1080
C:\Users\AB\Downloads\Sign_Recognition_Model\data\raw\064_003_002.mp4,64,3,2,59.94,122,1920,1080
C:\Users\AB\Downloads\Sign_Recognition_Model\data\raw\064_003_003.mp4,64,3,3,59.94,122,1920,1080
C:\Users\AB\Downloads\Sign_Recognition_Model\data\raw\064_003_004.mp4,64,3,4,59.94,122,1920,1080
C:\Users\AB\Downloads\Sign_Recognition_Model\data\raw\064_003_005.mp4,64,3,5,59.94,122,1920,1080
C:\Users\AB\Downloads\Sign_Recognition_Model\data\raw\064_004_001.mp4,64,4,1,59.94,122,1920,1080
C:\Users\AB\Downloads\Sign_Recognition_Model\data\raw\064_004_002.mp4,64,4,2,59.94,92,1920,1080
C:\Users\AB\Downloads\Sign_Recognition_Model\data\raw\064_004_003.mp4,64,4,3,59.94,122,1920,1080
C:\Users\AB\Downloads\Sign_Recognition_Model\data\raw\064_004_004.mp4,64,4,4,59.94,122,1920,1080
C:\Users\AB\Downloads\Sign_Recognition_Model\data\raw\064_004_005.mp4,64,4,5,59.94,152,1920,1080
C:\Users\AB\Downloads\Sign_Recognition_Model\data\raw\064_005_001.mp4,64,5,1,59.94,122,1920,1080
C:\Users\AB\Downloads\Sign_Recognition_Model\data\raw\064_005_002.mp4,64,5,2,59.94,122,1920,1080
C:\Users\AB\Downloads\Sign_Recognition_Model\data\raw\064_005_003.mp4,64,5,3,59.94,122,1920,1080
C:\Users\AB\Downloads\Sign_Recognition_Model\data\raw\064_005_004.mp4,64,5,4,59.94,92,1920,1080
C:\Users\AB\Downloads\Sign_Recognition_Model\data\raw\064_005_005.mp4,64,5,5,59.94,122,1920,1080
C:\Users\AB\Downloads\Sign_Recognition_Model\data\raw\064_006_001.mp4,64,6,1,59.94,122,1920,1080
C:\Users\AB\Downloads\Sign_Recognition_Model\data\raw\064_006_002.mp4,64,6,2,59.94,122,1920,1080
C:\Users\AB\Downloads\Sign_Recognition_Model\data\raw\064_006_003.mp4,64,6,3,59.94,122,1920,1080
C:\Users\AB\Downloads\Sign_Recognition_Model\data\raw\064_006_004.mp4,64,6,4,59.94,122,1920,1080
C:\Users\AB\Downloads\Sign_Recognition_Model\data\raw\064_006_005.mp4,64,6,5,59.94,92,1920,1080
C:\Users\AB\Downloads\Sign_Recognition_Model\data\raw\064_007_001.mp4,64,7,1,59.94,92,1920,1080
C:\Users\AB\Downloads\Sign_Recognition_Model\data\raw\064_007_002.mp4,64,7,2,59.94,92,1920,1080
C:\Users\AB\Downloads\Sign_Recognition_Model\data\raw\064_007_003.mp4,64,7,3,59.94,92,1920,1080
C:\Users\AB\Downloads\Sign_Recognition_Model\data\raw\064_007_004.mp4,64,7,4,59.94,92,1920,1080
C:\Users\AB\Downloads\Sign_Recognition_Model\data\raw\064_007_005.mp4,64,7,5,59.94,92,1920,1080
C:\Users\AB\Downloads\Sign_Recognition_Model\data\raw\064_008_001.mp4,64,8,1,59.94,92,1920,1080
C:\Users\AB\Downloads\Sign_Recognition_Model\data\raw\064_008_002.mp4,64,8,2,59.94,92,1920,1080
C:\Users\AB\Downloads\Sign_Recognition_Model\data\raw\064_008_003.mp4,64,8,3,59.94,92,1920,1080
C:\Users\AB\Downloads\Sign_Recognition_Model\data\raw\064_008_004.mp4,64,8,4,59.94,122,1920,1080
C:\Users\AB\Downloads\Sign_Recognition_Model\data\raw\064_008_005.mp4,64,8,5,59.94,92,1920,1080
C:\Users\AB\Downloads\Sign_Recognition_Model\data\raw\064_009_001.mp4,64,9,1,59.94,122,1920,1080
C:\Users\AB\Downloads\Sign_Recognition_Model\data\raw\064_009_002.mp4,64,9,2,59.94,122,1920,1080
C:\Users\AB\Downloads\Sign_Recognition_Model\data\raw\064_009_003.mp4,64,9,3,59.94,122,1920,1080
C:\Users\AB\Downloads\Sign_Recognition_Model\data\raw\064_009_004.mp4,64,9,4,59.94,152,1920,1080
C:\Users\AB\Downloads\Sign_Recognition_Model\data\raw\064_009_005.mp4,64,9,5,59.94,122,1920,1080
C:\Users\AB\Downloads\Sign_Recognition_Model\data\raw\064_010_001.mp4,64,10,1,59.94,122,1920,1080
C:\Users\AB\Downloads\Sign_Recognition_Model\data\raw\064_010_002.mp4,64,10,2,59.94,122,1920,1080
C:\Users\AB\Downloads\Sign_Recognition_Model\data\raw\064_010_003.mp4,64,10,3,59.94,122,1920,1080
C:\Users\AB\Downloads\Sign_Recognition_Model\data\raw\064_010_004.mp4,64,10,4,59.94,92,1920,1080
C:\Users\AB\Downloads\Sign_Recognition_Model\data\raw\064_010_005.mp4,64,10,5,59.94,152,1920,1080
