video_path,label
C:\Users\AB\Downloads\Sign_Recognition_Model\data\raw\045_004_004.mp4,44
C:\Users\AB\Downloads\Sign_Recognition_Model\data\raw\022_002_001.mp4,21
C:\Users\AB\Downloads\Sign_Recognition_Model\data\raw\035_010_002.mp4,34
C:\Users\AB\Downloads\Sign_Recognition_Model\data\raw\028_002_002.mp4,27
C:\Users\AB\Downloads\Sign_Recognition_Model\data\raw\027_010_005.mp4,26
C:\Users\AB\Downloads\Sign_Recognition_Model\data\raw\048_004_005.mp4,47
C:\Users\AB\Downloads\Sign_Recognition_Model\data\raw\045_002_004.mp4,44
C:\Users\AB\Downloads\Sign_Recognition_Model\data\raw\060_006_002.mp4,59
C:\Users\AB\Downloads\Sign_Recognition_Model\data\raw\047_008_001.mp4,46
C:\Users\AB\Downloads\Sign_Recognition_Model\data\raw\016_009_001.mp4,15
C:\Users\AB\Downloads\Sign_Recognition_Model\data\raw\020_010_002.mp4,19
C:\Users\AB\Downloads\Sign_Recognition_Model\data\raw\061_005_003.mp4,60
C:\Users\AB\Downloads\Sign_Recognition_Model\data\raw\021_004_001.mp4,20
C:\Users\AB\Downloads\Sign_Recognition_Model\data\raw\003_004_004.mp4,2
C:\Users\AB\Downloads\Sign_Recognition_Model\data\raw\055_001_002.mp4,54
C:\Users\AB\Downloads\Sign_Recognition_Model\data\raw\043_008_004.mp4,42
C:\Users\AB\Downloads\Sign_Recognition_Model\data\raw\034_004_005.mp4,33
C:\Users\AB\Downloads\Sign_Recognition_Model\data\raw\026_005_004.mp4,25
C:\Users\AB\Downloads\Sign_Recognition_Model\data\raw\019_009_001.mp4,18
C:\Users\AB\Downloads\Sign_Recognition_Model\data\raw\064_006_002.mp4,63
C:\Users\AB\Downloads\Sign_Recognition_Model\data\raw\026_004_003.mp4,25
C:\Users\AB\Downloads\Sign_Recognition_Model\data\raw\037_002_002.mp4,36
C:\Users\AB\Downloads\Sign_Recognition_Model\data\raw\027_002_004.mp4,26
C:\Users\AB\Downloads\Sign_Recognition_Model\data\raw\045_005_002.mp4,44
C:\Users\AB\Downloads\Sign_Recognition_Model\data\raw\002_001_005.mp4,1
C:\Users\AB\Downloads\Sign_Recognition_Model\data\raw\028_001_002.mp4,27
C:\Users\AB\Downloads\Sign_Recognition_Model\data\raw\041_004_004.mp4,40
C:\Users\AB\Downloads\Sign_Recognition_Model\data\raw\053_007_002.mp4,52
C:\Users\AB\Downloads\Sign_Recognition_Model\data\raw\013_003_004.mp4,12
C:\Users\AB\Downloads\Sign_Recognition_Model\data\raw\031_010_002.mp4,30
C:\Users\AB\Downloads\Sign_Recognition_Model\data\raw\058_010_001.mp4,57
C:\Users\AB\Downloads\Sign_Recognition_Model\data\raw\021_010_001.mp4,20
C:\Users\AB\Downloads\Sign_Recognition_Model\data\raw\029_005_001.mp4,28
C:\Users\AB\Downloads\Sign_Recognition_Model\data\raw\031_010_003.mp4,30
C:\Users\AB\Downloads\Sign_Recognition_Model\data\raw\053_007_005.mp4,52
C:\Users\AB\Downloads\Sign_Recognition_Model\data\raw\024_010_005.mp4,23
C:\Users\AB\Downloads\Sign_Recognition_Model\data\raw\053_003_003.mp4,52
C:\Users\AB\Downloads\Sign_Recognition_Model\data\raw\012_004_001.mp4,11
C:\Users\AB\Downloads\Sign_Recognition_Model\data\raw\039_004_005.mp4,38
C:\Users\AB\Downloads\Sign_Recognition_Model\data\raw\061_003_003.mp4,60
C:\Users\AB\Downloads\Sign_Recognition_Model\data\raw\024_004_001.mp4,23
C:\Users\AB\Downloads\Sign_Recognition_Model\data\raw\025_009_002.mp4,24
C:\Users\AB\Downloads\Sign_Recognition_Model\data\raw\037_008_005.mp4,36
C:\Users\AB\Downloads\Sign_Recognition_Model\data\raw\029_002_002.mp4,28
C:\Users\AB\Downloads\Sign_Recognition_Model\data\raw\024_001_003.mp4,23
C:\Users\AB\Downloads\Sign_Recognition_Model\data\raw\039_009_003.mp4,38
C:\Users\AB\Downloads\Sign_Recognition_Model\data\raw\023_007_004.mp4,22
C:\Users\AB\Downloads\Sign_Recognition_Model\data\raw\006_003_004.mp4,5
C:\Users\AB\Downloads\Sign_Recognition_Model\data\raw\024_010_002.mp4,23
C:\Users\AB\Downloads\Sign_Recognition_Model\data\raw\032_001_005.mp4,31
C:\Users\AB\Downloads\Sign_Recognition_Model\data\raw\031_002_004.mp4,30
C:\Users\AB\Downloads\Sign_Recognition_Model\data\raw\023_001_003.mp4,22
C:\Users\AB\Downloads\Sign_Recognition_Model\data\raw\033_001_004.mp4,32
C:\Users\AB\Downloads\Sign_Recognition_Model\data\raw\009_001_002.mp4,8
C:\Users\AB\Downloads\Sign_Recognition_Model\data\raw\027_007_001.mp4,26
C:\Users\AB\Downloads\Sign_Recognition_Model\data\raw\023_010_001.mp4,22
C:\Users\AB\Downloads\Sign_Recognition_Model\data\raw\036_001_003.mp4,35
C:\Users\AB\Downloads\Sign_Recognition_Model\data\raw\060_009_004.mp4,59
C:\Users\AB\Downloads\Sign_Recognition_Model\data\raw\036_005_005.mp4,35
C:\Users\AB\Downloads\Sign_Recognition_Model\data\raw\026_008_005.mp4,25
C:\Users\AB\Downloads\Sign_Recognition_Model\data\raw\036_006_002.mp4,35
C:\Users\AB\Downloads\Sign_Recognition_Model\data\raw\022_009_001.mp4,21
C:\Users\AB\Downloads\Sign_Recognition_Model\data\raw\019_002_002.mp4,18
C:\Users\AB\Downloads\Sign_Recognition_Model\data\raw\022_005_004.mp4,21
C:\Users\AB\Downloads\Sign_Recognition_Model\data\raw\057_002_004.mp4,56
C:\Users\AB\Downloads\Sign_Recognition_Model\data\raw\048_008_004.mp4,47
C:\Users\AB\Downloads\Sign_Recognition_Model\data\raw\059_002_002.mp4,58
C:\Users\AB\Downloads\Sign_Recognition_Model\data\raw\029_006_001.mp4,28
C:\Users\AB\Downloads\Sign_Recognition_Model\data\raw\024_009_003.mp4,23
C:\Users\AB\Downloads\Sign_Recognition_Model\data\raw\056_010_001.mp4,55
C:\Users\AB\Downloads\Sign_Recognition_Model\data\raw\018_010_001.mp4,17
C:\Users\AB\Downloads\Sign_Recognition_Model\data\raw\060_002_001.mp4,59
C:\Users\AB\Downloads\Sign_Recognition_Model\data\raw\061_006_001.mp4,60
C:\Users\AB\Downloads\Sign_Recognition_Model\data\raw\037_008_003.mp4,36
C:\Users\AB\Downloads\Sign_Recognition_Model\data\raw\021_006_005.mp4,20
C:\Users\AB\Downloads\Sign_Recognition_Model\data\raw\017_003_001.mp4,16
C:\Users\AB\Downloads\Sign_Recognition_Model\data\raw\002_003_002.mp4,1
C:\Users\AB\Downloads\Sign_Recognition_Model\data\raw\029_008_002.mp4,28
C:\Users\AB\Downloads\Sign_Recognition_Model\data\raw\025_008_004.mp4,24
C:\Users\AB\Downloads\Sign_Recognition_Model\data\raw\010_002_005.mp4,9
C:\Users\AB\Downloads\Sign_Recognition_Model\data\raw\063_005_005.mp4,62
C:\Users\AB\Downloads\Sign_Recognition_Model\data\raw\047_006_001.mp4,46
C:\Users\AB\Downloads\Sign_Recognition_Model\data\raw\052_008_005.mp4,51
C:\Users\AB\Downloads\Sign_Recognition_Model\data\raw\022_006_003.mp4,21
C:\Users\AB\Downloads\Sign_Recognition_Model\data\raw\028_002_005.mp4,27
C:\Users\AB\Downloads\Sign_Recognition_Model\data\raw\038_003_003.mp4,37
C:\Users\AB\Downloads\Sign_Recognition_Model\data\raw\007_001_005.mp4,6
C:\Users\AB\Downloads\Sign_Recognition_Model\data\raw\047_010_005.mp4,46
C:\Users\AB\Downloads\Sign_Recognition_Model\data\raw\038_003_004.mp4,37
C:\Users\AB\Downloads\Sign_Recognition_Model\data\raw\001_005_002.mp4,0
C:\Users\AB\Downloads\Sign_Recognition_Model\data\raw\008_003_003.mp4,7
C:\Users\AB\Downloads\Sign_Recognition_Model\data\raw\047_004_003.mp4,46
C:\Users\AB\Downloads\Sign_Recognition_Model\data\raw\004_004_004.mp4,3
C:\Users\AB\Downloads\Sign_Recognition_Model\data\raw\051_007_002.mp4,50
C:\Users\AB\Downloads\Sign_Recognition_Model\data\raw\012_009_004.mp4,11
C:\Users\AB\Downloads\Sign_Recognition_Model\data\raw\056_005_004.mp4,55
C:\Users\AB\Downloads\Sign_Recognition_Model\data\raw\026_008_003.mp4,25
C:\Users\AB\Downloads\Sign_Recognition_Model\data\raw\051_010_001.mp4,50
C:\Users\AB\Downloads\Sign_Recognition_Model\data\raw\008_009_005.mp4,7
C:\Users\AB\Downloads\Sign_Recognition_Model\data\raw\062_009_005.mp4,61
C:\Users\AB\Downloads\Sign_Recognition_Model\data\raw\042_007_001.mp4,41
C:\Users\AB\Downloads\Sign_Recognition_Model\data\raw\025_001_003.mp4,24
C:\Users\AB\Downloads\Sign_Recognition_Model\data\raw\061_002_002.mp4,60
C:\Users\AB\Downloads\Sign_Recognition_Model\data\raw\016_009_004.mp4,15
C:\Users\AB\Downloads\Sign_Recognition_Model\data\raw\001_007_005.mp4,0
C:\Users\AB\Downloads\Sign_Recognition_Model\data\raw\002_010_004.mp4,1
C:\Users\AB\Downloads\Sign_Recognition_Model\data\raw\001_001_002.mp4,0
C:\Users\AB\Downloads\Sign_Recognition_Model\data\raw\021_005_001.mp4,20
C:\Users\AB\Downloads\Sign_Recognition_Model\data\raw\015_003_001.mp4,14
C:\Users\AB\Downloads\Sign_Recognition_Model\data\raw\052_005_004.mp4,51
C:\Users\AB\Downloads\Sign_Recognition_Model\data\raw\041_009_001.mp4,40
C:\Users\AB\Downloads\Sign_Recognition_Model\data\raw\011_006_005.mp4,10
C:\Users\AB\Downloads\Sign_Recognition_Model\data\raw\056_006_001.mp4,55
C:\Users\AB\Downloads\Sign_Recognition_Model\data\raw\039_004_002.mp4,38
C:\Users\AB\Downloads\Sign_Recognition_Model\data\raw\022_007_001.mp4,21
C:\Users\AB\Downloads\Sign_Recognition_Model\data\raw\054_005_003.mp4,53
C:\Users\AB\Downloads\Sign_Recognition_Model\data\raw\016_001_002.mp4,15
C:\Users\AB\Downloads\Sign_Recognition_Model\data\raw\020_008_003.mp4,19
C:\Users\AB\Downloads\Sign_Recognition_Model\data\raw\005_002_003.mp4,4
C:\Users\AB\Downloads\Sign_Recognition_Model\data\raw\011_008_004.mp4,10
C:\Users\AB\Downloads\Sign_Recognition_Model\data\raw\063_004_003.mp4,62
C:\Users\AB\Downloads\Sign_Recognition_Model\data\raw\003_004_001.mp4,2
C:\Users\AB\Downloads\Sign_Recognition_Model\data\raw\017_008_005.mp4,16
C:\Users\AB\Downloads\Sign_Recognition_Model\data\raw\014_002_003.mp4,13
C:\Users\AB\Downloads\Sign_Recognition_Model\data\raw\014_007_001.mp4,13
C:\Users\AB\Downloads\Sign_Recognition_Model\data\raw\031_002_003.mp4,30
C:\Users\AB\Downloads\Sign_Recognition_Model\data\raw\033_003_005.mp4,32
C:\Users\AB\Downloads\Sign_Recognition_Model\data\raw\042_005_002.mp4,41
C:\Users\AB\Downloads\Sign_Recognition_Model\data\raw\020_009_003.mp4,19
C:\Users\AB\Downloads\Sign_Recognition_Model\data\raw\008_004_004.mp4,7
C:\Users\AB\Downloads\Sign_Recognition_Model\data\raw\019_004_004.mp4,18
C:\Users\AB\Downloads\Sign_Recognition_Model\data\raw\024_001_001.mp4,23
C:\Users\AB\Downloads\Sign_Recognition_Model\data\raw\041_009_004.mp4,40
C:\Users\AB\Downloads\Sign_Recognition_Model\data\raw\007_009_002.mp4,6
C:\Users\AB\Downloads\Sign_Recognition_Model\data\raw\037_007_004.mp4,36
C:\Users\AB\Downloads\Sign_Recognition_Model\data\raw\050_006_001.mp4,49
C:\Users\AB\Downloads\Sign_Recognition_Model\data\raw\010_007_002.mp4,9
C:\Users\AB\Downloads\Sign_Recognition_Model\data\raw\035_006_001.mp4,34
C:\Users\AB\Downloads\Sign_Recognition_Model\data\raw\042_005_001.mp4,41
C:\Users\AB\Downloads\Sign_Recognition_Model\data\raw\012_005_001.mp4,11
C:\Users\AB\Downloads\Sign_Recognition_Model\data\raw\016_007_005.mp4,15
C:\Users\AB\Downloads\Sign_Recognition_Model\data\raw\034_001_004.mp4,33
C:\Users\AB\Downloads\Sign_Recognition_Model\data\raw\018_004_004.mp4,17
C:\Users\AB\Downloads\Sign_Recognition_Model\data\raw\002_008_004.mp4,1
C:\Users\AB\Downloads\Sign_Recognition_Model\data\raw\020_005_003.mp4,19
C:\Users\AB\Downloads\Sign_Recognition_Model\data\raw\009_004_002.mp4,8
C:\Users\AB\Downloads\Sign_Recognition_Model\data\raw\061_002_001.mp4,60
C:\Users\AB\Downloads\Sign_Recognition_Model\data\raw\057_009_001.mp4,56
C:\Users\AB\Downloads\Sign_Recognition_Model\data\raw\035_005_001.mp4,34
C:\Users\AB\Downloads\Sign_Recognition_Model\data\raw\005_003_001.mp4,4
C:\Users\AB\Downloads\Sign_Recognition_Model\data\raw\030_001_003.mp4,29
C:\Users\AB\Downloads\Sign_Recognition_Model\data\raw\049_001_002.mp4,48
C:\Users\AB\Downloads\Sign_Recognition_Model\data\raw\040_003_001.mp4,39
C:\Users\AB\Downloads\Sign_Recognition_Model\data\raw\026_004_005.mp4,25
C:\Users\AB\Downloads\Sign_Recognition_Model\data\raw\050_003_003.mp4,49
C:\Users\AB\Downloads\Sign_Recognition_Model\data\raw\037_006_003.mp4,36
C:\Users\AB\Downloads\Sign_Recognition_Model\data\raw\054_010_002.mp4,53
C:\Users\AB\Downloads\Sign_Recognition_Model\data\raw\024_001_002.mp4,23
C:\Users\AB\Downloads\Sign_Recognition_Model\data\raw\005_009_003.mp4,4
C:\Users\AB\Downloads\Sign_Recognition_Model\data\raw\005_007_005.mp4,4
C:\Users\AB\Downloads\Sign_Recognition_Model\data\raw\061_004_005.mp4,60
C:\Users\AB\Downloads\Sign_Recognition_Model\data\raw\003_009_005.mp4,2
C:\Users\AB\Downloads\Sign_Recognition_Model\data\raw\011_010_004.mp4,10
C:\Users\AB\Downloads\Sign_Recognition_Model\data\raw\004_007_001.mp4,3
C:\Users\AB\Downloads\Sign_Recognition_Model\data\raw\060_006_003.mp4,59
C:\Users\AB\Downloads\Sign_Recognition_Model\data\raw\028_007_005.mp4,27
C:\Users\AB\Downloads\Sign_Recognition_Model\data\raw\003_003_001.mp4,2
C:\Users\AB\Downloads\Sign_Recognition_Model\data\raw\034_008_003.mp4,33
C:\Users\AB\Downloads\Sign_Recognition_Model\data\raw\007_010_004.mp4,6
C:\Users\AB\Downloads\Sign_Recognition_Model\data\raw\046_006_001.mp4,45
C:\Users\AB\Downloads\Sign_Recognition_Model\data\raw\052_009_005.mp4,51
C:\Users\AB\Downloads\Sign_Recognition_Model\data\raw\057_002_001.mp4,56
C:\Users\AB\Downloads\Sign_Recognition_Model\data\raw\023_002_004.mp4,22
C:\Users\AB\Downloads\Sign_Recognition_Model\data\raw\002_005_003.mp4,1
C:\Users\AB\Downloads\Sign_Recognition_Model\data\raw\004_004_002.mp4,3
C:\Users\AB\Downloads\Sign_Recognition_Model\data\raw\043_003_005.mp4,42
C:\Users\AB\Downloads\Sign_Recognition_Model\data\raw\043_003_001.mp4,42
C:\Users\AB\Downloads\Sign_Recognition_Model\data\raw\058_010_002.mp4,57
C:\Users\AB\Downloads\Sign_Recognition_Model\data\raw\041_006_002.mp4,40
C:\Users\AB\Downloads\Sign_Recognition_Model\data\raw\019_008_005.mp4,18
C:\Users\AB\Downloads\Sign_Recognition_Model\data\raw\046_009_003.mp4,45
C:\Users\AB\Downloads\Sign_Recognition_Model\data\raw\050_004_001.mp4,49
C:\Users\AB\Downloads\Sign_Recognition_Model\data\raw\056_008_004.mp4,55
C:\Users\AB\Downloads\Sign_Recognition_Model\data\raw\001_007_003.mp4,0
C:\Users\AB\Downloads\Sign_Recognition_Model\data\raw\027_006_001.mp4,26
C:\Users\AB\Downloads\Sign_Recognition_Model\data\raw\057_001_003.mp4,56
C:\Users\AB\Downloads\Sign_Recognition_Model\data\raw\021_009_003.mp4,20
C:\Users\AB\Downloads\Sign_Recognition_Model\data\raw\050_007_002.mp4,49
C:\Users\AB\Downloads\Sign_Recognition_Model\data\raw\031_007_003.mp4,30
C:\Users\AB\Downloads\Sign_Recognition_Model\data\raw\051_008_003.mp4,50
C:\Users\AB\Downloads\Sign_Recognition_Model\data\raw\022_008_001.mp4,21
C:\Users\AB\Downloads\Sign_Recognition_Model\data\raw\029_009_001.mp4,28
C:\Users\AB\Downloads\Sign_Recognition_Model\data\raw\027_009_004.mp4,26
C:\Users\AB\Downloads\Sign_Recognition_Model\data\raw\017_005_002.mp4,16
C:\Users\AB\Downloads\Sign_Recognition_Model\data\raw\005_004_001.mp4,4
C:\Users\AB\Downloads\Sign_Recognition_Model\data\raw\015_002_005.mp4,14
C:\Users\AB\Downloads\Sign_Recognition_Model\data\raw\057_004_004.mp4,56
C:\Users\AB\Downloads\Sign_Recognition_Model\data\raw\044_006_002.mp4,43
C:\Users\AB\Downloads\Sign_Recognition_Model\data\raw\004_005_001.mp4,3
C:\Users\AB\Downloads\Sign_Recognition_Model\data\raw\006_010_004.mp4,5
C:\Users\AB\Downloads\Sign_Recognition_Model\data\raw\045_002_002.mp4,44
C:\Users\AB\Downloads\Sign_Recognition_Model\data\raw\007_005_002.mp4,6
C:\Users\AB\Downloads\Sign_Recognition_Model\data\raw\013_007_004.mp4,12
C:\Users\AB\Downloads\Sign_Recognition_Model\data\raw\005_005_004.mp4,4
C:\Users\AB\Downloads\Sign_Recognition_Model\data\raw\029_009_004.mp4,28
C:\Users\AB\Downloads\Sign_Recognition_Model\data\raw\028_001_004.mp4,27
C:\Users\AB\Downloads\Sign_Recognition_Model\data\raw\039_005_003.mp4,38
C:\Users\AB\Downloads\Sign_Recognition_Model\data\raw\005_002_005.mp4,4
C:\Users\AB\Downloads\Sign_Recognition_Model\data\raw\027_009_002.mp4,26
C:\Users\AB\Downloads\Sign_Recognition_Model\data\raw\023_002_002.mp4,22
C:\Users\AB\Downloads\Sign_Recognition_Model\data\raw\012_002_002.mp4,11
C:\Users\AB\Downloads\Sign_Recognition_Model\data\raw\051_004_002.mp4,50
C:\Users\AB\Downloads\Sign_Recognition_Model\data\raw\015_008_003.mp4,14
C:\Users\AB\Downloads\Sign_Recognition_Model\data\raw\015_009_005.mp4,14
C:\Users\AB\Downloads\Sign_Recognition_Model\data\raw\061_007_001.mp4,60
C:\Users\AB\Downloads\Sign_Recognition_Model\data\raw\021_006_002.mp4,20
C:\Users\AB\Downloads\Sign_Recognition_Model\data\raw\001_002_001.mp4,0
C:\Users\AB\Downloads\Sign_Recognition_Model\data\raw\010_008_004.mp4,9
C:\Users\AB\Downloads\Sign_Recognition_Model\data\raw\042_005_005.mp4,41
C:\Users\AB\Downloads\Sign_Recognition_Model\data\raw\001_008_005.mp4,0
C:\Users\AB\Downloads\Sign_Recognition_Model\data\raw\023_003_005.mp4,22
C:\Users\AB\Downloads\Sign_Recognition_Model\data\raw\001_002_002.mp4,0
C:\Users\AB\Downloads\Sign_Recognition_Model\data\raw\015_008_005.mp4,14
C:\Users\AB\Downloads\Sign_Recognition_Model\data\raw\031_001_002.mp4,30
C:\Users\AB\Downloads\Sign_Recognition_Model\data\raw\040_008_003.mp4,39
C:\Users\AB\Downloads\Sign_Recognition_Model\data\raw\028_009_001.mp4,27
C:\Users\AB\Downloads\Sign_Recognition_Model\data\raw\050_008_002.mp4,49
C:\Users\AB\Downloads\Sign_Recognition_Model\data\raw\036_005_002.mp4,35
C:\Users\AB\Downloads\Sign_Recognition_Model\data\raw\028_003_003.mp4,27
C:\Users\AB\Downloads\Sign_Recognition_Model\data\raw\024_005_001.mp4,23
C:\Users\AB\Downloads\Sign_Recognition_Model\data\raw\014_001_002.mp4,13
C:\Users\AB\Downloads\Sign_Recognition_Model\data\raw\014_006_004.mp4,13
C:\Users\AB\Downloads\Sign_Recognition_Model\data\raw\048_005_005.mp4,47
C:\Users\AB\Downloads\Sign_Recognition_Model\data\raw\060_007_004.mp4,59
C:\Users\AB\Downloads\Sign_Recognition_Model\data\raw\046_006_002.mp4,45
C:\Users\AB\Downloads\Sign_Recognition_Model\data\raw\042_010_003.mp4,41
C:\Users\AB\Downloads\Sign_Recognition_Model\data\raw\047_009_004.mp4,46
C:\Users\AB\Downloads\Sign_Recognition_Model\data\raw\037_009_002.mp4,36
C:\Users\AB\Downloads\Sign_Recognition_Model\data\raw\041_008_003.mp4,40
C:\Users\AB\Downloads\Sign_Recognition_Model\data\raw\005_005_002.mp4,4
C:\Users\AB\Downloads\Sign_Recognition_Model\data\raw\037_002_004.mp4,36
C:\Users\AB\Downloads\Sign_Recognition_Model\data\raw\035_010_005.mp4,34
C:\Users\AB\Downloads\Sign_Recognition_Model\data\raw\037_005_003.mp4,36
C:\Users\AB\Downloads\Sign_Recognition_Model\data\raw\037_003_001.mp4,36
C:\Users\AB\Downloads\Sign_Recognition_Model\data\raw\056_008_005.mp4,55
C:\Users\AB\Downloads\Sign_Recognition_Model\data\raw\044_006_001.mp4,43
C:\Users\AB\Downloads\Sign_Recognition_Model\data\raw\056_009_003.mp4,55
C:\Users\AB\Downloads\Sign_Recognition_Model\data\raw\003_004_005.mp4,2
C:\Users\AB\Downloads\Sign_Recognition_Model\data\raw\045_010_001.mp4,44
C:\Users\AB\Downloads\Sign_Recognition_Model\data\raw\007_003_002.mp4,6
C:\Users\AB\Downloads\Sign_Recognition_Model\data\raw\024_009_001.mp4,23
C:\Users\AB\Downloads\Sign_Recognition_Model\data\raw\063_009_003.mp4,62
C:\Users\AB\Downloads\Sign_Recognition_Model\data\raw\056_006_005.mp4,55
C:\Users\AB\Downloads\Sign_Recognition_Model\data\raw\059_006_002.mp4,58
C:\Users\AB\Downloads\Sign_Recognition_Model\data\raw\029_006_005.mp4,28
C:\Users\AB\Downloads\Sign_Recognition_Model\data\raw\040_005_004.mp4,39
C:\Users\AB\Downloads\Sign_Recognition_Model\data\raw\020_006_001.mp4,19
C:\Users\AB\Downloads\Sign_Recognition_Model\data\raw\063_009_001.mp4,62
C:\Users\AB\Downloads\Sign_Recognition_Model\data\raw\019_006_002.mp4,18
C:\Users\AB\Downloads\Sign_Recognition_Model\data\raw\041_006_003.mp4,40
C:\Users\AB\Downloads\Sign_Recognition_Model\data\raw\055_001_003.mp4,54
C:\Users\AB\Downloads\Sign_Recognition_Model\data\raw\022_001_001.mp4,21
C:\Users\AB\Downloads\Sign_Recognition_Model\data\raw\029_007_001.mp4,28
C:\Users\AB\Downloads\Sign_Recognition_Model\data\raw\008_004_005.mp4,7
C:\Users\AB\Downloads\Sign_Recognition_Model\data\raw\028_004_001.mp4,27
C:\Users\AB\Downloads\Sign_Recognition_Model\data\raw\024_010_004.mp4,23
C:\Users\AB\Downloads\Sign_Recognition_Model\data\raw\016_003_005.mp4,15
C:\Users\AB\Downloads\Sign_Recognition_Model\data\raw\063_007_003.mp4,62
C:\Users\AB\Downloads\Sign_Recognition_Model\data\raw\038_009_002.mp4,37
C:\Users\AB\Downloads\Sign_Recognition_Model\data\raw\020_006_002.mp4,19
C:\Users\AB\Downloads\Sign_Recognition_Model\data\raw\038_002_001.mp4,37
C:\Users\AB\Downloads\Sign_Recognition_Model\data\raw\038_002_005.mp4,37
C:\Users\AB\Downloads\Sign_Recognition_Model\data\raw\031_005_001.mp4,30
C:\Users\AB\Downloads\Sign_Recognition_Model\data\raw\009_006_002.mp4,8
C:\Users\AB\Downloads\Sign_Recognition_Model\data\raw\060_010_001.mp4,59
C:\Users\AB\Downloads\Sign_Recognition_Model\data\raw\006_002_004.mp4,5
C:\Users\AB\Downloads\Sign_Recognition_Model\data\raw\035_001_004.mp4,34
C:\Users\AB\Downloads\Sign_Recognition_Model\data\raw\035_003_004.mp4,34
C:\Users\AB\Downloads\Sign_Recognition_Model\data\raw\050_008_001.mp4,49
C:\Users\AB\Downloads\Sign_Recognition_Model\data\raw\053_010_003.mp4,52
C:\Users\AB\Downloads\Sign_Recognition_Model\data\raw\018_009_003.mp4,17
C:\Users\AB\Downloads\Sign_Recognition_Model\data\raw\013_001_001.mp4,12
C:\Users\AB\Downloads\Sign_Recognition_Model\data\raw\061_010_004.mp4,60
C:\Users\AB\Downloads\Sign_Recognition_Model\data\raw\048_003_001.mp4,47
C:\Users\AB\Downloads\Sign_Recognition_Model\data\raw\053_004_005.mp4,52
C:\Users\AB\Downloads\Sign_Recognition_Model\data\raw\026_008_002.mp4,25
C:\Users\AB\Downloads\Sign_Recognition_Model\data\raw\035_002_004.mp4,34
C:\Users\AB\Downloads\Sign_Recognition_Model\data\raw\018_008_005.mp4,17
C:\Users\AB\Downloads\Sign_Recognition_Model\data\raw\063_006_002.mp4,62
C:\Users\AB\Downloads\Sign_Recognition_Model\data\raw\064_007_001.mp4,63
C:\Users\AB\Downloads\Sign_Recognition_Model\data\raw\044_006_003.mp4,43
C:\Users\AB\Downloads\Sign_Recognition_Model\data\raw\058_006_005.mp4,57
C:\Users\AB\Downloads\Sign_Recognition_Model\data\raw\040_002_001.mp4,39
C:\Users\AB\Downloads\Sign_Recognition_Model\data\raw\015_007_002.mp4,14
C:\Users\AB\Downloads\Sign_Recognition_Model\data\raw\064_005_005.mp4,63
C:\Users\AB\Downloads\Sign_Recognition_Model\data\raw\057_002_003.mp4,56
C:\Users\AB\Downloads\Sign_Recognition_Model\data\raw\034_002_002.mp4,33
C:\Users\AB\Downloads\Sign_Recognition_Model\data\raw\007_005_005.mp4,6
C:\Users\AB\Downloads\Sign_Recognition_Model\data\raw\007_010_001.mp4,6
C:\Users\AB\Downloads\Sign_Recognition_Model\data\raw\059_006_003.mp4,58
C:\Users\AB\Downloads\Sign_Recognition_Model\data\raw\064_008_001.mp4,63
C:\Users\AB\Downloads\Sign_Recognition_Model\data\raw\040_001_005.mp4,39
C:\Users\AB\Downloads\Sign_Recognition_Model\data\raw\023_010_004.mp4,22
C:\Users\AB\Downloads\Sign_Recognition_Model\data\raw\039_006_003.mp4,38
C:\Users\AB\Downloads\Sign_Recognition_Model\data\raw\044_003_004.mp4,43
C:\Users\AB\Downloads\Sign_Recognition_Model\data\raw\008_009_001.mp4,7
C:\Users\AB\Downloads\Sign_Recognition_Model\data\raw\020_002_003.mp4,19
C:\Users\AB\Downloads\Sign_Recognition_Model\data\raw\062_004_001.mp4,61
C:\Users\AB\Downloads\Sign_Recognition_Model\data\raw\019_007_004.mp4,18
C:\Users\AB\Downloads\Sign_Recognition_Model\data\raw\021_008_004.mp4,20
C:\Users\AB\Downloads\Sign_Recognition_Model\data\raw\020_007_004.mp4,19
C:\Users\AB\Downloads\Sign_Recognition_Model\data\raw\055_010_003.mp4,54
C:\Users\AB\Downloads\Sign_Recognition_Model\data\raw\031_009_002.mp4,30
C:\Users\AB\Downloads\Sign_Recognition_Model\data\raw\020_004_002.mp4,19
C:\Users\AB\Downloads\Sign_Recognition_Model\data\raw\030_008_003.mp4,29
C:\Users\AB\Downloads\Sign_Recognition_Model\data\raw\035_009_003.mp4,34
C:\Users\AB\Downloads\Sign_Recognition_Model\data\raw\039_004_001.mp4,38
C:\Users\AB\Downloads\Sign_Recognition_Model\data\raw\039_006_004.mp4,38
C:\Users\AB\Downloads\Sign_Recognition_Model\data\raw\039_003_005.mp4,38
C:\Users\AB\Downloads\Sign_Recognition_Model\data\raw\044_001_001.mp4,43
C:\Users\AB\Downloads\Sign_Recognition_Model\data\raw\023_004_005.mp4,22
C:\Users\AB\Downloads\Sign_Recognition_Model\data\raw\055_001_005.mp4,54
C:\Users\AB\Downloads\Sign_Recognition_Model\data\raw\003_005_005.mp4,2
C:\Users\AB\Downloads\Sign_Recognition_Model\data\raw\010_010_003.mp4,9
C:\Users\AB\Downloads\Sign_Recognition_Model\data\raw\018_005_005.mp4,17
C:\Users\AB\Downloads\Sign_Recognition_Model\data\raw\007_008_002.mp4,6
C:\Users\AB\Downloads\Sign_Recognition_Model\data\raw\044_002_005.mp4,43
C:\Users\AB\Downloads\Sign_Recognition_Model\data\raw\033_005_002.mp4,32
C:\Users\AB\Downloads\Sign_Recognition_Model\data\raw\004_010_005.mp4,3
C:\Users\AB\Downloads\Sign_Recognition_Model\data\raw\034_003_002.mp4,33
C:\Users\AB\Downloads\Sign_Recognition_Model\data\raw\024_005_005.mp4,23
C:\Users\AB\Downloads\Sign_Recognition_Model\data\raw\044_005_004.mp4,43
C:\Users\AB\Downloads\Sign_Recognition_Model\data\raw\033_008_004.mp4,32
C:\Users\AB\Downloads\Sign_Recognition_Model\data\raw\005_003_004.mp4,4
C:\Users\AB\Downloads\Sign_Recognition_Model\data\raw\010_009_005.mp4,9
C:\Users\AB\Downloads\Sign_Recognition_Model\data\raw\014_001_004.mp4,13
C:\Users\AB\Downloads\Sign_Recognition_Model\data\raw\007_006_004.mp4,6
C:\Users\AB\Downloads\Sign_Recognition_Model\data\raw\052_010_005.mp4,51
C:\Users\AB\Downloads\Sign_Recognition_Model\data\raw\047_008_005.mp4,46
C:\Users\AB\Downloads\Sign_Recognition_Model\data\raw\033_002_001.mp4,32
C:\Users\AB\Downloads\Sign_Recognition_Model\data\raw\006_002_003.mp4,5
C:\Users\AB\Downloads\Sign_Recognition_Model\data\raw\029_001_001.mp4,28
C:\Users\AB\Downloads\Sign_Recognition_Model\data\raw\043_006_003.mp4,42
C:\Users\AB\Downloads\Sign_Recognition_Model\data\raw\059_004_004.mp4,58
C:\Users\AB\Downloads\Sign_Recognition_Model\data\raw\045_004_005.mp4,44
C:\Users\AB\Downloads\Sign_Recognition_Model\data\raw\004_008_002.mp4,3
C:\Users\AB\Downloads\Sign_Recognition_Model\data\raw\041_004_002.mp4,40
C:\Users\AB\Downloads\Sign_Recognition_Model\data\raw\010_009_001.mp4,9
C:\Users\AB\Downloads\Sign_Recognition_Model\data\raw\056_001_002.mp4,55
C:\Users\AB\Downloads\Sign_Recognition_Model\data\raw\028_006_004.mp4,27
C:\Users\AB\Downloads\Sign_Recognition_Model\data\raw\051_006_003.mp4,50
C:\Users\AB\Downloads\Sign_Recognition_Model\data\raw\001_010_001.mp4,0
C:\Users\AB\Downloads\Sign_Recognition_Model\data\raw\038_003_002.mp4,37
C:\Users\AB\Downloads\Sign_Recognition_Model\data\raw\021_001_002.mp4,20
C:\Users\AB\Downloads\Sign_Recognition_Model\data\raw\003_001_003.mp4,2
C:\Users\AB\Downloads\Sign_Recognition_Model\data\raw\002_006_005.mp4,1
C:\Users\AB\Downloads\Sign_Recognition_Model\data\raw\022_009_003.mp4,21
C:\Users\AB\Downloads\Sign_Recognition_Model\data\raw\061_003_004.mp4,60
C:\Users\AB\Downloads\Sign_Recognition_Model\data\raw\023_005_004.mp4,22
C:\Users\AB\Downloads\Sign_Recognition_Model\data\raw\001_006_003.mp4,0
C:\Users\AB\Downloads\Sign_Recognition_Model\data\raw\052_009_004.mp4,51
C:\Users\AB\Downloads\Sign_Recognition_Model\data\raw\062_004_003.mp4,61
C:\Users\AB\Downloads\Sign_Recognition_Model\data\raw\002_003_005.mp4,1
C:\Users\AB\Downloads\Sign_Recognition_Model\data\raw\054_003_001.mp4,53
C:\Users\AB\Downloads\Sign_Recognition_Model\data\raw\058_001_001.mp4,57
C:\Users\AB\Downloads\Sign_Recognition_Model\data\raw\014_006_002.mp4,13
C:\Users\AB\Downloads\Sign_Recognition_Model\data\raw\033_003_001.mp4,32
C:\Users\AB\Downloads\Sign_Recognition_Model\data\raw\004_003_004.mp4,3
C:\Users\AB\Downloads\Sign_Recognition_Model\data\raw\058_001_002.mp4,57
C:\Users\AB\Downloads\Sign_Recognition_Model\data\raw\049_001_004.mp4,48
C:\Users\AB\Downloads\Sign_Recognition_Model\data\raw\007_004_004.mp4,6
C:\Users\AB\Downloads\Sign_Recognition_Model\data\raw\011_004_003.mp4,10
C:\Users\AB\Downloads\Sign_Recognition_Model\data\raw\003_010_005.mp4,2
C:\Users\AB\Downloads\Sign_Recognition_Model\data\raw\013_007_002.mp4,12
C:\Users\AB\Downloads\Sign_Recognition_Model\data\raw\062_001_004.mp4,61
C:\Users\AB\Downloads\Sign_Recognition_Model\data\raw\032_009_001.mp4,31
C:\Users\AB\Downloads\Sign_Recognition_Model\data\raw\036_008_002.mp4,35
C:\Users\AB\Downloads\Sign_Recognition_Model\data\raw\029_007_002.mp4,28
C:\Users\AB\Downloads\Sign_Recognition_Model\data\raw\059_001_003.mp4,58
C:\Users\AB\Downloads\Sign_Recognition_Model\data\raw\041_005_002.mp4,40
C:\Users\AB\Downloads\Sign_Recognition_Model\data\raw\049_005_004.mp4,48
C:\Users\AB\Downloads\Sign_Recognition_Model\data\raw\032_010_005.mp4,31
C:\Users\AB\Downloads\Sign_Recognition_Model\data\raw\045_004_002.mp4,44
C:\Users\AB\Downloads\Sign_Recognition_Model\data\raw\021_006_003.mp4,20
C:\Users\AB\Downloads\Sign_Recognition_Model\data\raw\036_005_004.mp4,35
C:\Users\AB\Downloads\Sign_Recognition_Model\data\raw\002_006_002.mp4,1
C:\Users\AB\Downloads\Sign_Recognition_Model\data\raw\013_005_004.mp4,12
C:\Users\AB\Downloads\Sign_Recognition_Model\data\raw\021_002_003.mp4,20
C:\Users\AB\Downloads\Sign_Recognition_Model\data\raw\037_007_002.mp4,36
C:\Users\AB\Downloads\Sign_Recognition_Model\data\raw\060_004_004.mp4,59
C:\Users\AB\Downloads\Sign_Recognition_Model\data\raw\010_007_003.mp4,9
C:\Users\AB\Downloads\Sign_Recognition_Model\data\raw\009_009_004.mp4,8
C:\Users\AB\Downloads\Sign_Recognition_Model\data\raw\064_004_005.mp4,63
C:\Users\AB\Downloads\Sign_Recognition_Model\data\raw\054_002_002.mp4,53
C:\Users\AB\Downloads\Sign_Recognition_Model\data\raw\044_001_002.mp4,43
C:\Users\AB\Downloads\Sign_Recognition_Model\data\raw\047_009_001.mp4,46
C:\Users\AB\Downloads\Sign_Recognition_Model\data\raw\009_004_004.mp4,8
C:\Users\AB\Downloads\Sign_Recognition_Model\data\raw\007_001_001.mp4,6
C:\Users\AB\Downloads\Sign_Recognition_Model\data\raw\023_005_001.mp4,22
C:\Users\AB\Downloads\Sign_Recognition_Model\data\raw\046_008_003.mp4,45
C:\Users\AB\Downloads\Sign_Recognition_Model\data\raw\024_009_005.mp4,23
C:\Users\AB\Downloads\Sign_Recognition_Model\data\raw\040_009_005.mp4,39
C:\Users\AB\Downloads\Sign_Recognition_Model\data\raw\057_006_005.mp4,56
C:\Users\AB\Downloads\Sign_Recognition_Model\data\raw\003_001_001.mp4,2
C:\Users\AB\Downloads\Sign_Recognition_Model\data\raw\041_003_003.mp4,40
C:\Users\AB\Downloads\Sign_Recognition_Model\data\raw\027_008_002.mp4,26
C:\Users\AB\Downloads\Sign_Recognition_Model\data\raw\032_010_001.mp4,31
C:\Users\AB\Downloads\Sign_Recognition_Model\data\raw\043_009_003.mp4,42
C:\Users\AB\Downloads\Sign_Recognition_Model\data\raw\059_009_002.mp4,58
C:\Users\AB\Downloads\Sign_Recognition_Model\data\raw\036_008_005.mp4,35
C:\Users\AB\Downloads\Sign_Recognition_Model\data\raw\040_008_004.mp4,39
C:\Users\AB\Downloads\Sign_Recognition_Model\data\raw\013_001_004.mp4,12
C:\Users\AB\Downloads\Sign_Recognition_Model\data\raw\028_006_002.mp4,27
C:\Users\AB\Downloads\Sign_Recognition_Model\data\raw\062_003_003.mp4,61
C:\Users\AB\Downloads\Sign_Recognition_Model\data\raw\056_003_002.mp4,55
C:\Users\AB\Downloads\Sign_Recognition_Model\data\raw\025_001_002.mp4,24
C:\Users\AB\Downloads\Sign_Recognition_Model\data\raw\026_005_001.mp4,25
C:\Users\AB\Downloads\Sign_Recognition_Model\data\raw\031_005_002.mp4,30
C:\Users\AB\Downloads\Sign_Recognition_Model\data\raw\035_006_005.mp4,34
C:\Users\AB\Downloads\Sign_Recognition_Model\data\raw\035_010_003.mp4,34
C:\Users\AB\Downloads\Sign_Recognition_Model\data\raw\017_009_005.mp4,16
C:\Users\AB\Downloads\Sign_Recognition_Model\data\raw\039_004_003.mp4,38
C:\Users\AB\Downloads\Sign_Recognition_Model\data\raw\060_002_003.mp4,59
C:\Users\AB\Downloads\Sign_Recognition_Model\data\raw\064_002_003.mp4,63
C:\Users\AB\Downloads\Sign_Recognition_Model\data\raw\045_009_003.mp4,44
C:\Users\AB\Downloads\Sign_Recognition_Model\data\raw\021_007_001.mp4,20
C:\Users\AB\Downloads\Sign_Recognition_Model\data\raw\020_003_002.mp4,19
C:\Users\AB\Downloads\Sign_Recognition_Model\data\raw\040_003_003.mp4,39
C:\Users\AB\Downloads\Sign_Recognition_Model\data\raw\031_005_005.mp4,30
C:\Users\AB\Downloads\Sign_Recognition_Model\data\raw\014_010_001.mp4,13
C:\Users\AB\Downloads\Sign_Recognition_Model\data\raw\019_010_005.mp4,18
C:\Users\AB\Downloads\Sign_Recognition_Model\data\raw\016_010_001.mp4,15
C:\Users\AB\Downloads\Sign_Recognition_Model\data\raw\001_007_004.mp4,0
C:\Users\AB\Downloads\Sign_Recognition_Model\data\raw\039_001_005.mp4,38
C:\Users\AB\Downloads\Sign_Recognition_Model\data\raw\031_001_001.mp4,30
C:\Users\AB\Downloads\Sign_Recognition_Model\data\raw\005_007_001.mp4,4
C:\Users\AB\Downloads\Sign_Recognition_Model\data\raw\016_006_005.mp4,15
C:\Users\AB\Downloads\Sign_Recognition_Model\data\raw\064_005_004.mp4,63
C:\Users\AB\Downloads\Sign_Recognition_Model\data\raw\051_004_005.mp4,50
C:\Users\AB\Downloads\Sign_Recognition_Model\data\raw\015_003_002.mp4,14
C:\Users\AB\Downloads\Sign_Recognition_Model\data\raw\041_001_003.mp4,40
C:\Users\AB\Downloads\Sign_Recognition_Model\data\raw\013_005_001.mp4,12
C:\Users\AB\Downloads\Sign_Recognition_Model\data\raw\026_001_005.mp4,25
C:\Users\AB\Downloads\Sign_Recognition_Model\data\raw\059_003_003.mp4,58
C:\Users\AB\Downloads\Sign_Recognition_Model\data\raw\017_001_001.mp4,16
C:\Users\AB\Downloads\Sign_Recognition_Model\data\raw\060_001_001.mp4,59
C:\Users\AB\Downloads\Sign_Recognition_Model\data\raw\009_010_002.mp4,8
C:\Users\AB\Downloads\Sign_Recognition_Model\data\raw\051_008_002.mp4,50
C:\Users\AB\Downloads\Sign_Recognition_Model\data\raw\001_008_003.mp4,0
C:\Users\AB\Downloads\Sign_Recognition_Model\data\raw\003_006_001.mp4,2
C:\Users\AB\Downloads\Sign_Recognition_Model\data\raw\003_010_002.mp4,2
C:\Users\AB\Downloads\Sign_Recognition_Model\data\raw\057_010_003.mp4,56
C:\Users\AB\Downloads\Sign_Recognition_Model\data\raw\017_009_003.mp4,16
C:\Users\AB\Downloads\Sign_Recognition_Model\data\raw\004_007_004.mp4,3
C:\Users\AB\Downloads\Sign_Recognition_Model\data\raw\027_004_002.mp4,26
C:\Users\AB\Downloads\Sign_Recognition_Model\data\raw\017_001_002.mp4,16
C:\Users\AB\Downloads\Sign_Recognition_Model\data\raw\031_006_005.mp4,30
C:\Users\AB\Downloads\Sign_Recognition_Model\data\raw\063_001_005.mp4,62
C:\Users\AB\Downloads\Sign_Recognition_Model\data\raw\028_001_001.mp4,27
C:\Users\AB\Downloads\Sign_Recognition_Model\data\raw\064_009_004.mp4,63
C:\Users\AB\Downloads\Sign_Recognition_Model\data\raw\047_008_004.mp4,46
C:\Users\AB\Downloads\Sign_Recognition_Model\data\raw\029_003_003.mp4,28
C:\Users\AB\Downloads\Sign_Recognition_Model\data\raw\015_001_004.mp4,14
C:\Users\AB\Downloads\Sign_Recognition_Model\data\raw\033_008_001.mp4,32
C:\Users\AB\Downloads\Sign_Recognition_Model\data\raw\012_006_003.mp4,11
C:\Users\AB\Downloads\Sign_Recognition_Model\data\raw\036_006_003.mp4,35
C:\Users\AB\Downloads\Sign_Recognition_Model\data\raw\014_001_005.mp4,13
C:\Users\AB\Downloads\Sign_Recognition_Model\data\raw\037_004_005.mp4,36
C:\Users\AB\Downloads\Sign_Recognition_Model\data\raw\041_004_005.mp4,40
C:\Users\AB\Downloads\Sign_Recognition_Model\data\raw\061_001_004.mp4,60
C:\Users\AB\Downloads\Sign_Recognition_Model\data\raw\013_007_005.mp4,12
C:\Users\AB\Downloads\Sign_Recognition_Model\data\raw\054_006_002.mp4,53
C:\Users\AB\Downloads\Sign_Recognition_Model\data\raw\046_010_001.mp4,45
C:\Users\AB\Downloads\Sign_Recognition_Model\data\raw\045_007_002.mp4,44
C:\Users\AB\Downloads\Sign_Recognition_Model\data\raw\025_003_003.mp4,24
C:\Users\AB\Downloads\Sign_Recognition_Model\data\raw\026_002_004.mp4,25
C:\Users\AB\Downloads\Sign_Recognition_Model\data\raw\014_003_005.mp4,13
C:\Users\AB\Downloads\Sign_Recognition_Model\data\raw\014_002_002.mp4,13
C:\Users\AB\Downloads\Sign_Recognition_Model\data\raw\054_004_005.mp4,53
C:\Users\AB\Downloads\Sign_Recognition_Model\data\raw\005_006_005.mp4,4
C:\Users\AB\Downloads\Sign_Recognition_Model\data\raw\021_009_004.mp4,20
C:\Users\AB\Downloads\Sign_Recognition_Model\data\raw\047_002_001.mp4,46
C:\Users\AB\Downloads\Sign_Recognition_Model\data\raw\037_009_005.mp4,36
C:\Users\AB\Downloads\Sign_Recognition_Model\data\raw\056_010_005.mp4,55
C:\Users\AB\Downloads\Sign_Recognition_Model\data\raw\048_006_004.mp4,47
C:\Users\AB\Downloads\Sign_Recognition_Model\data\raw\016_005_004.mp4,15
C:\Users\AB\Downloads\Sign_Recognition_Model\data\raw\062_001_002.mp4,61
C:\Users\AB\Downloads\Sign_Recognition_Model\data\raw\016_004_003.mp4,15
C:\Users\AB\Downloads\Sign_Recognition_Model\data\raw\015_009_002.mp4,14
C:\Users\AB\Downloads\Sign_Recognition_Model\data\raw\055_006_002.mp4,54
C:\Users\AB\Downloads\Sign_Recognition_Model\data\raw\010_010_002.mp4,9
C:\Users\AB\Downloads\Sign_Recognition_Model\data\raw\058_001_003.mp4,57
C:\Users\AB\Downloads\Sign_Recognition_Model\data\raw\047_001_004.mp4,46
C:\Users\AB\Downloads\Sign_Recognition_Model\data\raw\055_010_001.mp4,54
C:\Users\AB\Downloads\Sign_Recognition_Model\data\raw\004_007_003.mp4,3
C:\Users\AB\Downloads\Sign_Recognition_Model\data\raw\033_005_001.mp4,32
C:\Users\AB\Downloads\Sign_Recognition_Model\data\raw\025_009_001.mp4,24
C:\Users\AB\Downloads\Sign_Recognition_Model\data\raw\056_004_004.mp4,55
C:\Users\AB\Downloads\Sign_Recognition_Model\data\raw\024_002_001.mp4,23
C:\Users\AB\Downloads\Sign_Recognition_Model\data\raw\011_001_004.mp4,10
C:\Users\AB\Downloads\Sign_Recognition_Model\data\raw\040_010_004.mp4,39
C:\Users\AB\Downloads\Sign_Recognition_Model\data\raw\023_009_002.mp4,22
C:\Users\AB\Downloads\Sign_Recognition_Model\data\raw\043_009_005.mp4,42
C:\Users\AB\Downloads\Sign_Recognition_Model\data\raw\005_002_004.mp4,4
C:\Users\AB\Downloads\Sign_Recognition_Model\data\raw\012_008_005.mp4,11
C:\Users\AB\Downloads\Sign_Recognition_Model\data\raw\052_002_004.mp4,51
C:\Users\AB\Downloads\Sign_Recognition_Model\data\raw\059_001_005.mp4,58
C:\Users\AB\Downloads\Sign_Recognition_Model\data\raw\009_010_004.mp4,8
C:\Users\AB\Downloads\Sign_Recognition_Model\data\raw\028_001_003.mp4,27
C:\Users\AB\Downloads\Sign_Recognition_Model\data\raw\001_002_004.mp4,0
C:\Users\AB\Downloads\Sign_Recognition_Model\data\raw\040_001_004.mp4,39
C:\Users\AB\Downloads\Sign_Recognition_Model\data\raw\046_001_005.mp4,45
C:\Users\AB\Downloads\Sign_Recognition_Model\data\raw\014_008_004.mp4,13
C:\Users\AB\Downloads\Sign_Recognition_Model\data\raw\028_005_002.mp4,27
C:\Users\AB\Downloads\Sign_Recognition_Model\data\raw\047_009_003.mp4,46
C:\Users\AB\Downloads\Sign_Recognition_Model\data\raw\037_008_001.mp4,36
C:\Users\AB\Downloads\Sign_Recognition_Model\data\raw\006_010_001.mp4,5
C:\Users\AB\Downloads\Sign_Recognition_Model\data\raw\051_009_005.mp4,50
C:\Users\AB\Downloads\Sign_Recognition_Model\data\raw\055_009_002.mp4,54
C:\Users\AB\Downloads\Sign_Recognition_Model\data\raw\042_006_004.mp4,41
C:\Users\AB\Downloads\Sign_Recognition_Model\data\raw\041_009_003.mp4,40
C:\Users\AB\Downloads\Sign_Recognition_Model\data\raw\023_006_003.mp4,22
C:\Users\AB\Downloads\Sign_Recognition_Model\data\raw\035_005_003.mp4,34
C:\Users\AB\Downloads\Sign_Recognition_Model\data\raw\054_006_005.mp4,53
C:\Users\AB\Downloads\Sign_Recognition_Model\data\raw\045_002_003.mp4,44
C:\Users\AB\Downloads\Sign_Recognition_Model\data\raw\020_009_004.mp4,19
C:\Users\AB\Downloads\Sign_Recognition_Model\data\raw\004_005_005.mp4,3
C:\Users\AB\Downloads\Sign_Recognition_Model\data\raw\063_010_004.mp4,62
C:\Users\AB\Downloads\Sign_Recognition_Model\data\raw\031_004_005.mp4,30
C:\Users\AB\Downloads\Sign_Recognition_Model\data\raw\015_005_002.mp4,14
C:\Users\AB\Downloads\Sign_Recognition_Model\data\raw\020_001_001.mp4,19
C:\Users\AB\Downloads\Sign_Recognition_Model\data\raw\018_007_002.mp4,17
C:\Users\AB\Downloads\Sign_Recognition_Model\data\raw\019_002_004.mp4,18
C:\Users\AB\Downloads\Sign_Recognition_Model\data\raw\022_003_005.mp4,21
C:\Users\AB\Downloads\Sign_Recognition_Model\data\raw\051_005_004.mp4,50
C:\Users\AB\Downloads\Sign_Recognition_Model\data\raw\022_002_004.mp4,21
C:\Users\AB\Downloads\Sign_Recognition_Model\data\raw\037_007_003.mp4,36
C:\Users\AB\Downloads\Sign_Recognition_Model\data\raw\045_001_001.mp4,44
C:\Users\AB\Downloads\Sign_Recognition_Model\data\raw\012_009_003.mp4,11
C:\Users\AB\Downloads\Sign_Recognition_Model\data\raw\041_002_002.mp4,40
C:\Users\AB\Downloads\Sign_Recognition_Model\data\raw\064_001_002.mp4,63
C:\Users\AB\Downloads\Sign_Recognition_Model\data\raw\030_003_004.mp4,29
C:\Users\AB\Downloads\Sign_Recognition_Model\data\raw\030_007_003.mp4,29
C:\Users\AB\Downloads\Sign_Recognition_Model\data\raw\053_002_001.mp4,52
C:\Users\AB\Downloads\Sign_Recognition_Model\data\raw\040_007_001.mp4,39
C:\Users\AB\Downloads\Sign_Recognition_Model\data\raw\008_010_004.mp4,7
C:\Users\AB\Downloads\Sign_Recognition_Model\data\raw\056_006_002.mp4,55
C:\Users\AB\Downloads\Sign_Recognition_Model\data\raw\011_005_002.mp4,10
C:\Users\AB\Downloads\Sign_Recognition_Model\data\raw\052_006_005.mp4,51
C:\Users\AB\Downloads\Sign_Recognition_Model\data\raw\036_001_001.mp4,35
C:\Users\AB\Downloads\Sign_Recognition_Model\data\raw\014_006_005.mp4,13
C:\Users\AB\Downloads\Sign_Recognition_Model\data\raw\043_009_002.mp4,42
C:\Users\AB\Downloads\Sign_Recognition_Model\data\raw\003_003_004.mp4,2
C:\Users\AB\Downloads\Sign_Recognition_Model\data\raw\044_003_002.mp4,43
C:\Users\AB\Downloads\Sign_Recognition_Model\data\raw\008_007_004.mp4,7
C:\Users\AB\Downloads\Sign_Recognition_Model\data\raw\001_009_005.mp4,0
C:\Users\AB\Downloads\Sign_Recognition_Model\data\raw\051_008_004.mp4,50
C:\Users\AB\Downloads\Sign_Recognition_Model\data\raw\006_004_005.mp4,5
C:\Users\AB\Downloads\Sign_Recognition_Model\data\raw\046_009_001.mp4,45
C:\Users\AB\Downloads\Sign_Recognition_Model\data\raw\050_005_002.mp4,49
C:\Users\AB\Downloads\Sign_Recognition_Model\data\raw\038_009_001.mp4,37
C:\Users\AB\Downloads\Sign_Recognition_Model\data\raw\032_005_003.mp4,31
C:\Users\AB\Downloads\Sign_Recognition_Model\data\raw\055_006_001.mp4,54
C:\Users\AB\Downloads\Sign_Recognition_Model\data\raw\034_010_001.mp4,33
C:\Users\AB\Downloads\Sign_Recognition_Model\data\raw\060_009_003.mp4,59
C:\Users\AB\Downloads\Sign_Recognition_Model\data\raw\050_002_001.mp4,49
C:\Users\AB\Downloads\Sign_Recognition_Model\data\raw\042_006_005.mp4,41
C:\Users\AB\Downloads\Sign_Recognition_Model\data\raw\002_005_001.mp4,1
C:\Users\AB\Downloads\Sign_Recognition_Model\data\raw\007_007_004.mp4,6
C:\Users\AB\Downloads\Sign_Recognition_Model\data\raw\004_010_004.mp4,3
C:\Users\AB\Downloads\Sign_Recognition_Model\data\raw\032_002_005.mp4,31
C:\Users\AB\Downloads\Sign_Recognition_Model\data\raw\037_006_005.mp4,36
C:\Users\AB\Downloads\Sign_Recognition_Model\data\raw\002_008_003.mp4,1
C:\Users\AB\Downloads\Sign_Recognition_Model\data\raw\051_009_003.mp4,50
C:\Users\AB\Downloads\Sign_Recognition_Model\data\raw\028_005_004.mp4,27
C:\Users\AB\Downloads\Sign_Recognition_Model\data\raw\012_010_001.mp4,11
C:\Users\AB\Downloads\Sign_Recognition_Model\data\raw\059_002_005.mp4,58
C:\Users\AB\Downloads\Sign_Recognition_Model\data\raw\044_005_002.mp4,43
C:\Users\AB\Downloads\Sign_Recognition_Model\data\raw\006_003_002.mp4,5
C:\Users\AB\Downloads\Sign_Recognition_Model\data\raw\051_003_002.mp4,50
C:\Users\AB\Downloads\Sign_Recognition_Model\data\raw\010_007_001.mp4,9
C:\Users\AB\Downloads\Sign_Recognition_Model\data\raw\054_007_003.mp4,53
C:\Users\AB\Downloads\Sign_Recognition_Model\data\raw\012_001_001.mp4,11
C:\Users\AB\Downloads\Sign_Recognition_Model\data\raw\063_002_003.mp4,62
C:\Users\AB\Downloads\Sign_Recognition_Model\data\raw\048_007_001.mp4,47
C:\Users\AB\Downloads\Sign_Recognition_Model\data\raw\011_002_004.mp4,10
C:\Users\AB\Downloads\Sign_Recognition_Model\data\raw\005_008_004.mp4,4
C:\Users\AB\Downloads\Sign_Recognition_Model\data\raw\025_003_005.mp4,24
C:\Users\AB\Downloads\Sign_Recognition_Model\data\raw\029_005_005.mp4,28
C:\Users\AB\Downloads\Sign_Recognition_Model\data\raw\007_006_002.mp4,6
C:\Users\AB\Downloads\Sign_Recognition_Model\data\raw\045_001_004.mp4,44
C:\Users\AB\Downloads\Sign_Recognition_Model\data\raw\026_003_005.mp4,25
C:\Users\AB\Downloads\Sign_Recognition_Model\data\raw\021_001_004.mp4,20
C:\Users\AB\Downloads\Sign_Recognition_Model\data\raw\019_007_001.mp4,18
C:\Users\AB\Downloads\Sign_Recognition_Model\data\raw\020_005_005.mp4,19
C:\Users\AB\Downloads\Sign_Recognition_Model\data\raw\030_005_002.mp4,29
C:\Users\AB\Downloads\Sign_Recognition_Model\data\raw\061_004_004.mp4,60
C:\Users\AB\Downloads\Sign_Recognition_Model\data\raw\011_007_002.mp4,10
C:\Users\AB\Downloads\Sign_Recognition_Model\data\raw\012_006_004.mp4,11
C:\Users\AB\Downloads\Sign_Recognition_Model\data\raw\006_003_003.mp4,5
C:\Users\AB\Downloads\Sign_Recognition_Model\data\raw\015_006_001.mp4,14
C:\Users\AB\Downloads\Sign_Recognition_Model\data\raw\039_001_002.mp4,38
C:\Users\AB\Downloads\Sign_Recognition_Model\data\raw\063_008_002.mp4,62
C:\Users\AB\Downloads\Sign_Recognition_Model\data\raw\021_010_005.mp4,20
C:\Users\AB\Downloads\Sign_Recognition_Model\data\raw\053_004_003.mp4,52
C:\Users\AB\Downloads\Sign_Recognition_Model\data\raw\054_009_001.mp4,53
C:\Users\AB\Downloads\Sign_Recognition_Model\data\raw\053_008_001.mp4,52
C:\Users\AB\Downloads\Sign_Recognition_Model\data\raw\012_009_002.mp4,11
C:\Users\AB\Downloads\Sign_Recognition_Model\data\raw\029_002_004.mp4,28
C:\Users\AB\Downloads\Sign_Recognition_Model\data\raw\052_003_001.mp4,51
C:\Users\AB\Downloads\Sign_Recognition_Model\data\raw\061_002_004.mp4,60
C:\Users\AB\Downloads\Sign_Recognition_Model\data\raw\039_007_003.mp4,38
C:\Users\AB\Downloads\Sign_Recognition_Model\data\raw\047_004_004.mp4,46
C:\Users\AB\Downloads\Sign_Recognition_Model\data\raw\029_002_005.mp4,28
C:\Users\AB\Downloads\Sign_Recognition_Model\data\raw\041_010_004.mp4,40
C:\Users\AB\Downloads\Sign_Recognition_Model\data\raw\021_007_004.mp4,20
C:\Users\AB\Downloads\Sign_Recognition_Model\data\raw\054_005_001.mp4,53
C:\Users\AB\Downloads\Sign_Recognition_Model\data\raw\060_010_003.mp4,59
C:\Users\AB\Downloads\Sign_Recognition_Model\data\raw\014_004_002.mp4,13
C:\Users\AB\Downloads\Sign_Recognition_Model\data\raw\023_005_005.mp4,22
C:\Users\AB\Downloads\Sign_Recognition_Model\data\raw\046_007_001.mp4,45
C:\Users\AB\Downloads\Sign_Recognition_Model\data\raw\057_009_002.mp4,56
C:\Users\AB\Downloads\Sign_Recognition_Model\data\raw\012_002_005.mp4,11
C:\Users\AB\Downloads\Sign_Recognition_Model\data\raw\027_004_001.mp4,26
C:\Users\AB\Downloads\Sign_Recognition_Model\data\raw\013_007_003.mp4,12
C:\Users\AB\Downloads\Sign_Recognition_Model\data\raw\007_006_003.mp4,6
C:\Users\AB\Downloads\Sign_Recognition_Model\data\raw\063_001_003.mp4,62
C:\Users\AB\Downloads\Sign_Recognition_Model\data\raw\026_009_002.mp4,25
C:\Users\AB\Downloads\Sign_Recognition_Model\data\raw\017_004_001.mp4,16
C:\Users\AB\Downloads\Sign_Recognition_Model\data\raw\017_002_004.mp4,16
C:\Users\AB\Downloads\Sign_Recognition_Model\data\raw\049_001_005.mp4,48
C:\Users\AB\Downloads\Sign_Recognition_Model\data\raw\002_003_001.mp4,1
C:\Users\AB\Downloads\Sign_Recognition_Model\data\raw\007_002_004.mp4,6
C:\Users\AB\Downloads\Sign_Recognition_Model\data\raw\056_002_001.mp4,55
C:\Users\AB\Downloads\Sign_Recognition_Model\data\raw\011_005_004.mp4,10
C:\Users\AB\Downloads\Sign_Recognition_Model\data\raw\035_003_005.mp4,34
C:\Users\AB\Downloads\Sign_Recognition_Model\data\raw\019_006_004.mp4,18
C:\Users\AB\Downloads\Sign_Recognition_Model\data\raw\028_007_002.mp4,27
C:\Users\AB\Downloads\Sign_Recognition_Model\data\raw\052_001_002.mp4,51
C:\Users\AB\Downloads\Sign_Recognition_Model\data\raw\011_001_005.mp4,10
C:\Users\AB\Downloads\Sign_Recognition_Model\data\raw\024_002_002.mp4,23
C:\Users\AB\Downloads\Sign_Recognition_Model\data\raw\008_002_001.mp4,7
C:\Users\AB\Downloads\Sign_Recognition_Model\data\raw\050_009_004.mp4,49
C:\Users\AB\Downloads\Sign_Recognition_Model\data\raw\004_010_002.mp4,3
C:\Users\AB\Downloads\Sign_Recognition_Model\data\raw\029_004_001.mp4,28
C:\Users\AB\Downloads\Sign_Recognition_Model\data\raw\002_010_005.mp4,1
C:\Users\AB\Downloads\Sign_Recognition_Model\data\raw\057_010_002.mp4,56
C:\Users\AB\Downloads\Sign_Recognition_Model\data\raw\028_008_005.mp4,27
C:\Users\AB\Downloads\Sign_Recognition_Model\data\raw\062_002_004.mp4,61
C:\Users\AB\Downloads\Sign_Recognition_Model\data\raw\055_007_004.mp4,54
C:\Users\AB\Downloads\Sign_Recognition_Model\data\raw\010_005_003.mp4,9
C:\Users\AB\Downloads\Sign_Recognition_Model\data\raw\033_010_005.mp4,32
C:\Users\AB\Downloads\Sign_Recognition_Model\data\raw\030_004_005.mp4,29
C:\Users\AB\Downloads\Sign_Recognition_Model\data\raw\002_009_001.mp4,1
C:\Users\AB\Downloads\Sign_Recognition_Model\data\raw\062_004_002.mp4,61
C:\Users\AB\Downloads\Sign_Recognition_Model\data\raw\023_004_001.mp4,22
C:\Users\AB\Downloads\Sign_Recognition_Model\data\raw\003_007_001.mp4,2
C:\Users\AB\Downloads\Sign_Recognition_Model\data\raw\026_006_001.mp4,25
C:\Users\AB\Downloads\Sign_Recognition_Model\data\raw\014_005_003.mp4,13
C:\Users\AB\Downloads\Sign_Recognition_Model\data\raw\055_010_002.mp4,54
C:\Users\AB\Downloads\Sign_Recognition_Model\data\raw\017_003_004.mp4,16
C:\Users\AB\Downloads\Sign_Recognition_Model\data\raw\061_009_001.mp4,60
C:\Users\AB\Downloads\Sign_Recognition_Model\data\raw\047_003_002.mp4,46
C:\Users\AB\Downloads\Sign_Recognition_Model\data\raw\021_003_005.mp4,20
C:\Users\AB\Downloads\Sign_Recognition_Model\data\raw\055_008_001.mp4,54
C:\Users\AB\Downloads\Sign_Recognition_Model\data\raw\036_001_005.mp4,35
C:\Users\AB\Downloads\Sign_Recognition_Model\data\raw\022_007_002.mp4,21
C:\Users\AB\Downloads\Sign_Recognition_Model\data\raw\045_010_004.mp4,44
C:\Users\AB\Downloads\Sign_Recognition_Model\data\raw\010_002_004.mp4,9
C:\Users\AB\Downloads\Sign_Recognition_Model\data\raw\019_005_004.mp4,18
C:\Users\AB\Downloads\Sign_Recognition_Model\data\raw\047_006_004.mp4,46
C:\Users\AB\Downloads\Sign_Recognition_Model\data\raw\016_008_005.mp4,15
C:\Users\AB\Downloads\Sign_Recognition_Model\data\raw\022_007_003.mp4,21
C:\Users\AB\Downloads\Sign_Recognition_Model\data\raw\056_007_001.mp4,55
C:\Users\AB\Downloads\Sign_Recognition_Model\data\raw\051_006_002.mp4,50
C:\Users\AB\Downloads\Sign_Recognition_Model\data\raw\052_010_002.mp4,51
C:\Users\AB\Downloads\Sign_Recognition_Model\data\raw\055_004_001.mp4,54
C:\Users\AB\Downloads\Sign_Recognition_Model\data\raw\037_001_003.mp4,36
C:\Users\AB\Downloads\Sign_Recognition_Model\data\raw\026_001_002.mp4,25
C:\Users\AB\Downloads\Sign_Recognition_Model\data\raw\009_008_005.mp4,8
C:\Users\AB\Downloads\Sign_Recognition_Model\data\raw\026_007_001.mp4,25
C:\Users\AB\Downloads\Sign_Recognition_Model\data\raw\047_010_003.mp4,46
C:\Users\AB\Downloads\Sign_Recognition_Model\data\raw\016_002_001.mp4,15
C:\Users\AB\Downloads\Sign_Recognition_Model\data\raw\051_002_001.mp4,50
C:\Users\AB\Downloads\Sign_Recognition_Model\data\raw\050_006_004.mp4,49
C:\Users\AB\Downloads\Sign_Recognition_Model\data\raw\038_007_005.mp4,37
C:\Users\AB\Downloads\Sign_Recognition_Model\data\raw\035_005_002.mp4,34
C:\Users\AB\Downloads\Sign_Recognition_Model\data\raw\054_006_004.mp4,53
C:\Users\AB\Downloads\Sign_Recognition_Model\data\raw\019_001_004.mp4,18
C:\Users\AB\Downloads\Sign_Recognition_Model\data\raw\007_010_002.mp4,6
C:\Users\AB\Downloads\Sign_Recognition_Model\data\raw\050_007_001.mp4,49
C:\Users\AB\Downloads\Sign_Recognition_Model\data\raw\050_010_004.mp4,49
C:\Users\AB\Downloads\Sign_Recognition_Model\data\raw\037_010_001.mp4,36
C:\Users\AB\Downloads\Sign_Recognition_Model\data\raw\026_001_004.mp4,25
C:\Users\AB\Downloads\Sign_Recognition_Model\data\raw\013_009_003.mp4,12
C:\Users\AB\Downloads\Sign_Recognition_Model\data\raw\045_010_005.mp4,44
C:\Users\AB\Downloads\Sign_Recognition_Model\data\raw\058_008_005.mp4,57
C:\Users\AB\Downloads\Sign_Recognition_Model\data\raw\030_008_005.mp4,29
C:\Users\AB\Downloads\Sign_Recognition_Model\data\raw\047_004_005.mp4,46
C:\Users\AB\Downloads\Sign_Recognition_Model\data\raw\030_006_004.mp4,29
C:\Users\AB\Downloads\Sign_Recognition_Model\data\raw\011_001_001.mp4,10
C:\Users\AB\Downloads\Sign_Recognition_Model\data\raw\053_008_003.mp4,52
C:\Users\AB\Downloads\Sign_Recognition_Model\data\raw\053_009_001.mp4,52
C:\Users\AB\Downloads\Sign_Recognition_Model\data\raw\010_003_003.mp4,9
C:\Users\AB\Downloads\Sign_Recognition_Model\data\raw\058_005_001.mp4,57
C:\Users\AB\Downloads\Sign_Recognition_Model\data\raw\034_002_004.mp4,33
C:\Users\AB\Downloads\Sign_Recognition_Model\data\raw\022_003_001.mp4,21
C:\Users\AB\Downloads\Sign_Recognition_Model\data\raw\046_003_004.mp4,45
C:\Users\AB\Downloads\Sign_Recognition_Model\data\raw\029_006_004.mp4,28
C:\Users\AB\Downloads\Sign_Recognition_Model\data\raw\046_004_001.mp4,45
C:\Users\AB\Downloads\Sign_Recognition_Model\data\raw\036_002_004.mp4,35
C:\Users\AB\Downloads\Sign_Recognition_Model\data\raw\005_003_005.mp4,4
C:\Users\AB\Downloads\Sign_Recognition_Model\data\raw\011_009_001.mp4,10
C:\Users\AB\Downloads\Sign_Recognition_Model\data\raw\063_005_002.mp4,62
C:\Users\AB\Downloads\Sign_Recognition_Model\data\raw\038_001_003.mp4,37
C:\Users\AB\Downloads\Sign_Recognition_Model\data\raw\047_010_002.mp4,46
C:\Users\AB\Downloads\Sign_Recognition_Model\data\raw\048_007_004.mp4,47
C:\Users\AB\Downloads\Sign_Recognition_Model\data\raw\064_010_003.mp4,63
C:\Users\AB\Downloads\Sign_Recognition_Model\data\raw\008_008_005.mp4,7
C:\Users\AB\Downloads\Sign_Recognition_Model\data\raw\043_007_001.mp4,42
C:\Users\AB\Downloads\Sign_Recognition_Model\data\raw\038_004_005.mp4,37
C:\Users\AB\Downloads\Sign_Recognition_Model\data\raw\016_004_005.mp4,15
C:\Users\AB\Downloads\Sign_Recognition_Model\data\raw\059_006_004.mp4,58
C:\Users\AB\Downloads\Sign_Recognition_Model\data\raw\033_009_004.mp4,32
C:\Users\AB\Downloads\Sign_Recognition_Model\data\raw\003_005_004.mp4,2
C:\Users\AB\Downloads\Sign_Recognition_Model\data\raw\024_004_004.mp4,23
C:\Users\AB\Downloads\Sign_Recognition_Model\data\raw\057_007_002.mp4,56
C:\Users\AB\Downloads\Sign_Recognition_Model\data\raw\042_002_003.mp4,41
C:\Users\AB\Downloads\Sign_Recognition_Model\data\raw\055_002_005.mp4,54
C:\Users\AB\Downloads\Sign_Recognition_Model\data\raw\046_005_005.mp4,45
C:\Users\AB\Downloads\Sign_Recognition_Model\data\raw\008_008_001.mp4,7
C:\Users\AB\Downloads\Sign_Recognition_Model\data\raw\003_001_002.mp4,2
C:\Users\AB\Downloads\Sign_Recognition_Model\data\raw\041_006_004.mp4,40
C:\Users\AB\Downloads\Sign_Recognition_Model\data\raw\037_001_002.mp4,36
C:\Users\AB\Downloads\Sign_Recognition_Model\data\raw\019_001_005.mp4,18
C:\Users\AB\Downloads\Sign_Recognition_Model\data\raw\030_003_005.mp4,29
C:\Users\AB\Downloads\Sign_Recognition_Model\data\raw\010_008_001.mp4,9
C:\Users\AB\Downloads\Sign_Recognition_Model\data\raw\034_008_002.mp4,33
C:\Users\AB\Downloads\Sign_Recognition_Model\data\raw\036_004_004.mp4,35
C:\Users\AB\Downloads\Sign_Recognition_Model\data\raw\048_002_004.mp4,47
C:\Users\AB\Downloads\Sign_Recognition_Model\data\raw\043_005_005.mp4,42
C:\Users\AB\Downloads\Sign_Recognition_Model\data\raw\024_003_003.mp4,23
C:\Users\AB\Downloads\Sign_Recognition_Model\data\raw\038_004_002.mp4,37
C:\Users\AB\Downloads\Sign_Recognition_Model\data\raw\048_001_004.mp4,47
C:\Users\AB\Downloads\Sign_Recognition_Model\data\raw\031_003_004.mp4,30
C:\Users\AB\Downloads\Sign_Recognition_Model\data\raw\038_006_003.mp4,37
C:\Users\AB\Downloads\Sign_Recognition_Model\data\raw\013_005_005.mp4,12
C:\Users\AB\Downloads\Sign_Recognition_Model\data\raw\057_001_005.mp4,56
C:\Users\AB\Downloads\Sign_Recognition_Model\data\raw\010_008_005.mp4,9
C:\Users\AB\Downloads\Sign_Recognition_Model\data\raw\064_008_003.mp4,63
C:\Users\AB\Downloads\Sign_Recognition_Model\data\raw\047_007_001.mp4,46
C:\Users\AB\Downloads\Sign_Recognition_Model\data\raw\032_009_003.mp4,31
C:\Users\AB\Downloads\Sign_Recognition_Model\data\raw\043_009_004.mp4,42
C:\Users\AB\Downloads\Sign_Recognition_Model\data\raw\033_003_004.mp4,32
C:\Users\AB\Downloads\Sign_Recognition_Model\data\raw\037_004_004.mp4,36
C:\Users\AB\Downloads\Sign_Recognition_Model\data\raw\059_004_002.mp4,58
C:\Users\AB\Downloads\Sign_Recognition_Model\data\raw\048_009_002.mp4,47
C:\Users\AB\Downloads\Sign_Recognition_Model\data\raw\060_003_002.mp4,59
C:\Users\AB\Downloads\Sign_Recognition_Model\data\raw\019_006_001.mp4,18
C:\Users\AB\Downloads\Sign_Recognition_Model\data\raw\053_004_001.mp4,52
C:\Users\AB\Downloads\Sign_Recognition_Model\data\raw\011_007_004.mp4,10
C:\Users\AB\Downloads\Sign_Recognition_Model\data\raw\048_007_005.mp4,47
C:\Users\AB\Downloads\Sign_Recognition_Model\data\raw\052_006_004.mp4,51
C:\Users\AB\Downloads\Sign_Recognition_Model\data\raw\054_010_004.mp4,53
C:\Users\AB\Downloads\Sign_Recognition_Model\data\raw\029_001_004.mp4,28
C:\Users\AB\Downloads\Sign_Recognition_Model\data\raw\063_007_005.mp4,62
C:\Users\AB\Downloads\Sign_Recognition_Model\data\raw\029_006_003.mp4,28
C:\Users\AB\Downloads\Sign_Recognition_Model\data\raw\057_006_004.mp4,56
C:\Users\AB\Downloads\Sign_Recognition_Model\data\raw\035_004_001.mp4,34
C:\Users\AB\Downloads\Sign_Recognition_Model\data\raw\001_003_003.mp4,0
C:\Users\AB\Downloads\Sign_Recognition_Model\data\raw\062_006_001.mp4,61
C:\Users\AB\Downloads\Sign_Recognition_Model\data\raw\007_008_004.mp4,6
C:\Users\AB\Downloads\Sign_Recognition_Model\data\raw\021_005_005.mp4,20
C:\Users\AB\Downloads\Sign_Recognition_Model\data\raw\064_001_003.mp4,63
C:\Users\AB\Downloads\Sign_Recognition_Model\data\raw\004_006_001.mp4,3
C:\Users\AB\Downloads\Sign_Recognition_Model\data\raw\027_003_002.mp4,26
C:\Users\AB\Downloads\Sign_Recognition_Model\data\raw\019_004_001.mp4,18
C:\Users\AB\Downloads\Sign_Recognition_Model\data\raw\052_009_001.mp4,51
C:\Users\AB\Downloads\Sign_Recognition_Model\data\raw\012_003_004.mp4,11
C:\Users\AB\Downloads\Sign_Recognition_Model\data\raw\062_007_001.mp4,61
C:\Users\AB\Downloads\Sign_Recognition_Model\data\raw\055_009_004.mp4,54
C:\Users\AB\Downloads\Sign_Recognition_Model\data\raw\056_003_001.mp4,55
C:\Users\AB\Downloads\Sign_Recognition_Model\data\raw\045_001_002.mp4,44
C:\Users\AB\Downloads\Sign_Recognition_Model\data\raw\032_007_005.mp4,31
C:\Users\AB\Downloads\Sign_Recognition_Model\data\raw\022_001_002.mp4,21
C:\Users\AB\Downloads\Sign_Recognition_Model\data\raw\057_008_001.mp4,56
C:\Users\AB\Downloads\Sign_Recognition_Model\data\raw\028_003_005.mp4,27
C:\Users\AB\Downloads\Sign_Recognition_Model\data\raw\001_010_002.mp4,0
C:\Users\AB\Downloads\Sign_Recognition_Model\data\raw\039_003_004.mp4,38
C:\Users\AB\Downloads\Sign_Recognition_Model\data\raw\055_008_005.mp4,54
C:\Users\AB\Downloads\Sign_Recognition_Model\data\raw\056_006_003.mp4,55
C:\Users\AB\Downloads\Sign_Recognition_Model\data\raw\039_005_005.mp4,38
C:\Users\AB\Downloads\Sign_Recognition_Model\data\raw\018_006_004.mp4,17
C:\Users\AB\Downloads\Sign_Recognition_Model\data\raw\058_005_002.mp4,57
C:\Users\AB\Downloads\Sign_Recognition_Model\data\raw\008_003_002.mp4,7
C:\Users\AB\Downloads\Sign_Recognition_Model\data\raw\046_007_003.mp4,45
C:\Users\AB\Downloads\Sign_Recognition_Model\data\raw\050_003_001.mp4,49
C:\Users\AB\Downloads\Sign_Recognition_Model\data\raw\054_009_002.mp4,53
C:\Users\AB\Downloads\Sign_Recognition_Model\data\raw\039_006_005.mp4,38
C:\Users\AB\Downloads\Sign_Recognition_Model\data\raw\011_003_001.mp4,10
C:\Users\AB\Downloads\Sign_Recognition_Model\data\raw\044_009_003.mp4,43
C:\Users\AB\Downloads\Sign_Recognition_Model\data\raw\059_008_002.mp4,58
C:\Users\AB\Downloads\Sign_Recognition_Model\data\raw\019_009_004.mp4,18
C:\Users\AB\Downloads\Sign_Recognition_Model\data\raw\018_005_003.mp4,17
C:\Users\AB\Downloads\Sign_Recognition_Model\data\raw\020_001_005.mp4,19
C:\Users\AB\Downloads\Sign_Recognition_Model\data\raw\007_002_001.mp4,6
C:\Users\AB\Downloads\Sign_Recognition_Model\data\raw\009_008_001.mp4,8
C:\Users\AB\Downloads\Sign_Recognition_Model\data\raw\053_010_002.mp4,52
C:\Users\AB\Downloads\Sign_Recognition_Model\data\raw\041_003_001.mp4,40
C:\Users\AB\Downloads\Sign_Recognition_Model\data\raw\030_001_002.mp4,29
C:\Users\AB\Downloads\Sign_Recognition_Model\data\raw\036_004_003.mp4,35
C:\Users\AB\Downloads\Sign_Recognition_Model\data\raw\003_006_004.mp4,2
C:\Users\AB\Downloads\Sign_Recognition_Model\data\raw\043_010_004.mp4,42
C:\Users\AB\Downloads\Sign_Recognition_Model\data\raw\003_005_001.mp4,2
C:\Users\AB\Downloads\Sign_Recognition_Model\data\raw\013_007_001.mp4,12
C:\Users\AB\Downloads\Sign_Recognition_Model\data\raw\008_006_005.mp4,7
C:\Users\AB\Downloads\Sign_Recognition_Model\data\raw\018_006_002.mp4,17
C:\Users\AB\Downloads\Sign_Recognition_Model\data\raw\042_002_005.mp4,41
C:\Users\AB\Downloads\Sign_Recognition_Model\data\raw\036_004_005.mp4,35
C:\Users\AB\Downloads\Sign_Recognition_Model\data\raw\042_001_003.mp4,41
C:\Users\AB\Downloads\Sign_Recognition_Model\data\raw\050_004_004.mp4,49
C:\Users\AB\Downloads\Sign_Recognition_Model\data\raw\050_004_002.mp4,49
C:\Users\AB\Downloads\Sign_Recognition_Model\data\raw\001_010_004.mp4,0
C:\Users\AB\Downloads\Sign_Recognition_Model\data\raw\030_010_002.mp4,29
C:\Users\AB\Downloads\Sign_Recognition_Model\data\raw\035_010_001.mp4,34
C:\Users\AB\Downloads\Sign_Recognition_Model\data\raw\003_006_002.mp4,2
C:\Users\AB\Downloads\Sign_Recognition_Model\data\raw\024_007_002.mp4,23
C:\Users\AB\Downloads\Sign_Recognition_Model\data\raw\028_004_004.mp4,27
C:\Users\AB\Downloads\Sign_Recognition_Model\data\raw\039_008_001.mp4,38
C:\Users\AB\Downloads\Sign_Recognition_Model\data\raw\048_002_005.mp4,47
C:\Users\AB\Downloads\Sign_Recognition_Model\data\raw\018_005_004.mp4,17
C:\Users\AB\Downloads\Sign_Recognition_Model\data\raw\016_006_004.mp4,15
C:\Users\AB\Downloads\Sign_Recognition_Model\data\raw\012_002_001.mp4,11
C:\Users\AB\Downloads\Sign_Recognition_Model\data\raw\017_007_001.mp4,16
C:\Users\AB\Downloads\Sign_Recognition_Model\data\raw\048_001_001.mp4,47
C:\Users\AB\Downloads\Sign_Recognition_Model\data\raw\024_003_002.mp4,23
C:\Users\AB\Downloads\Sign_Recognition_Model\data\raw\060_006_004.mp4,59
C:\Users\AB\Downloads\Sign_Recognition_Model\data\raw\022_009_005.mp4,21
C:\Users\AB\Downloads\Sign_Recognition_Model\data\raw\038_010_005.mp4,37
C:\Users\AB\Downloads\Sign_Recognition_Model\data\raw\002_005_005.mp4,1
C:\Users\AB\Downloads\Sign_Recognition_Model\data\raw\035_008_001.mp4,34
C:\Users\AB\Downloads\Sign_Recognition_Model\data\raw\028_001_005.mp4,27
C:\Users\AB\Downloads\Sign_Recognition_Model\data\raw\040_008_001.mp4,39
C:\Users\AB\Downloads\Sign_Recognition_Model\data\raw\045_009_004.mp4,44
C:\Users\AB\Downloads\Sign_Recognition_Model\data\raw\016_002_002.mp4,15
C:\Users\AB\Downloads\Sign_Recognition_Model\data\raw\022_002_005.mp4,21
C:\Users\AB\Downloads\Sign_Recognition_Model\data\raw\009_004_003.mp4,8
C:\Users\AB\Downloads\Sign_Recognition_Model\data\raw\033_010_002.mp4,32
C:\Users\AB\Downloads\Sign_Recognition_Model\data\raw\013_008_001.mp4,12
C:\Users\AB\Downloads\Sign_Recognition_Model\data\raw\032_007_001.mp4,31
C:\Users\AB\Downloads\Sign_Recognition_Model\data\raw\006_010_002.mp4,5
C:\Users\AB\Downloads\Sign_Recognition_Model\data\raw\045_005_004.mp4,44
C:\Users\AB\Downloads\Sign_Recognition_Model\data\raw\028_006_001.mp4,27
C:\Users\AB\Downloads\Sign_Recognition_Model\data\raw\023_006_004.mp4,22
C:\Users\AB\Downloads\Sign_Recognition_Model\data\raw\030_002_002.mp4,29
C:\Users\AB\Downloads\Sign_Recognition_Model\data\raw\048_010_004.mp4,47
C:\Users\AB\Downloads\Sign_Recognition_Model\data\raw\009_005_001.mp4,8
C:\Users\AB\Downloads\Sign_Recognition_Model\data\raw\044_005_005.mp4,43
C:\Users\AB\Downloads\Sign_Recognition_Model\data\raw\013_002_003.mp4,12
C:\Users\AB\Downloads\Sign_Recognition_Model\data\raw\007_005_003.mp4,6
C:\Users\AB\Downloads\Sign_Recognition_Model\data\raw\001_002_005.mp4,0
C:\Users\AB\Downloads\Sign_Recognition_Model\data\raw\042_008_004.mp4,41
C:\Users\AB\Downloads\Sign_Recognition_Model\data\raw\031_002_005.mp4,30
C:\Users\AB\Downloads\Sign_Recognition_Model\data\raw\019_001_001.mp4,18
C:\Users\AB\Downloads\Sign_Recognition_Model\data\raw\029_009_002.mp4,28
C:\Users\AB\Downloads\Sign_Recognition_Model\data\raw\002_001_003.mp4,1
C:\Users\AB\Downloads\Sign_Recognition_Model\data\raw\057_003_005.mp4,56
C:\Users\AB\Downloads\Sign_Recognition_Model\data\raw\011_009_005.mp4,10
C:\Users\AB\Downloads\Sign_Recognition_Model\data\raw\004_010_003.mp4,3
C:\Users\AB\Downloads\Sign_Recognition_Model\data\raw\048_004_001.mp4,47
C:\Users\AB\Downloads\Sign_Recognition_Model\data\raw\049_008_005.mp4,48
C:\Users\AB\Downloads\Sign_Recognition_Model\data\raw\024_005_004.mp4,23
C:\Users\AB\Downloads\Sign_Recognition_Model\data\raw\054_008_002.mp4,53
C:\Users\AB\Downloads\Sign_Recognition_Model\data\raw\006_009_004.mp4,5
C:\Users\AB\Downloads\Sign_Recognition_Model\data\raw\036_007_005.mp4,35
C:\Users\AB\Downloads\Sign_Recognition_Model\data\raw\003_008_001.mp4,2
C:\Users\AB\Downloads\Sign_Recognition_Model\data\raw\054_003_003.mp4,53
C:\Users\AB\Downloads\Sign_Recognition_Model\data\raw\025_005_001.mp4,24
C:\Users\AB\Downloads\Sign_Recognition_Model\data\raw\017_010_001.mp4,16
C:\Users\AB\Downloads\Sign_Recognition_Model\data\raw\004_001_001.mp4,3
C:\Users\AB\Downloads\Sign_Recognition_Model\data\raw\008_006_003.mp4,7
C:\Users\AB\Downloads\Sign_Recognition_Model\data\raw\007_008_003.mp4,6
C:\Users\AB\Downloads\Sign_Recognition_Model\data\raw\054_009_005.mp4,53
C:\Users\AB\Downloads\Sign_Recognition_Model\data\raw\006_008_003.mp4,5
C:\Users\AB\Downloads\Sign_Recognition_Model\data\raw\006_005_002.mp4,5
C:\Users\AB\Downloads\Sign_Recognition_Model\data\raw\043_001_002.mp4,42
C:\Users\AB\Downloads\Sign_Recognition_Model\data\raw\054_008_003.mp4,53
C:\Users\AB\Downloads\Sign_Recognition_Model\data\raw\015_003_005.mp4,14
C:\Users\AB\Downloads\Sign_Recognition_Model\data\raw\061_003_005.mp4,60
C:\Users\AB\Downloads\Sign_Recognition_Model\data\raw\002_009_002.mp4,1
C:\Users\AB\Downloads\Sign_Recognition_Model\data\raw\054_002_001.mp4,53
C:\Users\AB\Downloads\Sign_Recognition_Model\data\raw\016_009_003.mp4,15
C:\Users\AB\Downloads\Sign_Recognition_Model\data\raw\003_003_005.mp4,2
C:\Users\AB\Downloads\Sign_Recognition_Model\data\raw\010_009_004.mp4,9
C:\Users\AB\Downloads\Sign_Recognition_Model\data\raw\045_003_004.mp4,44
C:\Users\AB\Downloads\Sign_Recognition_Model\data\raw\027_010_001.mp4,26
C:\Users\AB\Downloads\Sign_Recognition_Model\data\raw\008_003_004.mp4,7
C:\Users\AB\Downloads\Sign_Recognition_Model\data\raw\018_003_005.mp4,17
C:\Users\AB\Downloads\Sign_Recognition_Model\data\raw\037_001_004.mp4,36
C:\Users\AB\Downloads\Sign_Recognition_Model\data\raw\048_003_002.mp4,47
C:\Users\AB\Downloads\Sign_Recognition_Model\data\raw\022_004_001.mp4,21
C:\Users\AB\Downloads\Sign_Recognition_Model\data\raw\059_007_003.mp4,58
C:\Users\AB\Downloads\Sign_Recognition_Model\data\raw\004_005_003.mp4,3
C:\Users\AB\Downloads\Sign_Recognition_Model\data\raw\062_007_004.mp4,61
C:\Users\AB\Downloads\Sign_Recognition_Model\data\raw\017_001_003.mp4,16
C:\Users\AB\Downloads\Sign_Recognition_Model\data\raw\013_002_001.mp4,12
C:\Users\AB\Downloads\Sign_Recognition_Model\data\raw\022_009_002.mp4,21
C:\Users\AB\Downloads\Sign_Recognition_Model\data\raw\025_005_003.mp4,24
C:\Users\AB\Downloads\Sign_Recognition_Model\data\raw\039_007_005.mp4,38
C:\Users\AB\Downloads\Sign_Recognition_Model\data\raw\017_004_003.mp4,16
C:\Users\AB\Downloads\Sign_Recognition_Model\data\raw\063_002_001.mp4,62
C:\Users\AB\Downloads\Sign_Recognition_Model\data\raw\044_010_003.mp4,43
C:\Users\AB\Downloads\Sign_Recognition_Model\data\raw\016_008_004.mp4,15
C:\Users\AB\Downloads\Sign_Recognition_Model\data\raw\020_006_003.mp4,19
C:\Users\AB\Downloads\Sign_Recognition_Model\data\raw\025_006_005.mp4,24
C:\Users\AB\Downloads\Sign_Recognition_Model\data\raw\023_008_004.mp4,22
C:\Users\AB\Downloads\Sign_Recognition_Model\data\raw\028_002_003.mp4,27
C:\Users\AB\Downloads\Sign_Recognition_Model\data\raw\048_006_005.mp4,47
C:\Users\AB\Downloads\Sign_Recognition_Model\data\raw\025_004_001.mp4,24
C:\Users\AB\Downloads\Sign_Recognition_Model\data\raw\051_006_004.mp4,50
C:\Users\AB\Downloads\Sign_Recognition_Model\data\raw\042_008_001.mp4,41
C:\Users\AB\Downloads\Sign_Recognition_Model\data\raw\053_006_001.mp4,52
C:\Users\AB\Downloads\Sign_Recognition_Model\data\raw\060_001_004.mp4,59
C:\Users\AB\Downloads\Sign_Recognition_Model\data\raw\021_009_001.mp4,20
C:\Users\AB\Downloads\Sign_Recognition_Model\data\raw\014_004_005.mp4,13
C:\Users\AB\Downloads\Sign_Recognition_Model\data\raw\063_003_004.mp4,62
C:\Users\AB\Downloads\Sign_Recognition_Model\data\raw\063_005_003.mp4,62
C:\Users\AB\Downloads\Sign_Recognition_Model\data\raw\042_004_002.mp4,41
C:\Users\AB\Downloads\Sign_Recognition_Model\data\raw\022_001_003.mp4,21
C:\Users\AB\Downloads\Sign_Recognition_Model\data\raw\018_009_001.mp4,17
C:\Users\AB\Downloads\Sign_Recognition_Model\data\raw\032_009_004.mp4,31
C:\Users\AB\Downloads\Sign_Recognition_Model\data\raw\059_003_005.mp4,58
C:\Users\AB\Downloads\Sign_Recognition_Model\data\raw\039_010_002.mp4,38
C:\Users\AB\Downloads\Sign_Recognition_Model\data\raw\031_002_002.mp4,30
C:\Users\AB\Downloads\Sign_Recognition_Model\data\raw\055_005_005.mp4,54
C:\Users\AB\Downloads\Sign_Recognition_Model\data\raw\035_003_001.mp4,34
C:\Users\AB\Downloads\Sign_Recognition_Model\data\raw\017_002_001.mp4,16
C:\Users\AB\Downloads\Sign_Recognition_Model\data\raw\010_003_005.mp4,9
C:\Users\AB\Downloads\Sign_Recognition_Model\data\raw\035_006_004.mp4,34
C:\Users\AB\Downloads\Sign_Recognition_Model\data\raw\030_009_002.mp4,29
C:\Users\AB\Downloads\Sign_Recognition_Model\data\raw\008_006_001.mp4,7
C:\Users\AB\Downloads\Sign_Recognition_Model\data\raw\019_002_001.mp4,18
C:\Users\AB\Downloads\Sign_Recognition_Model\data\raw\016_003_002.mp4,15
C:\Users\AB\Downloads\Sign_Recognition_Model\data\raw\028_008_004.mp4,27
C:\Users\AB\Downloads\Sign_Recognition_Model\data\raw\041_003_002.mp4,40
C:\Users\AB\Downloads\Sign_Recognition_Model\data\raw\015_004_004.mp4,14
C:\Users\AB\Downloads\Sign_Recognition_Model\data\raw\009_008_004.mp4,8
C:\Users\AB\Downloads\Sign_Recognition_Model\data\raw\018_002_002.mp4,17
C:\Users\AB\Downloads\Sign_Recognition_Model\data\raw\031_004_001.mp4,30
C:\Users\AB\Downloads\Sign_Recognition_Model\data\raw\016_010_003.mp4,15
C:\Users\AB\Downloads\Sign_Recognition_Model\data\raw\034_001_005.mp4,33
C:\Users\AB\Downloads\Sign_Recognition_Model\data\raw\005_009_002.mp4,4
C:\Users\AB\Downloads\Sign_Recognition_Model\data\raw\009_004_001.mp4,8
C:\Users\AB\Downloads\Sign_Recognition_Model\data\raw\024_008_004.mp4,23
C:\Users\AB\Downloads\Sign_Recognition_Model\data\raw\050_001_001.mp4,49
C:\Users\AB\Downloads\Sign_Recognition_Model\data\raw\002_004_001.mp4,1
C:\Users\AB\Downloads\Sign_Recognition_Model\data\raw\006_001_005.mp4,5
C:\Users\AB\Downloads\Sign_Recognition_Model\data\raw\009_007_004.mp4,8
C:\Users\AB\Downloads\Sign_Recognition_Model\data\raw\041_009_002.mp4,40
C:\Users\AB\Downloads\Sign_Recognition_Model\data\raw\059_010_003.mp4,58
C:\Users\AB\Downloads\Sign_Recognition_Model\data\raw\009_004_005.mp4,8
C:\Users\AB\Downloads\Sign_Recognition_Model\data\raw\002_006_004.mp4,1
C:\Users\AB\Downloads\Sign_Recognition_Model\data\raw\011_008_001.mp4,10
C:\Users\AB\Downloads\Sign_Recognition_Model\data\raw\051_007_003.mp4,50
C:\Users\AB\Downloads\Sign_Recognition_Model\data\raw\017_010_002.mp4,16
C:\Users\AB\Downloads\Sign_Recognition_Model\data\raw\002_007_001.mp4,1
C:\Users\AB\Downloads\Sign_Recognition_Model\data\raw\034_003_001.mp4,33
C:\Users\AB\Downloads\Sign_Recognition_Model\data\raw\063_001_002.mp4,62
C:\Users\AB\Downloads\Sign_Recognition_Model\data\raw\043_007_005.mp4,42
C:\Users\AB\Downloads\Sign_Recognition_Model\data\raw\005_010_004.mp4,4
C:\Users\AB\Downloads\Sign_Recognition_Model\data\raw\022_010_002.mp4,21
C:\Users\AB\Downloads\Sign_Recognition_Model\data\raw\033_006_002.mp4,32
C:\Users\AB\Downloads\Sign_Recognition_Model\data\raw\002_010_002.mp4,1
C:\Users\AB\Downloads\Sign_Recognition_Model\data\raw\057_010_001.mp4,56
C:\Users\AB\Downloads\Sign_Recognition_Model\data\raw\054_003_002.mp4,53
C:\Users\AB\Downloads\Sign_Recognition_Model\data\raw\037_008_004.mp4,36
C:\Users\AB\Downloads\Sign_Recognition_Model\data\raw\040_008_005.mp4,39
C:\Users\AB\Downloads\Sign_Recognition_Model\data\raw\038_001_001.mp4,37
C:\Users\AB\Downloads\Sign_Recognition_Model\data\raw\063_006_001.mp4,62
C:\Users\AB\Downloads\Sign_Recognition_Model\data\raw\011_002_002.mp4,10
C:\Users\AB\Downloads\Sign_Recognition_Model\data\raw\033_003_002.mp4,32
C:\Users\AB\Downloads\Sign_Recognition_Model\data\raw\034_009_002.mp4,33
C:\Users\AB\Downloads\Sign_Recognition_Model\data\raw\025_007_005.mp4,24
C:\Users\AB\Downloads\Sign_Recognition_Model\data\raw\040_006_001.mp4,39
C:\Users\AB\Downloads\Sign_Recognition_Model\data\raw\027_001_004.mp4,26
C:\Users\AB\Downloads\Sign_Recognition_Model\data\raw\027_003_005.mp4,26
C:\Users\AB\Downloads\Sign_Recognition_Model\data\raw\027_006_003.mp4,26
C:\Users\AB\Downloads\Sign_Recognition_Model\data\raw\055_006_003.mp4,54
C:\Users\AB\Downloads\Sign_Recognition_Model\data\raw\011_004_004.mp4,10
C:\Users\AB\Downloads\Sign_Recognition_Model\data\raw\055_004_002.mp4,54
C:\Users\AB\Downloads\Sign_Recognition_Model\data\raw\042_008_003.mp4,41
C:\Users\AB\Downloads\Sign_Recognition_Model\data\raw\036_010_005.mp4,35
C:\Users\AB\Downloads\Sign_Recognition_Model\data\raw\030_009_001.mp4,29
C:\Users\AB\Downloads\Sign_Recognition_Model\data\raw\040_001_002.mp4,39
C:\Users\AB\Downloads\Sign_Recognition_Model\data\raw\063_006_004.mp4,62
C:\Users\AB\Downloads\Sign_Recognition_Model\data\raw\004_001_003.mp4,3
C:\Users\AB\Downloads\Sign_Recognition_Model\data\raw\054_007_004.mp4,53
C:\Users\AB\Downloads\Sign_Recognition_Model\data\raw\041_001_001.mp4,40
C:\Users\AB\Downloads\Sign_Recognition_Model\data\raw\043_001_003.mp4,42
C:\Users\AB\Downloads\Sign_Recognition_Model\data\raw\063_008_005.mp4,62
C:\Users\AB\Downloads\Sign_Recognition_Model\data\raw\020_007_002.mp4,19
C:\Users\AB\Downloads\Sign_Recognition_Model\data\raw\061_009_003.mp4,60
C:\Users\AB\Downloads\Sign_Recognition_Model\data\raw\023_009_004.mp4,22
C:\Users\AB\Downloads\Sign_Recognition_Model\data\raw\011_005_005.mp4,10
C:\Users\AB\Downloads\Sign_Recognition_Model\data\raw\025_007_001.mp4,24
C:\Users\AB\Downloads\Sign_Recognition_Model\data\raw\053_010_001.mp4,52
C:\Users\AB\Downloads\Sign_Recognition_Model\data\raw\035_005_005.mp4,34
C:\Users\AB\Downloads\Sign_Recognition_Model\data\raw\006_008_001.mp4,5
C:\Users\AB\Downloads\Sign_Recognition_Model\data\raw\034_003_004.mp4,33
C:\Users\AB\Downloads\Sign_Recognition_Model\data\raw\023_008_005.mp4,22
C:\Users\AB\Downloads\Sign_Recognition_Model\data\raw\027_006_002.mp4,26
C:\Users\AB\Downloads\Sign_Recognition_Model\data\raw\018_001_004.mp4,17
C:\Users\AB\Downloads\Sign_Recognition_Model\data\raw\002_004_004.mp4,1
C:\Users\AB\Downloads\Sign_Recognition_Model\data\raw\007_003_003.mp4,6
C:\Users\AB\Downloads\Sign_Recognition_Model\data\raw\048_004_003.mp4,47
C:\Users\AB\Downloads\Sign_Recognition_Model\data\raw\047_007_003.mp4,46
C:\Users\AB\Downloads\Sign_Recognition_Model\data\raw\019_009_002.mp4,18
C:\Users\AB\Downloads\Sign_Recognition_Model\data\raw\026_007_005.mp4,25
C:\Users\AB\Downloads\Sign_Recognition_Model\data\raw\049_003_005.mp4,48
C:\Users\AB\Downloads\Sign_Recognition_Model\data\raw\053_006_005.mp4,52
C:\Users\AB\Downloads\Sign_Recognition_Model\data\raw\045_006_002.mp4,44
C:\Users\AB\Downloads\Sign_Recognition_Model\data\raw\057_005_005.mp4,56
C:\Users\AB\Downloads\Sign_Recognition_Model\data\raw\063_002_005.mp4,62
C:\Users\AB\Downloads\Sign_Recognition_Model\data\raw\055_001_001.mp4,54
C:\Users\AB\Downloads\Sign_Recognition_Model\data\raw\009_003_002.mp4,8
C:\Users\AB\Downloads\Sign_Recognition_Model\data\raw\052_004_004.mp4,51
C:\Users\AB\Downloads\Sign_Recognition_Model\data\raw\009_001_003.mp4,8
C:\Users\AB\Downloads\Sign_Recognition_Model\data\raw\050_001_005.mp4,49
C:\Users\AB\Downloads\Sign_Recognition_Model\data\raw\049_001_001.mp4,48
C:\Users\AB\Downloads\Sign_Recognition_Model\data\raw\042_002_002.mp4,41
C:\Users\AB\Downloads\Sign_Recognition_Model\data\raw\043_004_002.mp4,42
C:\Users\AB\Downloads\Sign_Recognition_Model\data\raw\054_007_002.mp4,53
C:\Users\AB\Downloads\Sign_Recognition_Model\data\raw\047_001_005.mp4,46
C:\Users\AB\Downloads\Sign_Recognition_Model\data\raw\030_002_004.mp4,29
C:\Users\AB\Downloads\Sign_Recognition_Model\data\raw\037_009_003.mp4,36
C:\Users\AB\Downloads\Sign_Recognition_Model\data\raw\064_009_005.mp4,63
C:\Users\AB\Downloads\Sign_Recognition_Model\data\raw\055_006_004.mp4,54
C:\Users\AB\Downloads\Sign_Recognition_Model\data\raw\008_008_002.mp4,7
C:\Users\AB\Downloads\Sign_Recognition_Model\data\raw\032_008_001.mp4,31
C:\Users\AB\Downloads\Sign_Recognition_Model\data\raw\012_006_001.mp4,11
C:\Users\AB\Downloads\Sign_Recognition_Model\data\raw\008_003_005.mp4,7
C:\Users\AB\Downloads\Sign_Recognition_Model\data\raw\048_004_002.mp4,47
C:\Users\AB\Downloads\Sign_Recognition_Model\data\raw\003_008_002.mp4,2
C:\Users\AB\Downloads\Sign_Recognition_Model\data\raw\061_010_002.mp4,60
C:\Users\AB\Downloads\Sign_Recognition_Model\data\raw\049_007_005.mp4,48
C:\Users\AB\Downloads\Sign_Recognition_Model\data\raw\014_001_003.mp4,13
C:\Users\AB\Downloads\Sign_Recognition_Model\data\raw\034_004_003.mp4,33
C:\Users\AB\Downloads\Sign_Recognition_Model\data\raw\027_005_004.mp4,26
C:\Users\AB\Downloads\Sign_Recognition_Model\data\raw\056_002_005.mp4,55
C:\Users\AB\Downloads\Sign_Recognition_Model\data\raw\011_006_003.mp4,10
C:\Users\AB\Downloads\Sign_Recognition_Model\data\raw\064_002_001.mp4,63
C:\Users\AB\Downloads\Sign_Recognition_Model\data\raw\037_008_002.mp4,36
C:\Users\AB\Downloads\Sign_Recognition_Model\data\raw\005_003_003.mp4,4
C:\Users\AB\Downloads\Sign_Recognition_Model\data\raw\028_002_004.mp4,27
C:\Users\AB\Downloads\Sign_Recognition_Model\data\raw\036_010_001.mp4,35
C:\Users\AB\Downloads\Sign_Recognition_Model\data\raw\001_004_001.mp4,0
C:\Users\AB\Downloads\Sign_Recognition_Model\data\raw\043_004_005.mp4,42
C:\Users\AB\Downloads\Sign_Recognition_Model\data\raw\020_010_004.mp4,19
C:\Users\AB\Downloads\Sign_Recognition_Model\data\raw\007_006_005.mp4,6
C:\Users\AB\Downloads\Sign_Recognition_Model\data\raw\037_005_002.mp4,36
C:\Users\AB\Downloads\Sign_Recognition_Model\data\raw\051_001_003.mp4,50
C:\Users\AB\Downloads\Sign_Recognition_Model\data\raw\005_010_002.mp4,4
C:\Users\AB\Downloads\Sign_Recognition_Model\data\raw\017_003_003.mp4,16
C:\Users\AB\Downloads\Sign_Recognition_Model\data\raw\006_001_002.mp4,5
C:\Users\AB\Downloads\Sign_Recognition_Model\data\raw\003_005_002.mp4,2
C:\Users\AB\Downloads\Sign_Recognition_Model\data\raw\023_003_004.mp4,22
C:\Users\AB\Downloads\Sign_Recognition_Model\data\raw\043_007_003.mp4,42
C:\Users\AB\Downloads\Sign_Recognition_Model\data\raw\030_008_004.mp4,29
C:\Users\AB\Downloads\Sign_Recognition_Model\data\raw\013_008_004.mp4,12
C:\Users\AB\Downloads\Sign_Recognition_Model\data\raw\034_005_002.mp4,33
C:\Users\AB\Downloads\Sign_Recognition_Model\data\raw\015_005_003.mp4,14
C:\Users\AB\Downloads\Sign_Recognition_Model\data\raw\038_008_004.mp4,37
C:\Users\AB\Downloads\Sign_Recognition_Model\data\raw\059_005_002.mp4,58
C:\Users\AB\Downloads\Sign_Recognition_Model\data\raw\059_008_003.mp4,58
C:\Users\AB\Downloads\Sign_Recognition_Model\data\raw\046_003_002.mp4,45
C:\Users\AB\Downloads\Sign_Recognition_Model\data\raw\032_007_002.mp4,31
C:\Users\AB\Downloads\Sign_Recognition_Model\data\raw\064_003_003.mp4,63
C:\Users\AB\Downloads\Sign_Recognition_Model\data\raw\062_010_005.mp4,61
C:\Users\AB\Downloads\Sign_Recognition_Model\data\raw\024_007_004.mp4,23
C:\Users\AB\Downloads\Sign_Recognition_Model\data\raw\010_001_001.mp4,9
C:\Users\AB\Downloads\Sign_Recognition_Model\data\raw\031_006_002.mp4,30
C:\Users\AB\Downloads\Sign_Recognition_Model\data\raw\064_003_004.mp4,63
C:\Users\AB\Downloads\Sign_Recognition_Model\data\raw\022_010_003.mp4,21
C:\Users\AB\Downloads\Sign_Recognition_Model\data\raw\004_002_004.mp4,3
C:\Users\AB\Downloads\Sign_Recognition_Model\data\raw\063_009_005.mp4,62
C:\Users\AB\Downloads\Sign_Recognition_Model\data\raw\007_002_005.mp4,6
C:\Users\AB\Downloads\Sign_Recognition_Model\data\raw\035_008_003.mp4,34
C:\Users\AB\Downloads\Sign_Recognition_Model\data\raw\009_002_002.mp4,8
C:\Users\AB\Downloads\Sign_Recognition_Model\data\raw\034_010_003.mp4,33
C:\Users\AB\Downloads\Sign_Recognition_Model\data\raw\041_010_005.mp4,40
C:\Users\AB\Downloads\Sign_Recognition_Model\data\raw\006_004_004.mp4,5
C:\Users\AB\Downloads\Sign_Recognition_Model\data\raw\040_009_002.mp4,39
C:\Users\AB\Downloads\Sign_Recognition_Model\data\raw\050_006_005.mp4,49
C:\Users\AB\Downloads\Sign_Recognition_Model\data\raw\040_003_004.mp4,39
C:\Users\AB\Downloads\Sign_Recognition_Model\data\raw\031_002_001.mp4,30
C:\Users\AB\Downloads\Sign_Recognition_Model\data\raw\058_003_003.mp4,57
C:\Users\AB\Downloads\Sign_Recognition_Model\data\raw\026_003_001.mp4,25
C:\Users\AB\Downloads\Sign_Recognition_Model\data\raw\050_001_003.mp4,49
C:\Users\AB\Downloads\Sign_Recognition_Model\data\raw\056_004_005.mp4,55
C:\Users\AB\Downloads\Sign_Recognition_Model\data\raw\025_002_005.mp4,24
C:\Users\AB\Downloads\Sign_Recognition_Model\data\raw\017_007_005.mp4,16
C:\Users\AB\Downloads\Sign_Recognition_Model\data\raw\062_006_004.mp4,61
C:\Users\AB\Downloads\Sign_Recognition_Model\data\raw\033_004_004.mp4,32
C:\Users\AB\Downloads\Sign_Recognition_Model\data\raw\004_003_001.mp4,3
C:\Users\AB\Downloads\Sign_Recognition_Model\data\raw\040_009_004.mp4,39
C:\Users\AB\Downloads\Sign_Recognition_Model\data\raw\047_002_003.mp4,46
C:\Users\AB\Downloads\Sign_Recognition_Model\data\raw\050_008_004.mp4,49
C:\Users\AB\Downloads\Sign_Recognition_Model\data\raw\014_003_003.mp4,13
C:\Users\AB\Downloads\Sign_Recognition_Model\data\raw\015_008_004.mp4,14
C:\Users\AB\Downloads\Sign_Recognition_Model\data\raw\017_008_002.mp4,16
C:\Users\AB\Downloads\Sign_Recognition_Model\data\raw\029_009_005.mp4,28
C:\Users\AB\Downloads\Sign_Recognition_Model\data\raw\013_010_004.mp4,12
C:\Users\AB\Downloads\Sign_Recognition_Model\data\raw\049_008_002.mp4,48
C:\Users\AB\Downloads\Sign_Recognition_Model\data\raw\043_005_004.mp4,42
C:\Users\AB\Downloads\Sign_Recognition_Model\data\raw\051_001_001.mp4,50
C:\Users\AB\Downloads\Sign_Recognition_Model\data\raw\039_007_004.mp4,38
C:\Users\AB\Downloads\Sign_Recognition_Model\data\raw\050_005_003.mp4,49
C:\Users\AB\Downloads\Sign_Recognition_Model\data\raw\035_009_004.mp4,34
C:\Users\AB\Downloads\Sign_Recognition_Model\data\raw\046_004_003.mp4,45
C:\Users\AB\Downloads\Sign_Recognition_Model\data\raw\013_004_005.mp4,12
C:\Users\AB\Downloads\Sign_Recognition_Model\data\raw\032_002_001.mp4,31
C:\Users\AB\Downloads\Sign_Recognition_Model\data\raw\032_009_002.mp4,31
C:\Users\AB\Downloads\Sign_Recognition_Model\data\raw\026_004_001.mp4,25
C:\Users\AB\Downloads\Sign_Recognition_Model\data\raw\021_004_004.mp4,20
C:\Users\AB\Downloads\Sign_Recognition_Model\data\raw\062_004_005.mp4,61
C:\Users\AB\Downloads\Sign_Recognition_Model\data\raw\015_001_002.mp4,14
C:\Users\AB\Downloads\Sign_Recognition_Model\data\raw\029_001_003.mp4,28
C:\Users\AB\Downloads\Sign_Recognition_Model\data\raw\046_007_005.mp4,45
C:\Users\AB\Downloads\Sign_Recognition_Model\data\raw\062_006_002.mp4,61
C:\Users\AB\Downloads\Sign_Recognition_Model\data\raw\006_007_002.mp4,5
C:\Users\AB\Downloads\Sign_Recognition_Model\data\raw\010_004_004.mp4,9
C:\Users\AB\Downloads\Sign_Recognition_Model\data\raw\029_002_001.mp4,28
C:\Users\AB\Downloads\Sign_Recognition_Model\data\raw\038_002_004.mp4,37
C:\Users\AB\Downloads\Sign_Recognition_Model\data\raw\026_005_005.mp4,25
C:\Users\AB\Downloads\Sign_Recognition_Model\data\raw\027_009_005.mp4,26
C:\Users\AB\Downloads\Sign_Recognition_Model\data\raw\062_003_005.mp4,61
C:\Users\AB\Downloads\Sign_Recognition_Model\data\raw\022_007_004.mp4,21
C:\Users\AB\Downloads\Sign_Recognition_Model\data\raw\061_002_003.mp4,60
C:\Users\AB\Downloads\Sign_Recognition_Model\data\raw\062_009_002.mp4,61
C:\Users\AB\Downloads\Sign_Recognition_Model\data\raw\024_003_005.mp4,23
C:\Users\AB\Downloads\Sign_Recognition_Model\data\raw\003_001_004.mp4,2
C:\Users\AB\Downloads\Sign_Recognition_Model\data\raw\044_001_003.mp4,43
C:\Users\AB\Downloads\Sign_Recognition_Model\data\raw\002_009_005.mp4,1
C:\Users\AB\Downloads\Sign_Recognition_Model\data\raw\025_003_004.mp4,24
C:\Users\AB\Downloads\Sign_Recognition_Model\data\raw\055_003_005.mp4,54
C:\Users\AB\Downloads\Sign_Recognition_Model\data\raw\060_001_003.mp4,59
C:\Users\AB\Downloads\Sign_Recognition_Model\data\raw\044_002_002.mp4,43
C:\Users\AB\Downloads\Sign_Recognition_Model\data\raw\028_003_004.mp4,27
C:\Users\AB\Downloads\Sign_Recognition_Model\data\raw\002_008_002.mp4,1
C:\Users\AB\Downloads\Sign_Recognition_Model\data\raw\006_009_003.mp4,5
C:\Users\AB\Downloads\Sign_Recognition_Model\data\raw\056_005_001.mp4,55
C:\Users\AB\Downloads\Sign_Recognition_Model\data\raw\055_002_001.mp4,54
C:\Users\AB\Downloads\Sign_Recognition_Model\data\raw\043_003_003.mp4,42
C:\Users\AB\Downloads\Sign_Recognition_Model\data\raw\032_006_004.mp4,31
C:\Users\AB\Downloads\Sign_Recognition_Model\data\raw\017_006_001.mp4,16
C:\Users\AB\Downloads\Sign_Recognition_Model\data\raw\039_005_004.mp4,38
C:\Users\AB\Downloads\Sign_Recognition_Model\data\raw\056_006_004.mp4,55
C:\Users\AB\Downloads\Sign_Recognition_Model\data\raw\062_007_002.mp4,61
C:\Users\AB\Downloads\Sign_Recognition_Model\data\raw\058_009_003.mp4,57
C:\Users\AB\Downloads\Sign_Recognition_Model\data\raw\014_003_002.mp4,13
C:\Users\AB\Downloads\Sign_Recognition_Model\data\raw\035_002_002.mp4,34
C:\Users\AB\Downloads\Sign_Recognition_Model\data\raw\022_008_003.mp4,21
C:\Users\AB\Downloads\Sign_Recognition_Model\data\raw\009_003_003.mp4,8
C:\Users\AB\Downloads\Sign_Recognition_Model\data\raw\054_001_005.mp4,53
C:\Users\AB\Downloads\Sign_Recognition_Model\data\raw\005_006_002.mp4,4
C:\Users\AB\Downloads\Sign_Recognition_Model\data\raw\052_002_001.mp4,51
C:\Users\AB\Downloads\Sign_Recognition_Model\data\raw\041_002_005.mp4,40
C:\Users\AB\Downloads\Sign_Recognition_Model\data\raw\030_001_004.mp4,29
C:\Users\AB\Downloads\Sign_Recognition_Model\data\raw\052_002_003.mp4,51
C:\Users\AB\Downloads\Sign_Recognition_Model\data\raw\044_006_005.mp4,43
C:\Users\AB\Downloads\Sign_Recognition_Model\data\raw\046_002_005.mp4,45
C:\Users\AB\Downloads\Sign_Recognition_Model\data\raw\026_006_005.mp4,25
C:\Users\AB\Downloads\Sign_Recognition_Model\data\raw\049_006_005.mp4,48
C:\Users\AB\Downloads\Sign_Recognition_Model\data\raw\059_009_004.mp4,58
C:\Users\AB\Downloads\Sign_Recognition_Model\data\raw\059_003_004.mp4,58
C:\Users\AB\Downloads\Sign_Recognition_Model\data\raw\058_007_001.mp4,57
C:\Users\AB\Downloads\Sign_Recognition_Model\data\raw\049_005_005.mp4,48
C:\Users\AB\Downloads\Sign_Recognition_Model\data\raw\035_007_003.mp4,34
C:\Users\AB\Downloads\Sign_Recognition_Model\data\raw\027_005_005.mp4,26
C:\Users\AB\Downloads\Sign_Recognition_Model\data\raw\005_008_003.mp4,4
C:\Users\AB\Downloads\Sign_Recognition_Model\data\raw\054_008_004.mp4,53
C:\Users\AB\Downloads\Sign_Recognition_Model\data\raw\013_006_003.mp4,12
C:\Users\AB\Downloads\Sign_Recognition_Model\data\raw\023_002_001.mp4,22
C:\Users\AB\Downloads\Sign_Recognition_Model\data\raw\062_001_003.mp4,61
C:\Users\AB\Downloads\Sign_Recognition_Model\data\raw\048_007_003.mp4,47
C:\Users\AB\Downloads\Sign_Recognition_Model\data\raw\050_001_004.mp4,49
C:\Users\AB\Downloads\Sign_Recognition_Model\data\raw\053_002_004.mp4,52
C:\Users\AB\Downloads\Sign_Recognition_Model\data\raw\015_010_004.mp4,14
C:\Users\AB\Downloads\Sign_Recognition_Model\data\raw\057_007_001.mp4,56
C:\Users\AB\Downloads\Sign_Recognition_Model\data\raw\022_005_003.mp4,21
C:\Users\AB\Downloads\Sign_Recognition_Model\data\raw\064_008_004.mp4,63
C:\Users\AB\Downloads\Sign_Recognition_Model\data\raw\052_004_005.mp4,51
C:\Users\AB\Downloads\Sign_Recognition_Model\data\raw\001_003_002.mp4,0
C:\Users\AB\Downloads\Sign_Recognition_Model\data\raw\027_008_003.mp4,26
C:\Users\AB\Downloads\Sign_Recognition_Model\data\raw\040_009_003.mp4,39
C:\Users\AB\Downloads\Sign_Recognition_Model\data\raw\022_002_002.mp4,21
C:\Users\AB\Downloads\Sign_Recognition_Model\data\raw\037_003_003.mp4,36
C:\Users\AB\Downloads\Sign_Recognition_Model\data\raw\009_002_005.mp4,8
C:\Users\AB\Downloads\Sign_Recognition_Model\data\raw\007_007_002.mp4,6
C:\Users\AB\Downloads\Sign_Recognition_Model\data\raw\047_008_003.mp4,46
C:\Users\AB\Downloads\Sign_Recognition_Model\data\raw\015_001_003.mp4,14
C:\Users\AB\Downloads\Sign_Recognition_Model\data\raw\031_008_001.mp4,30
C:\Users\AB\Downloads\Sign_Recognition_Model\data\raw\015_002_003.mp4,14
C:\Users\AB\Downloads\Sign_Recognition_Model\data\raw\006_008_002.mp4,5
C:\Users\AB\Downloads\Sign_Recognition_Model\data\raw\033_009_003.mp4,32
C:\Users\AB\Downloads\Sign_Recognition_Model\data\raw\016_003_001.mp4,15
C:\Users\AB\Downloads\Sign_Recognition_Model\data\raw\025_007_002.mp4,24
C:\Users\AB\Downloads\Sign_Recognition_Model\data\raw\021_008_005.mp4,20
C:\Users\AB\Downloads\Sign_Recognition_Model\data\raw\009_006_004.mp4,8
C:\Users\AB\Downloads\Sign_Recognition_Model\data\raw\035_001_003.mp4,34
C:\Users\AB\Downloads\Sign_Recognition_Model\data\raw\022_006_002.mp4,21
C:\Users\AB\Downloads\Sign_Recognition_Model\data\raw\058_010_003.mp4,57
C:\Users\AB\Downloads\Sign_Recognition_Model\data\raw\031_001_005.mp4,30
C:\Users\AB\Downloads\Sign_Recognition_Model\data\raw\025_001_005.mp4,24
C:\Users\AB\Downloads\Sign_Recognition_Model\data\raw\010_001_002.mp4,9
C:\Users\AB\Downloads\Sign_Recognition_Model\data\raw\011_008_002.mp4,10
C:\Users\AB\Downloads\Sign_Recognition_Model\data\raw\007_005_004.mp4,6
C:\Users\AB\Downloads\Sign_Recognition_Model\data\raw\032_002_003.mp4,31
C:\Users\AB\Downloads\Sign_Recognition_Model\data\raw\012_007_004.mp4,11
C:\Users\AB\Downloads\Sign_Recognition_Model\data\raw\020_008_001.mp4,19
C:\Users\AB\Downloads\Sign_Recognition_Model\data\raw\017_010_004.mp4,16
C:\Users\AB\Downloads\Sign_Recognition_Model\data\raw\061_009_002.mp4,60
C:\Users\AB\Downloads\Sign_Recognition_Model\data\raw\024_007_003.mp4,23
C:\Users\AB\Downloads\Sign_Recognition_Model\data\raw\020_002_005.mp4,19
C:\Users\AB\Downloads\Sign_Recognition_Model\data\raw\006_006_002.mp4,5
C:\Users\AB\Downloads\Sign_Recognition_Model\data\raw\008_006_004.mp4,7
C:\Users\AB\Downloads\Sign_Recognition_Model\data\raw\040_010_001.mp4,39
C:\Users\AB\Downloads\Sign_Recognition_Model\data\raw\017_004_004.mp4,16
C:\Users\AB\Downloads\Sign_Recognition_Model\data\raw\026_003_003.mp4,25
C:\Users\AB\Downloads\Sign_Recognition_Model\data\raw\008_001_002.mp4,7
C:\Users\AB\Downloads\Sign_Recognition_Model\data\raw\036_009_002.mp4,35
C:\Users\AB\Downloads\Sign_Recognition_Model\data\raw\035_001_001.mp4,34
C:\Users\AB\Downloads\Sign_Recognition_Model\data\raw\052_001_003.mp4,51
C:\Users\AB\Downloads\Sign_Recognition_Model\data\raw\013_005_003.mp4,12
C:\Users\AB\Downloads\Sign_Recognition_Model\data\raw\009_006_001.mp4,8
C:\Users\AB\Downloads\Sign_Recognition_Model\data\raw\030_003_001.mp4,29
C:\Users\AB\Downloads\Sign_Recognition_Model\data\raw\016_008_001.mp4,15
C:\Users\AB\Downloads\Sign_Recognition_Model\data\raw\029_008_003.mp4,28
C:\Users\AB\Downloads\Sign_Recognition_Model\data\raw\034_008_004.mp4,33
C:\Users\AB\Downloads\Sign_Recognition_Model\data\raw\006_001_004.mp4,5
C:\Users\AB\Downloads\Sign_Recognition_Model\data\raw\002_010_001.mp4,1
C:\Users\AB\Downloads\Sign_Recognition_Model\data\raw\021_005_002.mp4,20
C:\Users\AB\Downloads\Sign_Recognition_Model\data\raw\061_006_002.mp4,60
C:\Users\AB\Downloads\Sign_Recognition_Model\data\raw\008_002_004.mp4,7
C:\Users\AB\Downloads\Sign_Recognition_Model\data\raw\054_004_003.mp4,53
C:\Users\AB\Downloads\Sign_Recognition_Model\data\raw\014_010_005.mp4,13
C:\Users\AB\Downloads\Sign_Recognition_Model\data\raw\027_002_003.mp4,26
C:\Users\AB\Downloads\Sign_Recognition_Model\data\raw\018_007_005.mp4,17
C:\Users\AB\Downloads\Sign_Recognition_Model\data\raw\004_001_004.mp4,3
C:\Users\AB\Downloads\Sign_Recognition_Model\data\raw\034_005_003.mp4,33
C:\Users\AB\Downloads\Sign_Recognition_Model\data\raw\061_010_001.mp4,60
C:\Users\AB\Downloads\Sign_Recognition_Model\data\raw\007_004_003.mp4,6
C:\Users\AB\Downloads\Sign_Recognition_Model\data\raw\037_010_005.mp4,36
C:\Users\AB\Downloads\Sign_Recognition_Model\data\raw\018_008_001.mp4,17
C:\Users\AB\Downloads\Sign_Recognition_Model\data\raw\039_001_001.mp4,38
C:\Users\AB\Downloads\Sign_Recognition_Model\data\raw\003_009_003.mp4,2
C:\Users\AB\Downloads\Sign_Recognition_Model\data\raw\025_010_002.mp4,24
C:\Users\AB\Downloads\Sign_Recognition_Model\data\raw\023_009_005.mp4,22
C:\Users\AB\Downloads\Sign_Recognition_Model\data\raw\062_008_003.mp4,61
C:\Users\AB\Downloads\Sign_Recognition_Model\data\raw\014_005_004.mp4,13
C:\Users\AB\Downloads\Sign_Recognition_Model\data\raw\012_001_004.mp4,11
C:\Users\AB\Downloads\Sign_Recognition_Model\data\raw\016_006_002.mp4,15
C:\Users\AB\Downloads\Sign_Recognition_Model\data\raw\053_002_002.mp4,52
C:\Users\AB\Downloads\Sign_Recognition_Model\data\raw\038_005_003.mp4,37
C:\Users\AB\Downloads\Sign_Recognition_Model\data\raw\006_010_005.mp4,5
C:\Users\AB\Downloads\Sign_Recognition_Model\data\raw\020_008_004.mp4,19
C:\Users\AB\Downloads\Sign_Recognition_Model\data\raw\054_010_001.mp4,53
C:\Users\AB\Downloads\Sign_Recognition_Model\data\raw\012_007_003.mp4,11
C:\Users\AB\Downloads\Sign_Recognition_Model\data\raw\009_007_001.mp4,8
C:\Users\AB\Downloads\Sign_Recognition_Model\data\raw\017_005_001.mp4,16
C:\Users\AB\Downloads\Sign_Recognition_Model\data\raw\003_008_003.mp4,2
C:\Users\AB\Downloads\Sign_Recognition_Model\data\raw\063_009_004.mp4,62
C:\Users\AB\Downloads\Sign_Recognition_Model\data\raw\055_002_004.mp4,54
C:\Users\AB\Downloads\Sign_Recognition_Model\data\raw\024_008_005.mp4,23
C:\Users\AB\Downloads\Sign_Recognition_Model\data\raw\019_010_004.mp4,18
C:\Users\AB\Downloads\Sign_Recognition_Model\data\raw\021_006_004.mp4,20
C:\Users\AB\Downloads\Sign_Recognition_Model\data\raw\048_003_005.mp4,47
C:\Users\AB\Downloads\Sign_Recognition_Model\data\raw\030_006_003.mp4,29
C:\Users\AB\Downloads\Sign_Recognition_Model\data\raw\047_010_001.mp4,46
C:\Users\AB\Downloads\Sign_Recognition_Model\data\raw\057_001_002.mp4,56
C:\Users\AB\Downloads\Sign_Recognition_Model\data\raw\059_008_005.mp4,58
C:\Users\AB\Downloads\Sign_Recognition_Model\data\raw\058_009_001.mp4,57
C:\Users\AB\Downloads\Sign_Recognition_Model\data\raw\009_006_005.mp4,8
C:\Users\AB\Downloads\Sign_Recognition_Model\data\raw\039_010_005.mp4,38
C:\Users\AB\Downloads\Sign_Recognition_Model\data\raw\031_004_003.mp4,30
C:\Users\AB\Downloads\Sign_Recognition_Model\data\raw\004_005_004.mp4,3
C:\Users\AB\Downloads\Sign_Recognition_Model\data\raw\028_006_005.mp4,27
C:\Users\AB\Downloads\Sign_Recognition_Model\data\raw\010_004_003.mp4,9
C:\Users\AB\Downloads\Sign_Recognition_Model\data\raw\032_005_001.mp4,31
C:\Users\AB\Downloads\Sign_Recognition_Model\data\raw\053_010_004.mp4,52
C:\Users\AB\Downloads\Sign_Recognition_Model\data\raw\020_009_001.mp4,19
C:\Users\AB\Downloads\Sign_Recognition_Model\data\raw\025_004_004.mp4,24
C:\Users\AB\Downloads\Sign_Recognition_Model\data\raw\051_003_004.mp4,50
C:\Users\AB\Downloads\Sign_Recognition_Model\data\raw\020_010_003.mp4,19
C:\Users\AB\Downloads\Sign_Recognition_Model\data\raw\039_001_004.mp4,38
C:\Users\AB\Downloads\Sign_Recognition_Model\data\raw\030_002_005.mp4,29
C:\Users\AB\Downloads\Sign_Recognition_Model\data\raw\021_003_002.mp4,20
C:\Users\AB\Downloads\Sign_Recognition_Model\data\raw\059_004_001.mp4,58
C:\Users\AB\Downloads\Sign_Recognition_Model\data\raw\061_008_002.mp4,60
C:\Users\AB\Downloads\Sign_Recognition_Model\data\raw\041_005_005.mp4,40
C:\Users\AB\Downloads\Sign_Recognition_Model\data\raw\010_002_003.mp4,9
C:\Users\AB\Downloads\Sign_Recognition_Model\data\raw\018_006_005.mp4,17
C:\Users\AB\Downloads\Sign_Recognition_Model\data\raw\018_008_002.mp4,17
C:\Users\AB\Downloads\Sign_Recognition_Model\data\raw\004_010_001.mp4,3
C:\Users\AB\Downloads\Sign_Recognition_Model\data\raw\016_001_005.mp4,15
C:\Users\AB\Downloads\Sign_Recognition_Model\data\raw\020_008_005.mp4,19
C:\Users\AB\Downloads\Sign_Recognition_Model\data\raw\039_006_002.mp4,38
C:\Users\AB\Downloads\Sign_Recognition_Model\data\raw\062_001_001.mp4,61
C:\Users\AB\Downloads\Sign_Recognition_Model\data\raw\043_005_003.mp4,42
C:\Users\AB\Downloads\Sign_Recognition_Model\data\raw\001_004_005.mp4,0
C:\Users\AB\Downloads\Sign_Recognition_Model\data\raw\044_005_001.mp4,43
C:\Users\AB\Downloads\Sign_Recognition_Model\data\raw\010_009_002.mp4,9
C:\Users\AB\Downloads\Sign_Recognition_Model\data\raw\046_002_003.mp4,45
C:\Users\AB\Downloads\Sign_Recognition_Model\data\raw\056_008_001.mp4,55
C:\Users\AB\Downloads\Sign_Recognition_Model\data\raw\053_009_005.mp4,52
C:\Users\AB\Downloads\Sign_Recognition_Model\data\raw\023_003_001.mp4,22
C:\Users\AB\Downloads\Sign_Recognition_Model\data\raw\027_008_005.mp4,26
C:\Users\AB\Downloads\Sign_Recognition_Model\data\raw\057_001_001.mp4,56
C:\Users\AB\Downloads\Sign_Recognition_Model\data\raw\053_009_003.mp4,52
C:\Users\AB\Downloads\Sign_Recognition_Model\data\raw\025_004_005.mp4,24
C:\Users\AB\Downloads\Sign_Recognition_Model\data\raw\055_007_003.mp4,54
C:\Users\AB\Downloads\Sign_Recognition_Model\data\raw\043_001_004.mp4,42
C:\Users\AB\Downloads\Sign_Recognition_Model\data\raw\063_009_002.mp4,62
C:\Users\AB\Downloads\Sign_Recognition_Model\data\raw\043_002_004.mp4,42
C:\Users\AB\Downloads\Sign_Recognition_Model\data\raw\003_009_004.mp4,2
C:\Users\AB\Downloads\Sign_Recognition_Model\data\raw\057_005_003.mp4,56
C:\Users\AB\Downloads\Sign_Recognition_Model\data\raw\049_007_001.mp4,48
C:\Users\AB\Downloads\Sign_Recognition_Model\data\raw\044_002_004.mp4,43
C:\Users\AB\Downloads\Sign_Recognition_Model\data\raw\003_008_005.mp4,2
C:\Users\AB\Downloads\Sign_Recognition_Model\data\raw\003_007_002.mp4,2
C:\Users\AB\Downloads\Sign_Recognition_Model\data\raw\022_004_005.mp4,21
C:\Users\AB\Downloads\Sign_Recognition_Model\data\raw\006_003_005.mp4,5
C:\Users\AB\Downloads\Sign_Recognition_Model\data\raw\017_004_005.mp4,16
C:\Users\AB\Downloads\Sign_Recognition_Model\data\raw\031_010_005.mp4,30
C:\Users\AB\Downloads\Sign_Recognition_Model\data\raw\056_002_004.mp4,55
C:\Users\AB\Downloads\Sign_Recognition_Model\data\raw\015_003_004.mp4,14
C:\Users\AB\Downloads\Sign_Recognition_Model\data\raw\014_008_005.mp4,13
C:\Users\AB\Downloads\Sign_Recognition_Model\data\raw\001_006_001.mp4,0
C:\Users\AB\Downloads\Sign_Recognition_Model\data\raw\041_007_002.mp4,40
C:\Users\AB\Downloads\Sign_Recognition_Model\data\raw\034_008_001.mp4,33
C:\Users\AB\Downloads\Sign_Recognition_Model\data\raw\045_002_005.mp4,44
C:\Users\AB\Downloads\Sign_Recognition_Model\data\raw\037_001_005.mp4,36
C:\Users\AB\Downloads\Sign_Recognition_Model\data\raw\059_003_002.mp4,58
C:\Users\AB\Downloads\Sign_Recognition_Model\data\raw\049_009_002.mp4,48
C:\Users\AB\Downloads\Sign_Recognition_Model\data\raw\025_001_004.mp4,24
C:\Users\AB\Downloads\Sign_Recognition_Model\data\raw\056_009_001.mp4,55
C:\Users\AB\Downloads\Sign_Recognition_Model\data\raw\018_004_002.mp4,17
C:\Users\AB\Downloads\Sign_Recognition_Model\data\raw\038_010_003.mp4,37
C:\Users\AB\Downloads\Sign_Recognition_Model\data\raw\055_003_001.mp4,54
C:\Users\AB\Downloads\Sign_Recognition_Model\data\raw\055_004_005.mp4,54
C:\Users\AB\Downloads\Sign_Recognition_Model\data\raw\058_004_001.mp4,57
C:\Users\AB\Downloads\Sign_Recognition_Model\data\raw\040_010_002.mp4,39
C:\Users\AB\Downloads\Sign_Recognition_Model\data\raw\053_003_004.mp4,52
C:\Users\AB\Downloads\Sign_Recognition_Model\data\raw\064_001_004.mp4,63
C:\Users\AB\Downloads\Sign_Recognition_Model\data\raw\026_003_002.mp4,25
C:\Users\AB\Downloads\Sign_Recognition_Model\data\raw\025_008_005.mp4,24
C:\Users\AB\Downloads\Sign_Recognition_Model\data\raw\009_006_003.mp4,8
C:\Users\AB\Downloads\Sign_Recognition_Model\data\raw\030_009_005.mp4,29
C:\Users\AB\Downloads\Sign_Recognition_Model\data\raw\058_002_004.mp4,57
C:\Users\AB\Downloads\Sign_Recognition_Model\data\raw\011_008_003.mp4,10
C:\Users\AB\Downloads\Sign_Recognition_Model\data\raw\034_003_005.mp4,33
C:\Users\AB\Downloads\Sign_Recognition_Model\data\raw\039_005_002.mp4,38
C:\Users\AB\Downloads\Sign_Recognition_Model\data\raw\030_001_005.mp4,29
C:\Users\AB\Downloads\Sign_Recognition_Model\data\raw\061_006_004.mp4,60
C:\Users\AB\Downloads\Sign_Recognition_Model\data\raw\048_010_002.mp4,47
C:\Users\AB\Downloads\Sign_Recognition_Model\data\raw\050_007_003.mp4,49
C:\Users\AB\Downloads\Sign_Recognition_Model\data\raw\058_008_003.mp4,57
C:\Users\AB\Downloads\Sign_Recognition_Model\data\raw\044_008_004.mp4,43
C:\Users\AB\Downloads\Sign_Recognition_Model\data\raw\017_009_004.mp4,16
C:\Users\AB\Downloads\Sign_Recognition_Model\data\raw\008_001_001.mp4,7
C:\Users\AB\Downloads\Sign_Recognition_Model\data\raw\057_002_002.mp4,56
C:\Users\AB\Downloads\Sign_Recognition_Model\data\raw\002_005_002.mp4,1
C:\Users\AB\Downloads\Sign_Recognition_Model\data\raw\010_005_004.mp4,9
C:\Users\AB\Downloads\Sign_Recognition_Model\data\raw\042_007_003.mp4,41
C:\Users\AB\Downloads\Sign_Recognition_Model\data\raw\034_007_005.mp4,33
C:\Users\AB\Downloads\Sign_Recognition_Model\data\raw\052_008_002.mp4,51
C:\Users\AB\Downloads\Sign_Recognition_Model\data\raw\036_003_003.mp4,35
C:\Users\AB\Downloads\Sign_Recognition_Model\data\raw\015_007_004.mp4,14
C:\Users\AB\Downloads\Sign_Recognition_Model\data\raw\058_006_004.mp4,57
C:\Users\AB\Downloads\Sign_Recognition_Model\data\raw\032_003_001.mp4,31
C:\Users\AB\Downloads\Sign_Recognition_Model\data\raw\060_007_001.mp4,59
C:\Users\AB\Downloads\Sign_Recognition_Model\data\raw\001_007_001.mp4,0
C:\Users\AB\Downloads\Sign_Recognition_Model\data\raw\036_006_005.mp4,35
C:\Users\AB\Downloads\Sign_Recognition_Model\data\raw\009_002_004.mp4,8
C:\Users\AB\Downloads\Sign_Recognition_Model\data\raw\021_005_004.mp4,20
C:\Users\AB\Downloads\Sign_Recognition_Model\data\raw\045_004_003.mp4,44
C:\Users\AB\Downloads\Sign_Recognition_Model\data\raw\013_009_001.mp4,12
C:\Users\AB\Downloads\Sign_Recognition_Model\data\raw\018_003_003.mp4,17
C:\Users\AB\Downloads\Sign_Recognition_Model\data\raw\058_006_001.mp4,57
C:\Users\AB\Downloads\Sign_Recognition_Model\data\raw\013_005_002.mp4,12
C:\Users\AB\Downloads\Sign_Recognition_Model\data\raw\051_009_001.mp4,50
C:\Users\AB\Downloads\Sign_Recognition_Model\data\raw\033_006_004.mp4,32
C:\Users\AB\Downloads\Sign_Recognition_Model\data\raw\022_005_002.mp4,21
C:\Users\AB\Downloads\Sign_Recognition_Model\data\raw\001_001_004.mp4,0
C:\Users\AB\Downloads\Sign_Recognition_Model\data\raw\013_003_005.mp4,12
C:\Users\AB\Downloads\Sign_Recognition_Model\data\raw\028_004_005.mp4,27
C:\Users\AB\Downloads\Sign_Recognition_Model\data\raw\008_010_002.mp4,7
C:\Users\AB\Downloads\Sign_Recognition_Model\data\raw\014_010_003.mp4,13
C:\Users\AB\Downloads\Sign_Recognition_Model\data\raw\011_009_002.mp4,10
C:\Users\AB\Downloads\Sign_Recognition_Model\data\raw\001_004_003.mp4,0
C:\Users\AB\Downloads\Sign_Recognition_Model\data\raw\050_006_003.mp4,49
C:\Users\AB\Downloads\Sign_Recognition_Model\data\raw\037_002_005.mp4,36
C:\Users\AB\Downloads\Sign_Recognition_Model\data\raw\020_004_004.mp4,19
C:\Users\AB\Downloads\Sign_Recognition_Model\data\raw\042_003_003.mp4,41
C:\Users\AB\Downloads\Sign_Recognition_Model\data\raw\005_006_004.mp4,4
C:\Users\AB\Downloads\Sign_Recognition_Model\data\raw\057_004_003.mp4,56
C:\Users\AB\Downloads\Sign_Recognition_Model\data\raw\007_003_001.mp4,6
C:\Users\AB\Downloads\Sign_Recognition_Model\data\raw\044_007_003.mp4,43
C:\Users\AB\Downloads\Sign_Recognition_Model\data\raw\017_008_004.mp4,16
C:\Users\AB\Downloads\Sign_Recognition_Model\data\raw\031_006_003.mp4,30
C:\Users\AB\Downloads\Sign_Recognition_Model\data\raw\015_004_001.mp4,14
C:\Users\AB\Downloads\Sign_Recognition_Model\data\raw\025_001_001.mp4,24
C:\Users\AB\Downloads\Sign_Recognition_Model\data\raw\057_003_002.mp4,56
C:\Users\AB\Downloads\Sign_Recognition_Model\data\raw\032_007_004.mp4,31
C:\Users\AB\Downloads\Sign_Recognition_Model\data\raw\040_006_002.mp4,39
C:\Users\AB\Downloads\Sign_Recognition_Model\data\raw\060_002_004.mp4,59
C:\Users\AB\Downloads\Sign_Recognition_Model\data\raw\014_002_004.mp4,13
C:\Users\AB\Downloads\Sign_Recognition_Model\data\raw\053_006_004.mp4,52
C:\Users\AB\Downloads\Sign_Recognition_Model\data\raw\039_002_002.mp4,38
C:\Users\AB\Downloads\Sign_Recognition_Model\data\raw\038_008_002.mp4,37
C:\Users\AB\Downloads\Sign_Recognition_Model\data\raw\015_007_001.mp4,14
C:\Users\AB\Downloads\Sign_Recognition_Model\data\raw\041_001_004.mp4,40
C:\Users\AB\Downloads\Sign_Recognition_Model\data\raw\030_010_005.mp4,29
C:\Users\AB\Downloads\Sign_Recognition_Model\data\raw\001_001_001.mp4,0
C:\Users\AB\Downloads\Sign_Recognition_Model\data\raw\061_007_002.mp4,60
C:\Users\AB\Downloads\Sign_Recognition_Model\data\raw\035_002_005.mp4,34
C:\Users\AB\Downloads\Sign_Recognition_Model\data\raw\032_001_002.mp4,31
C:\Users\AB\Downloads\Sign_Recognition_Model\data\raw\007_010_005.mp4,6
C:\Users\AB\Downloads\Sign_Recognition_Model\data\raw\008_006_002.mp4,7
C:\Users\AB\Downloads\Sign_Recognition_Model\data\raw\054_009_003.mp4,53
C:\Users\AB\Downloads\Sign_Recognition_Model\data\raw\034_006_005.mp4,33
C:\Users\AB\Downloads\Sign_Recognition_Model\data\raw\039_010_001.mp4,38
C:\Users\AB\Downloads\Sign_Recognition_Model\data\raw\013_010_005.mp4,12
C:\Users\AB\Downloads\Sign_Recognition_Model\data\raw\064_003_002.mp4,63
C:\Users\AB\Downloads\Sign_Recognition_Model\data\raw\018_002_005.mp4,17
C:\Users\AB\Downloads\Sign_Recognition_Model\data\raw\019_003_001.mp4,18
C:\Users\AB\Downloads\Sign_Recognition_Model\data\raw\064_006_005.mp4,63
C:\Users\AB\Downloads\Sign_Recognition_Model\data\raw\052_006_003.mp4,51
C:\Users\AB\Downloads\Sign_Recognition_Model\data\raw\015_001_001.mp4,14
C:\Users\AB\Downloads\Sign_Recognition_Model\data\raw\036_004_001.mp4,35
C:\Users\AB\Downloads\Sign_Recognition_Model\data\raw\059_001_002.mp4,58
C:\Users\AB\Downloads\Sign_Recognition_Model\data\raw\033_010_001.mp4,32
C:\Users\AB\Downloads\Sign_Recognition_Model\data\raw\032_010_002.mp4,31
C:\Users\AB\Downloads\Sign_Recognition_Model\data\raw\059_006_001.mp4,58
C:\Users\AB\Downloads\Sign_Recognition_Model\data\raw\047_007_004.mp4,46
C:\Users\AB\Downloads\Sign_Recognition_Model\data\raw\036_003_004.mp4,35
C:\Users\AB\Downloads\Sign_Recognition_Model\data\raw\018_009_004.mp4,17
C:\Users\AB\Downloads\Sign_Recognition_Model\data\raw\005_004_003.mp4,4
C:\Users\AB\Downloads\Sign_Recognition_Model\data\raw\014_004_003.mp4,13
C:\Users\AB\Downloads\Sign_Recognition_Model\data\raw\058_004_004.mp4,57
C:\Users\AB\Downloads\Sign_Recognition_Model\data\raw\018_002_003.mp4,17
C:\Users\AB\Downloads\Sign_Recognition_Model\data\raw\019_003_002.mp4,18
C:\Users\AB\Downloads\Sign_Recognition_Model\data\raw\054_005_004.mp4,53
C:\Users\AB\Downloads\Sign_Recognition_Model\data\raw\054_001_001.mp4,53
C:\Users\AB\Downloads\Sign_Recognition_Model\data\raw\031_007_002.mp4,30
C:\Users\AB\Downloads\Sign_Recognition_Model\data\raw\021_010_004.mp4,20
C:\Users\AB\Downloads\Sign_Recognition_Model\data\raw\029_005_003.mp4,28
C:\Users\AB\Downloads\Sign_Recognition_Model\data\raw\007_009_004.mp4,6
C:\Users\AB\Downloads\Sign_Recognition_Model\data\raw\064_002_002.mp4,63
C:\Users\AB\Downloads\Sign_Recognition_Model\data\raw\010_007_005.mp4,9
C:\Users\AB\Downloads\Sign_Recognition_Model\data\raw\047_001_003.mp4,46
C:\Users\AB\Downloads\Sign_Recognition_Model\data\raw\014_006_001.mp4,13
C:\Users\AB\Downloads\Sign_Recognition_Model\data\raw\009_005_004.mp4,8
C:\Users\AB\Downloads\Sign_Recognition_Model\data\raw\018_007_001.mp4,17
C:\Users\AB\Downloads\Sign_Recognition_Model\data\raw\052_004_001.mp4,51
C:\Users\AB\Downloads\Sign_Recognition_Model\data\raw\028_007_001.mp4,27
C:\Users\AB\Downloads\Sign_Recognition_Model\data\raw\014_009_001.mp4,13
C:\Users\AB\Downloads\Sign_Recognition_Model\data\raw\011_010_001.mp4,10
C:\Users\AB\Downloads\Sign_Recognition_Model\data\raw\061_007_005.mp4,60
C:\Users\AB\Downloads\Sign_Recognition_Model\data\raw\051_009_004.mp4,50
C:\Users\AB\Downloads\Sign_Recognition_Model\data\raw\001_001_005.mp4,0
C:\Users\AB\Downloads\Sign_Recognition_Model\data\raw\022_010_001.mp4,21
C:\Users\AB\Downloads\Sign_Recognition_Model\data\raw\015_008_002.mp4,14
C:\Users\AB\Downloads\Sign_Recognition_Model\data\raw\002_007_002.mp4,1
C:\Users\AB\Downloads\Sign_Recognition_Model\data\raw\001_008_002.mp4,0
C:\Users\AB\Downloads\Sign_Recognition_Model\data\raw\019_005_002.mp4,18
C:\Users\AB\Downloads\Sign_Recognition_Model\data\raw\041_010_002.mp4,40
C:\Users\AB\Downloads\Sign_Recognition_Model\data\raw\034_001_001.mp4,33
C:\Users\AB\Downloads\Sign_Recognition_Model\data\raw\047_004_001.mp4,46
C:\Users\AB\Downloads\Sign_Recognition_Model\data\raw\022_008_005.mp4,21
C:\Users\AB\Downloads\Sign_Recognition_Model\data\raw\046_002_001.mp4,45
C:\Users\AB\Downloads\Sign_Recognition_Model\data\raw\020_007_005.mp4,19
C:\Users\AB\Downloads\Sign_Recognition_Model\data\raw\059_003_001.mp4,58
C:\Users\AB\Downloads\Sign_Recognition_Model\data\raw\014_009_005.mp4,13
C:\Users\AB\Downloads\Sign_Recognition_Model\data\raw\023_006_005.mp4,22
C:\Users\AB\Downloads\Sign_Recognition_Model\data\raw\062_005_002.mp4,61
C:\Users\AB\Downloads\Sign_Recognition_Model\data\raw\004_002_005.mp4,3
C:\Users\AB\Downloads\Sign_Recognition_Model\data\raw\007_003_005.mp4,6
C:\Users\AB\Downloads\Sign_Recognition_Model\data\raw\025_010_004.mp4,24
C:\Users\AB\Downloads\Sign_Recognition_Model\data\raw\049_010_001.mp4,48
C:\Users\AB\Downloads\Sign_Recognition_Model\data\raw\041_004_001.mp4,40
C:\Users\AB\Downloads\Sign_Recognition_Model\data\raw\022_003_002.mp4,21
C:\Users\AB\Downloads\Sign_Recognition_Model\data\raw\012_001_005.mp4,11
C:\Users\AB\Downloads\Sign_Recognition_Model\data\raw\005_001_004.mp4,4
C:\Users\AB\Downloads\Sign_Recognition_Model\data\raw\016_009_005.mp4,15
C:\Users\AB\Downloads\Sign_Recognition_Model\data\raw\026_002_001.mp4,25
C:\Users\AB\Downloads\Sign_Recognition_Model\data\raw\035_008_002.mp4,34
C:\Users\AB\Downloads\Sign_Recognition_Model\data\raw\001_009_002.mp4,0
C:\Users\AB\Downloads\Sign_Recognition_Model\data\raw\018_001_003.mp4,17
C:\Users\AB\Downloads\Sign_Recognition_Model\data\raw\064_002_004.mp4,63
C:\Users\AB\Downloads\Sign_Recognition_Model\data\raw\059_010_004.mp4,58
C:\Users\AB\Downloads\Sign_Recognition_Model\data\raw\020_004_001.mp4,19
C:\Users\AB\Downloads\Sign_Recognition_Model\data\raw\034_001_002.mp4,33
C:\Users\AB\Downloads\Sign_Recognition_Model\data\raw\064_004_004.mp4,63
C:\Users\AB\Downloads\Sign_Recognition_Model\data\raw\025_008_003.mp4,24
C:\Users\AB\Downloads\Sign_Recognition_Model\data\raw\052_008_001.mp4,51
C:\Users\AB\Downloads\Sign_Recognition_Model\data\raw\053_001_002.mp4,52
C:\Users\AB\Downloads\Sign_Recognition_Model\data\raw\058_007_004.mp4,57
C:\Users\AB\Downloads\Sign_Recognition_Model\data\raw\031_010_004.mp4,30
C:\Users\AB\Downloads\Sign_Recognition_Model\data\raw\017_002_002.mp4,16
C:\Users\AB\Downloads\Sign_Recognition_Model\data\raw\002_003_003.mp4,1
C:\Users\AB\Downloads\Sign_Recognition_Model\data\raw\004_003_002.mp4,3
C:\Users\AB\Downloads\Sign_Recognition_Model\data\raw\059_010_002.mp4,58
C:\Users\AB\Downloads\Sign_Recognition_Model\data\raw\048_002_002.mp4,47
C:\Users\AB\Downloads\Sign_Recognition_Model\data\raw\049_002_005.mp4,48
C:\Users\AB\Downloads\Sign_Recognition_Model\data\raw\060_009_001.mp4,59
C:\Users\AB\Downloads\Sign_Recognition_Model\data\raw\037_002_001.mp4,36
C:\Users\AB\Downloads\Sign_Recognition_Model\data\raw\011_002_001.mp4,10
C:\Users\AB\Downloads\Sign_Recognition_Model\data\raw\050_009_002.mp4,49
C:\Users\AB\Downloads\Sign_Recognition_Model\data\raw\058_005_005.mp4,57
C:\Users\AB\Downloads\Sign_Recognition_Model\data\raw\024_002_005.mp4,23
C:\Users\AB\Downloads\Sign_Recognition_Model\data\raw\014_003_004.mp4,13
C:\Users\AB\Downloads\Sign_Recognition_Model\data\raw\064_008_005.mp4,63
C:\Users\AB\Downloads\Sign_Recognition_Model\data\raw\034_007_001.mp4,33
C:\Users\AB\Downloads\Sign_Recognition_Model\data\raw\057_009_005.mp4,56
C:\Users\AB\Downloads\Sign_Recognition_Model\data\raw\010_004_002.mp4,9
C:\Users\AB\Downloads\Sign_Recognition_Model\data\raw\031_010_001.mp4,30
C:\Users\AB\Downloads\Sign_Recognition_Model\data\raw\030_008_001.mp4,29
C:\Users\AB\Downloads\Sign_Recognition_Model\data\raw\008_004_002.mp4,7
C:\Users\AB\Downloads\Sign_Recognition_Model\data\raw\037_006_001.mp4,36
C:\Users\AB\Downloads\Sign_Recognition_Model\data\raw\047_005_003.mp4,46
C:\Users\AB\Downloads\Sign_Recognition_Model\data\raw\056_008_003.mp4,55
C:\Users\AB\Downloads\Sign_Recognition_Model\data\raw\035_009_002.mp4,34
C:\Users\AB\Downloads\Sign_Recognition_Model\data\raw\018_003_001.mp4,17
C:\Users\AB\Downloads\Sign_Recognition_Model\data\raw\045_007_001.mp4,44
C:\Users\AB\Downloads\Sign_Recognition_Model\data\raw\028_009_004.mp4,27
C:\Users\AB\Downloads\Sign_Recognition_Model\data\raw\043_010_001.mp4,42
C:\Users\AB\Downloads\Sign_Recognition_Model\data\raw\034_004_001.mp4,33
C:\Users\AB\Downloads\Sign_Recognition_Model\data\raw\010_003_001.mp4,9
C:\Users\AB\Downloads\Sign_Recognition_Model\data\raw\019_001_002.mp4,18
C:\Users\AB\Downloads\Sign_Recognition_Model\data\raw\026_009_004.mp4,25
C:\Users\AB\Downloads\Sign_Recognition_Model\data\raw\048_003_003.mp4,47
C:\Users\AB\Downloads\Sign_Recognition_Model\data\raw\033_004_001.mp4,32
C:\Users\AB\Downloads\Sign_Recognition_Model\data\raw\061_005_005.mp4,60
C:\Users\AB\Downloads\Sign_Recognition_Model\data\raw\022_003_003.mp4,21
C:\Users\AB\Downloads\Sign_Recognition_Model\data\raw\059_007_002.mp4,58
C:\Users\AB\Downloads\Sign_Recognition_Model\data\raw\062_002_002.mp4,61
C:\Users\AB\Downloads\Sign_Recognition_Model\data\raw\062_009_004.mp4,61
C:\Users\AB\Downloads\Sign_Recognition_Model\data\raw\061_008_005.mp4,60
C:\Users\AB\Downloads\Sign_Recognition_Model\data\raw\047_006_002.mp4,46
C:\Users\AB\Downloads\Sign_Recognition_Model\data\raw\036_004_002.mp4,35
C:\Users\AB\Downloads\Sign_Recognition_Model\data\raw\007_010_003.mp4,6
C:\Users\AB\Downloads\Sign_Recognition_Model\data\raw\044_010_004.mp4,43
C:\Users\AB\Downloads\Sign_Recognition_Model\data\raw\050_008_005.mp4,49
C:\Users\AB\Downloads\Sign_Recognition_Model\data\raw\064_002_005.mp4,63
C:\Users\AB\Downloads\Sign_Recognition_Model\data\raw\030_007_004.mp4,29
C:\Users\AB\Downloads\Sign_Recognition_Model\data\raw\016_010_002.mp4,15
C:\Users\AB\Downloads\Sign_Recognition_Model\data\raw\025_002_004.mp4,24
C:\Users\AB\Downloads\Sign_Recognition_Model\data\raw\052_007_001.mp4,51
C:\Users\AB\Downloads\Sign_Recognition_Model\data\raw\044_008_001.mp4,43
C:\Users\AB\Downloads\Sign_Recognition_Model\data\raw\050_007_004.mp4,49
C:\Users\AB\Downloads\Sign_Recognition_Model\data\raw\048_006_003.mp4,47
C:\Users\AB\Downloads\Sign_Recognition_Model\data\raw\024_006_002.mp4,23
C:\Users\AB\Downloads\Sign_Recognition_Model\data\raw\038_006_001.mp4,37
C:\Users\AB\Downloads\Sign_Recognition_Model\data\raw\028_010_003.mp4,27
C:\Users\AB\Downloads\Sign_Recognition_Model\data\raw\016_010_005.mp4,15
C:\Users\AB\Downloads\Sign_Recognition_Model\data\raw\023_007_005.mp4,22
C:\Users\AB\Downloads\Sign_Recognition_Model\data\raw\055_004_004.mp4,54
C:\Users\AB\Downloads\Sign_Recognition_Model\data\raw\046_004_004.mp4,45
C:\Users\AB\Downloads\Sign_Recognition_Model\data\raw\015_006_005.mp4,14
C:\Users\AB\Downloads\Sign_Recognition_Model\data\raw\045_007_005.mp4,44
C:\Users\AB\Downloads\Sign_Recognition_Model\data\raw\046_003_001.mp4,45
C:\Users\AB\Downloads\Sign_Recognition_Model\data\raw\033_002_002.mp4,32
C:\Users\AB\Downloads\Sign_Recognition_Model\data\raw\058_002_005.mp4,57
C:\Users\AB\Downloads\Sign_Recognition_Model\data\raw\059_002_003.mp4,58
C:\Users\AB\Downloads\Sign_Recognition_Model\data\raw\058_005_004.mp4,57
C:\Users\AB\Downloads\Sign_Recognition_Model\data\raw\005_009_001.mp4,4
C:\Users\AB\Downloads\Sign_Recognition_Model\data\raw\051_005_002.mp4,50
C:\Users\AB\Downloads\Sign_Recognition_Model\data\raw\028_007_003.mp4,27
C:\Users\AB\Downloads\Sign_Recognition_Model\data\raw\048_006_001.mp4,47
C:\Users\AB\Downloads\Sign_Recognition_Model\data\raw\027_003_004.mp4,26
C:\Users\AB\Downloads\Sign_Recognition_Model\data\raw\007_008_005.mp4,6
C:\Users\AB\Downloads\Sign_Recognition_Model\data\raw\014_010_002.mp4,13
C:\Users\AB\Downloads\Sign_Recognition_Model\data\raw\012_005_004.mp4,11
C:\Users\AB\Downloads\Sign_Recognition_Model\data\raw\042_009_002.mp4,41
C:\Users\AB\Downloads\Sign_Recognition_Model\data\raw\020_003_005.mp4,19
C:\Users\AB\Downloads\Sign_Recognition_Model\data\raw\018_009_005.mp4,17
C:\Users\AB\Downloads\Sign_Recognition_Model\data\raw\006_001_003.mp4,5
C:\Users\AB\Downloads\Sign_Recognition_Model\data\raw\006_006_004.mp4,5
C:\Users\AB\Downloads\Sign_Recognition_Model\data\raw\032_005_002.mp4,31
C:\Users\AB\Downloads\Sign_Recognition_Model\data\raw\050_003_002.mp4,49
C:\Users\AB\Downloads\Sign_Recognition_Model\data\raw\024_010_001.mp4,23
C:\Users\AB\Downloads\Sign_Recognition_Model\data\raw\060_009_005.mp4,59
C:\Users\AB\Downloads\Sign_Recognition_Model\data\raw\018_010_003.mp4,17
C:\Users\AB\Downloads\Sign_Recognition_Model\data\raw\043_002_002.mp4,42
C:\Users\AB\Downloads\Sign_Recognition_Model\data\raw\013_004_003.mp4,12
C:\Users\AB\Downloads\Sign_Recognition_Model\data\raw\004_009_004.mp4,3
C:\Users\AB\Downloads\Sign_Recognition_Model\data\raw\017_006_003.mp4,16
C:\Users\AB\Downloads\Sign_Recognition_Model\data\raw\064_010_004.mp4,63
C:\Users\AB\Downloads\Sign_Recognition_Model\data\raw\020_003_004.mp4,19
C:\Users\AB\Downloads\Sign_Recognition_Model\data\raw\034_009_003.mp4,33
C:\Users\AB\Downloads\Sign_Recognition_Model\data\raw\026_004_002.mp4,25
C:\Users\AB\Downloads\Sign_Recognition_Model\data\raw\027_006_005.mp4,26
C:\Users\AB\Downloads\Sign_Recognition_Model\data\raw\057_005_002.mp4,56
C:\Users\AB\Downloads\Sign_Recognition_Model\data\raw\012_001_002.mp4,11
C:\Users\AB\Downloads\Sign_Recognition_Model\data\raw\024_004_002.mp4,23
C:\Users\AB\Downloads\Sign_Recognition_Model\data\raw\032_002_002.mp4,31
C:\Users\AB\Downloads\Sign_Recognition_Model\data\raw\060_006_005.mp4,59
C:\Users\AB\Downloads\Sign_Recognition_Model\data\raw\006_006_001.mp4,5
C:\Users\AB\Downloads\Sign_Recognition_Model\data\raw\009_010_001.mp4,8
C:\Users\AB\Downloads\Sign_Recognition_Model\data\raw\032_003_002.mp4,31
C:\Users\AB\Downloads\Sign_Recognition_Model\data\raw\034_002_005.mp4,33
C:\Users\AB\Downloads\Sign_Recognition_Model\data\raw\058_009_004.mp4,57
C:\Users\AB\Downloads\Sign_Recognition_Model\data\raw\037_001_001.mp4,36
C:\Users\AB\Downloads\Sign_Recognition_Model\data\raw\029_003_004.mp4,28
C:\Users\AB\Downloads\Sign_Recognition_Model\data\raw\042_009_001.mp4,41
C:\Users\AB\Downloads\Sign_Recognition_Model\data\raw\047_009_002.mp4,46
C:\Users\AB\Downloads\Sign_Recognition_Model\data\raw\046_008_004.mp4,45
C:\Users\AB\Downloads\Sign_Recognition_Model\data\raw\025_010_003.mp4,24
C:\Users\AB\Downloads\Sign_Recognition_Model\data\raw\049_001_003.mp4,48
C:\Users\AB\Downloads\Sign_Recognition_Model\data\raw\011_010_002.mp4,10
C:\Users\AB\Downloads\Sign_Recognition_Model\data\raw\025_003_001.mp4,24
C:\Users\AB\Downloads\Sign_Recognition_Model\data\raw\063_008_003.mp4,62
C:\Users\AB\Downloads\Sign_Recognition_Model\data\raw\030_010_003.mp4,29
C:\Users\AB\Downloads\Sign_Recognition_Model\data\raw\043_004_001.mp4,42
C:\Users\AB\Downloads\Sign_Recognition_Model\data\raw\023_001_001.mp4,22
C:\Users\AB\Downloads\Sign_Recognition_Model\data\raw\043_003_004.mp4,42
C:\Users\AB\Downloads\Sign_Recognition_Model\data\raw\031_003_003.mp4,30
C:\Users\AB\Downloads\Sign_Recognition_Model\data\raw\036_008_003.mp4,35
C:\Users\AB\Downloads\Sign_Recognition_Model\data\raw\008_001_004.mp4,7
C:\Users\AB\Downloads\Sign_Recognition_Model\data\raw\050_002_002.mp4,49
C:\Users\AB\Downloads\Sign_Recognition_Model\data\raw\058_008_002.mp4,57
C:\Users\AB\Downloads\Sign_Recognition_Model\data\raw\030_006_001.mp4,29
C:\Users\AB\Downloads\Sign_Recognition_Model\data\raw\058_003_002.mp4,57
C:\Users\AB\Downloads\Sign_Recognition_Model\data\raw\012_001_003.mp4,11
C:\Users\AB\Downloads\Sign_Recognition_Model\data\raw\002_007_003.mp4,1
C:\Users\AB\Downloads\Sign_Recognition_Model\data\raw\029_001_002.mp4,28
C:\Users\AB\Downloads\Sign_Recognition_Model\data\raw\012_003_005.mp4,11
C:\Users\AB\Downloads\Sign_Recognition_Model\data\raw\035_002_003.mp4,34
C:\Users\AB\Downloads\Sign_Recognition_Model\data\raw\030_009_003.mp4,29
C:\Users\AB\Downloads\Sign_Recognition_Model\data\raw\005_005_005.mp4,4
C:\Users\AB\Downloads\Sign_Recognition_Model\data\raw\019_004_005.mp4,18
C:\Users\AB\Downloads\Sign_Recognition_Model\data\raw\046_009_005.mp4,45
C:\Users\AB\Downloads\Sign_Recognition_Model\data\raw\051_009_002.mp4,50
C:\Users\AB\Downloads\Sign_Recognition_Model\data\raw\043_002_001.mp4,42
C:\Users\AB\Downloads\Sign_Recognition_Model\data\raw\044_009_004.mp4,43
C:\Users\AB\Downloads\Sign_Recognition_Model\data\raw\030_007_002.mp4,29
C:\Users\AB\Downloads\Sign_Recognition_Model\data\raw\032_004_002.mp4,31
C:\Users\AB\Downloads\Sign_Recognition_Model\data\raw\042_006_001.mp4,41
C:\Users\AB\Downloads\Sign_Recognition_Model\data\raw\016_004_001.mp4,15
C:\Users\AB\Downloads\Sign_Recognition_Model\data\raw\030_006_002.mp4,29
C:\Users\AB\Downloads\Sign_Recognition_Model\data\raw\060_005_003.mp4,59
C:\Users\AB\Downloads\Sign_Recognition_Model\data\raw\051_002_002.mp4,50
C:\Users\AB\Downloads\Sign_Recognition_Model\data\raw\001_006_005.mp4,0
C:\Users\AB\Downloads\Sign_Recognition_Model\data\raw\021_004_002.mp4,20
C:\Users\AB\Downloads\Sign_Recognition_Model\data\raw\038_002_002.mp4,37
C:\Users\AB\Downloads\Sign_Recognition_Model\data\raw\039_005_001.mp4,38
C:\Users\AB\Downloads\Sign_Recognition_Model\data\raw\031_003_002.mp4,30
C:\Users\AB\Downloads\Sign_Recognition_Model\data\raw\041_007_004.mp4,40
C:\Users\AB\Downloads\Sign_Recognition_Model\data\raw\055_001_004.mp4,54
C:\Users\AB\Downloads\Sign_Recognition_Model\data\raw\023_004_002.mp4,22
C:\Users\AB\Downloads\Sign_Recognition_Model\data\raw\013_001_003.mp4,12
C:\Users\AB\Downloads\Sign_Recognition_Model\data\raw\036_009_001.mp4,35
C:\Users\AB\Downloads\Sign_Recognition_Model\data\raw\027_007_002.mp4,26
C:\Users\AB\Downloads\Sign_Recognition_Model\data\raw\010_005_005.mp4,9
C:\Users\AB\Downloads\Sign_Recognition_Model\data\raw\046_001_003.mp4,45
C:\Users\AB\Downloads\Sign_Recognition_Model\data\raw\036_007_001.mp4,35
C:\Users\AB\Downloads\Sign_Recognition_Model\data\raw\021_009_002.mp4,20
C:\Users\AB\Downloads\Sign_Recognition_Model\data\raw\048_009_003.mp4,47
C:\Users\AB\Downloads\Sign_Recognition_Model\data\raw\031_004_004.mp4,30
C:\Users\AB\Downloads\Sign_Recognition_Model\data\raw\046_007_004.mp4,45
C:\Users\AB\Downloads\Sign_Recognition_Model\data\raw\019_010_003.mp4,18
C:\Users\AB\Downloads\Sign_Recognition_Model\data\raw\060_007_005.mp4,59
C:\Users\AB\Downloads\Sign_Recognition_Model\data\raw\036_008_001.mp4,35
C:\Users\AB\Downloads\Sign_Recognition_Model\data\raw\026_008_001.mp4,25
C:\Users\AB\Downloads\Sign_Recognition_Model\data\raw\058_008_001.mp4,57
C:\Users\AB\Downloads\Sign_Recognition_Model\data\raw\009_003_004.mp4,8
C:\Users\AB\Downloads\Sign_Recognition_Model\data\raw\049_010_004.mp4,48
C:\Users\AB\Downloads\Sign_Recognition_Model\data\raw\015_010_001.mp4,14
C:\Users\AB\Downloads\Sign_Recognition_Model\data\raw\004_004_003.mp4,3
C:\Users\AB\Downloads\Sign_Recognition_Model\data\raw\006_005_004.mp4,5
C:\Users\AB\Downloads\Sign_Recognition_Model\data\raw\051_010_004.mp4,50
C:\Users\AB\Downloads\Sign_Recognition_Model\data\raw\043_006_002.mp4,42
C:\Users\AB\Downloads\Sign_Recognition_Model\data\raw\013_010_002.mp4,12
C:\Users\AB\Downloads\Sign_Recognition_Model\data\raw\010_007_004.mp4,9
C:\Users\AB\Downloads\Sign_Recognition_Model\data\raw\058_005_003.mp4,57
C:\Users\AB\Downloads\Sign_Recognition_Model\data\raw\049_003_001.mp4,48
C:\Users\AB\Downloads\Sign_Recognition_Model\data\raw\048_008_002.mp4,47
C:\Users\AB\Downloads\Sign_Recognition_Model\data\raw\057_004_002.mp4,56
C:\Users\AB\Downloads\Sign_Recognition_Model\data\raw\005_004_005.mp4,4
C:\Users\AB\Downloads\Sign_Recognition_Model\data\raw\058_007_005.mp4,57
C:\Users\AB\Downloads\Sign_Recognition_Model\data\raw\049_003_003.mp4,48
C:\Users\AB\Downloads\Sign_Recognition_Model\data\raw\060_010_002.mp4,59
C:\Users\AB\Downloads\Sign_Recognition_Model\data\raw\032_006_002.mp4,31
C:\Users\AB\Downloads\Sign_Recognition_Model\data\raw\045_010_003.mp4,44
C:\Users\AB\Downloads\Sign_Recognition_Model\data\raw\011_004_001.mp4,10
C:\Users\AB\Downloads\Sign_Recognition_Model\data\raw\033_009_001.mp4,32
C:\Users\AB\Downloads\Sign_Recognition_Model\data\raw\064_008_002.mp4,63
C:\Users\AB\Downloads\Sign_Recognition_Model\data\raw\046_009_004.mp4,45
C:\Users\AB\Downloads\Sign_Recognition_Model\data\raw\002_001_001.mp4,1
C:\Users\AB\Downloads\Sign_Recognition_Model\data\raw\057_003_004.mp4,56
C:\Users\AB\Downloads\Sign_Recognition_Model\data\raw\050_005_004.mp4,49
C:\Users\AB\Downloads\Sign_Recognition_Model\data\raw\059_005_003.mp4,58
C:\Users\AB\Downloads\Sign_Recognition_Model\data\raw\046_003_005.mp4,45
C:\Users\AB\Downloads\Sign_Recognition_Model\data\raw\040_004_001.mp4,39
C:\Users\AB\Downloads\Sign_Recognition_Model\data\raw\058_002_003.mp4,57
C:\Users\AB\Downloads\Sign_Recognition_Model\data\raw\040_007_004.mp4,39
C:\Users\AB\Downloads\Sign_Recognition_Model\data\raw\012_008_003.mp4,11
C:\Users\AB\Downloads\Sign_Recognition_Model\data\raw\037_003_004.mp4,36
C:\Users\AB\Downloads\Sign_Recognition_Model\data\raw\041_010_003.mp4,40
C:\Users\AB\Downloads\Sign_Recognition_Model\data\raw\054_004_001.mp4,53
C:\Users\AB\Downloads\Sign_Recognition_Model\data\raw\023_002_003.mp4,22
C:\Users\AB\Downloads\Sign_Recognition_Model\data\raw\037_010_002.mp4,36
C:\Users\AB\Downloads\Sign_Recognition_Model\data\raw\045_007_003.mp4,44
C:\Users\AB\Downloads\Sign_Recognition_Model\data\raw\033_008_002.mp4,32
C:\Users\AB\Downloads\Sign_Recognition_Model\data\raw\021_007_005.mp4,20
C:\Users\AB\Downloads\Sign_Recognition_Model\data\raw\051_003_003.mp4,50
C:\Users\AB\Downloads\Sign_Recognition_Model\data\raw\016_005_005.mp4,15
C:\Users\AB\Downloads\Sign_Recognition_Model\data\raw\049_006_001.mp4,48
C:\Users\AB\Downloads\Sign_Recognition_Model\data\raw\008_009_004.mp4,7
C:\Users\AB\Downloads\Sign_Recognition_Model\data\raw\059_007_004.mp4,58
C:\Users\AB\Downloads\Sign_Recognition_Model\data\raw\055_009_005.mp4,54
C:\Users\AB\Downloads\Sign_Recognition_Model\data\raw\033_001_005.mp4,32
C:\Users\AB\Downloads\Sign_Recognition_Model\data\raw\006_002_001.mp4,5
C:\Users\AB\Downloads\Sign_Recognition_Model\data\raw\019_006_005.mp4,18
C:\Users\AB\Downloads\Sign_Recognition_Model\data\raw\005_008_001.mp4,4
C:\Users\AB\Downloads\Sign_Recognition_Model\data\raw\050_008_003.mp4,49
C:\Users\AB\Downloads\Sign_Recognition_Model\data\raw\063_004_002.mp4,62
C:\Users\AB\Downloads\Sign_Recognition_Model\data\raw\060_005_005.mp4,59
C:\Users\AB\Downloads\Sign_Recognition_Model\data\raw\055_005_002.mp4,54
C:\Users\AB\Downloads\Sign_Recognition_Model\data\raw\001_007_002.mp4,0
C:\Users\AB\Downloads\Sign_Recognition_Model\data\raw\038_001_002.mp4,37
C:\Users\AB\Downloads\Sign_Recognition_Model\data\raw\032_008_003.mp4,31
C:\Users\AB\Downloads\Sign_Recognition_Model\data\raw\062_010_003.mp4,61
C:\Users\AB\Downloads\Sign_Recognition_Model\data\raw\019_002_003.mp4,18
C:\Users\AB\Downloads\Sign_Recognition_Model\data\raw\056_005_003.mp4,55
C:\Users\AB\Downloads\Sign_Recognition_Model\data\raw\039_009_001.mp4,38
C:\Users\AB\Downloads\Sign_Recognition_Model\data\raw\044_004_005.mp4,43
C:\Users\AB\Downloads\Sign_Recognition_Model\data\raw\004_004_001.mp4,3
C:\Users\AB\Downloads\Sign_Recognition_Model\data\raw\023_004_004.mp4,22
C:\Users\AB\Downloads\Sign_Recognition_Model\data\raw\008_009_002.mp4,7
C:\Users\AB\Downloads\Sign_Recognition_Model\data\raw\040_004_005.mp4,39
C:\Users\AB\Downloads\Sign_Recognition_Model\data\raw\060_008_003.mp4,59
C:\Users\AB\Downloads\Sign_Recognition_Model\data\raw\034_009_001.mp4,33
C:\Users\AB\Downloads\Sign_Recognition_Model\data\raw\038_003_005.mp4,37
C:\Users\AB\Downloads\Sign_Recognition_Model\data\raw\002_005_004.mp4,1
C:\Users\AB\Downloads\Sign_Recognition_Model\data\raw\038_004_004.mp4,37
C:\Users\AB\Downloads\Sign_Recognition_Model\data\raw\020_001_002.mp4,19
C:\Users\AB\Downloads\Sign_Recognition_Model\data\raw\045_003_001.mp4,44
C:\Users\AB\Downloads\Sign_Recognition_Model\data\raw\053_001_001.mp4,52
C:\Users\AB\Downloads\Sign_Recognition_Model\data\raw\049_010_005.mp4,48
C:\Users\AB\Downloads\Sign_Recognition_Model\data\raw\062_010_004.mp4,61
C:\Users\AB\Downloads\Sign_Recognition_Model\data\raw\056_007_003.mp4,55
C:\Users\AB\Downloads\Sign_Recognition_Model\data\raw\058_001_005.mp4,57
C:\Users\AB\Downloads\Sign_Recognition_Model\data\raw\061_004_002.mp4,60
C:\Users\AB\Downloads\Sign_Recognition_Model\data\raw\010_002_001.mp4,9
C:\Users\AB\Downloads\Sign_Recognition_Model\data\raw\026_006_002.mp4,25
C:\Users\AB\Downloads\Sign_Recognition_Model\data\raw\046_001_002.mp4,45
C:\Users\AB\Downloads\Sign_Recognition_Model\data\raw\020_006_004.mp4,19
C:\Users\AB\Downloads\Sign_Recognition_Model\data\raw\050_009_003.mp4,49
C:\Users\AB\Downloads\Sign_Recognition_Model\data\raw\040_005_005.mp4,39
C:\Users\AB\Downloads\Sign_Recognition_Model\data\raw\001_004_002.mp4,0
C:\Users\AB\Downloads\Sign_Recognition_Model\data\raw\014_009_002.mp4,13
C:\Users\AB\Downloads\Sign_Recognition_Model\data\raw\033_008_005.mp4,32
C:\Users\AB\Downloads\Sign_Recognition_Model\data\raw\021_010_003.mp4,20
C:\Users\AB\Downloads\Sign_Recognition_Model\data\raw\009_009_001.mp4,8
C:\Users\AB\Downloads\Sign_Recognition_Model\data\raw\050_010_003.mp4,49
C:\Users\AB\Downloads\Sign_Recognition_Model\data\raw\060_004_002.mp4,59
C:\Users\AB\Downloads\Sign_Recognition_Model\data\raw\027_009_001.mp4,26
C:\Users\AB\Downloads\Sign_Recognition_Model\data\raw\030_009_004.mp4,29
C:\Users\AB\Downloads\Sign_Recognition_Model\data\raw\056_005_002.mp4,55
C:\Users\AB\Downloads\Sign_Recognition_Model\data\raw\056_004_002.mp4,55
C:\Users\AB\Downloads\Sign_Recognition_Model\data\raw\039_003_003.mp4,38
C:\Users\AB\Downloads\Sign_Recognition_Model\data\raw\046_004_002.mp4,45
C:\Users\AB\Downloads\Sign_Recognition_Model\data\raw\052_004_002.mp4,51
C:\Users\AB\Downloads\Sign_Recognition_Model\data\raw\064_010_002.mp4,63
C:\Users\AB\Downloads\Sign_Recognition_Model\data\raw\022_009_004.mp4,21
C:\Users\AB\Downloads\Sign_Recognition_Model\data\raw\057_006_002.mp4,56
C:\Users\AB\Downloads\Sign_Recognition_Model\data\raw\010_010_001.mp4,9
C:\Users\AB\Downloads\Sign_Recognition_Model\data\raw\027_002_001.mp4,26
C:\Users\AB\Downloads\Sign_Recognition_Model\data\raw\004_007_005.mp4,3
C:\Users\AB\Downloads\Sign_Recognition_Model\data\raw\039_002_005.mp4,38
C:\Users\AB\Downloads\Sign_Recognition_Model\data\raw\015_010_003.mp4,14
C:\Users\AB\Downloads\Sign_Recognition_Model\data\raw\031_009_001.mp4,30
C:\Users\AB\Downloads\Sign_Recognition_Model\data\raw\005_001_005.mp4,4
C:\Users\AB\Downloads\Sign_Recognition_Model\data\raw\055_003_004.mp4,54
C:\Users\AB\Downloads\Sign_Recognition_Model\data\raw\026_005_002.mp4,25
C:\Users\AB\Downloads\Sign_Recognition_Model\data\raw\062_006_005.mp4,61
C:\Users\AB\Downloads\Sign_Recognition_Model\data\raw\060_004_001.mp4,59
C:\Users\AB\Downloads\Sign_Recognition_Model\data\raw\060_003_003.mp4,59
C:\Users\AB\Downloads\Sign_Recognition_Model\data\raw\018_001_002.mp4,17
C:\Users\AB\Downloads\Sign_Recognition_Model\data\raw\003_003_003.mp4,2
C:\Users\AB\Downloads\Sign_Recognition_Model\data\raw\051_010_002.mp4,50
C:\Users\AB\Downloads\Sign_Recognition_Model\data\raw\028_010_005.mp4,27
C:\Users\AB\Downloads\Sign_Recognition_Model\data\raw\049_005_003.mp4,48
C:\Users\AB\Downloads\Sign_Recognition_Model\data\raw\043_009_001.mp4,42
C:\Users\AB\Downloads\Sign_Recognition_Model\data\raw\051_004_001.mp4,50
C:\Users\AB\Downloads\Sign_Recognition_Model\data\raw\015_009_003.mp4,14
C:\Users\AB\Downloads\Sign_Recognition_Model\data\raw\022_006_004.mp4,21
C:\Users\AB\Downloads\Sign_Recognition_Model\data\raw\061_001_003.mp4,60
C:\Users\AB\Downloads\Sign_Recognition_Model\data\raw\021_007_002.mp4,20
C:\Users\AB\Downloads\Sign_Recognition_Model\data\raw\012_006_002.mp4,11
C:\Users\AB\Downloads\Sign_Recognition_Model\data\raw\012_010_002.mp4,11
C:\Users\AB\Downloads\Sign_Recognition_Model\data\raw\036_009_003.mp4,35
C:\Users\AB\Downloads\Sign_Recognition_Model\data\raw\042_007_002.mp4,41
C:\Users\AB\Downloads\Sign_Recognition_Model\data\raw\047_009_005.mp4,46
C:\Users\AB\Downloads\Sign_Recognition_Model\data\raw\033_007_004.mp4,32
C:\Users\AB\Downloads\Sign_Recognition_Model\data\raw\036_001_002.mp4,35
C:\Users\AB\Downloads\Sign_Recognition_Model\data\raw\052_005_002.mp4,51
C:\Users\AB\Downloads\Sign_Recognition_Model\data\raw\063_010_005.mp4,62
C:\Users\AB\Downloads\Sign_Recognition_Model\data\raw\030_007_005.mp4,29
C:\Users\AB\Downloads\Sign_Recognition_Model\data\raw\017_007_002.mp4,16
C:\Users\AB\Downloads\Sign_Recognition_Model\data\raw\025_010_005.mp4,24
C:\Users\AB\Downloads\Sign_Recognition_Model\data\raw\062_010_002.mp4,61
C:\Users\AB\Downloads\Sign_Recognition_Model\data\raw\051_002_003.mp4,50
C:\Users\AB\Downloads\Sign_Recognition_Model\data\raw\018_004_001.mp4,17
C:\Users\AB\Downloads\Sign_Recognition_Model\data\raw\063_005_004.mp4,62
C:\Users\AB\Downloads\Sign_Recognition_Model\data\raw\020_002_002.mp4,19
C:\Users\AB\Downloads\Sign_Recognition_Model\data\raw\005_005_001.mp4,4
C:\Users\AB\Downloads\Sign_Recognition_Model\data\raw\026_009_005.mp4,25
C:\Users\AB\Downloads\Sign_Recognition_Model\data\raw\045_009_001.mp4,44
C:\Users\AB\Downloads\Sign_Recognition_Model\data\raw\046_005_004.mp4,45
C:\Users\AB\Downloads\Sign_Recognition_Model\data\raw\045_008_003.mp4,44
C:\Users\AB\Downloads\Sign_Recognition_Model\data\raw\030_001_001.mp4,29
C:\Users\AB\Downloads\Sign_Recognition_Model\data\raw\016_006_001.mp4,15
C:\Users\AB\Downloads\Sign_Recognition_Model\data\raw\030_003_003.mp4,29
C:\Users\AB\Downloads\Sign_Recognition_Model\data\raw\035_010_004.mp4,34
C:\Users\AB\Downloads\Sign_Recognition_Model\data\raw\062_009_001.mp4,61
C:\Users\AB\Downloads\Sign_Recognition_Model\data\raw\045_009_005.mp4,44
C:\Users\AB\Downloads\Sign_Recognition_Model\data\raw\014_002_005.mp4,13
C:\Users\AB\Downloads\Sign_Recognition_Model\data\raw\044_004_001.mp4,43
C:\Users\AB\Downloads\Sign_Recognition_Model\data\raw\064_010_001.mp4,63
C:\Users\AB\Downloads\Sign_Recognition_Model\data\raw\051_006_005.mp4,50
C:\Users\AB\Downloads\Sign_Recognition_Model\data\raw\049_006_004.mp4,48
C:\Users\AB\Downloads\Sign_Recognition_Model\data\raw\008_001_005.mp4,7
C:\Users\AB\Downloads\Sign_Recognition_Model\data\raw\034_010_005.mp4,33
C:\Users\AB\Downloads\Sign_Recognition_Model\data\raw\046_005_003.mp4,45
C:\Users\AB\Downloads\Sign_Recognition_Model\data\raw\049_002_004.mp4,48
C:\Users\AB\Downloads\Sign_Recognition_Model\data\raw\008_002_002.mp4,7
C:\Users\AB\Downloads\Sign_Recognition_Model\data\raw\033_006_001.mp4,32
C:\Users\AB\Downloads\Sign_Recognition_Model\data\raw\032_003_003.mp4,31
C:\Users\AB\Downloads\Sign_Recognition_Model\data\raw\002_002_005.mp4,1
C:\Users\AB\Downloads\Sign_Recognition_Model\data\raw\064_007_002.mp4,63
C:\Users\AB\Downloads\Sign_Recognition_Model\data\raw\005_009_004.mp4,4
C:\Users\AB\Downloads\Sign_Recognition_Model\data\raw\018_010_002.mp4,17
C:\Users\AB\Downloads\Sign_Recognition_Model\data\raw\019_008_004.mp4,18
C:\Users\AB\Downloads\Sign_Recognition_Model\data\raw\015_005_004.mp4,14
C:\Users\AB\Downloads\Sign_Recognition_Model\data\raw\038_001_004.mp4,37
C:\Users\AB\Downloads\Sign_Recognition_Model\data\raw\060_002_005.mp4,59
C:\Users\AB\Downloads\Sign_Recognition_Model\data\raw\029_010_003.mp4,28
C:\Users\AB\Downloads\Sign_Recognition_Model\data\raw\005_007_004.mp4,4
C:\Users\AB\Downloads\Sign_Recognition_Model\data\raw\064_009_002.mp4,63
C:\Users\AB\Downloads\Sign_Recognition_Model\data\raw\054_005_002.mp4,53
C:\Users\AB\Downloads\Sign_Recognition_Model\data\raw\049_004_004.mp4,48
C:\Users\AB\Downloads\Sign_Recognition_Model\data\raw\051_005_001.mp4,50
C:\Users\AB\Downloads\Sign_Recognition_Model\data\raw\036_009_005.mp4,35
C:\Users\AB\Downloads\Sign_Recognition_Model\data\raw\003_005_003.mp4,2
C:\Users\AB\Downloads\Sign_Recognition_Model\data\raw\064_003_005.mp4,63
C:\Users\AB\Downloads\Sign_Recognition_Model\data\raw\033_001_001.mp4,32
C:\Users\AB\Downloads\Sign_Recognition_Model\data\raw\008_002_003.mp4,7
C:\Users\AB\Downloads\Sign_Recognition_Model\data\raw\015_005_001.mp4,14
C:\Users\AB\Downloads\Sign_Recognition_Model\data\raw\013_004_001.mp4,12
C:\Users\AB\Downloads\Sign_Recognition_Model\data\raw\029_003_002.mp4,28
C:\Users\AB\Downloads\Sign_Recognition_Model\data\raw\060_008_005.mp4,59
C:\Users\AB\Downloads\Sign_Recognition_Model\data\raw\025_002_003.mp4,24
C:\Users\AB\Downloads\Sign_Recognition_Model\data\raw\033_006_003.mp4,32
C:\Users\AB\Downloads\Sign_Recognition_Model\data\raw\026_010_003.mp4,25
C:\Users\AB\Downloads\Sign_Recognition_Model\data\raw\014_005_002.mp4,13
C:\Users\AB\Downloads\Sign_Recognition_Model\data\raw\048_004_004.mp4,47
C:\Users\AB\Downloads\Sign_Recognition_Model\data\raw\038_005_001.mp4,37
C:\Users\AB\Downloads\Sign_Recognition_Model\data\raw\047_005_004.mp4,46
C:\Users\AB\Downloads\Sign_Recognition_Model\data\raw\041_002_004.mp4,40
C:\Users\AB\Downloads\Sign_Recognition_Model\data\raw\044_010_005.mp4,43
C:\Users\AB\Downloads\Sign_Recognition_Model\data\raw\024_008_003.mp4,23
C:\Users\AB\Downloads\Sign_Recognition_Model\data\raw\011_006_002.mp4,10
C:\Users\AB\Downloads\Sign_Recognition_Model\data\raw\004_008_003.mp4,3
C:\Users\AB\Downloads\Sign_Recognition_Model\data\raw\009_001_001.mp4,8
C:\Users\AB\Downloads\Sign_Recognition_Model\data\raw\045_001_003.mp4,44
C:\Users\AB\Downloads\Sign_Recognition_Model\data\raw\029_003_001.mp4,28
C:\Users\AB\Downloads\Sign_Recognition_Model\data\raw\011_010_003.mp4,10
C:\Users\AB\Downloads\Sign_Recognition_Model\data\raw\027_007_003.mp4,26
C:\Users\AB\Downloads\Sign_Recognition_Model\data\raw\061_004_003.mp4,60
C:\Users\AB\Downloads\Sign_Recognition_Model\data\raw\044_006_004.mp4,43
C:\Users\AB\Downloads\Sign_Recognition_Model\data\raw\022_004_002.mp4,21
C:\Users\AB\Downloads\Sign_Recognition_Model\data\raw\056_009_005.mp4,55
C:\Users\AB\Downloads\Sign_Recognition_Model\data\raw\060_008_004.mp4,59
C:\Users\AB\Downloads\Sign_Recognition_Model\data\raw\042_007_005.mp4,41
C:\Users\AB\Downloads\Sign_Recognition_Model\data\raw\064_006_004.mp4,63
C:\Users\AB\Downloads\Sign_Recognition_Model\data\raw\046_006_004.mp4,45
C:\Users\AB\Downloads\Sign_Recognition_Model\data\raw\026_009_003.mp4,25
C:\Users\AB\Downloads\Sign_Recognition_Model\data\raw\028_006_003.mp4,27
C:\Users\AB\Downloads\Sign_Recognition_Model\data\raw\062_003_004.mp4,61
C:\Users\AB\Downloads\Sign_Recognition_Model\data\raw\041_010_001.mp4,40
C:\Users\AB\Downloads\Sign_Recognition_Model\data\raw\063_004_005.mp4,62
C:\Users\AB\Downloads\Sign_Recognition_Model\data\raw\054_007_005.mp4,53
C:\Users\AB\Downloads\Sign_Recognition_Model\data\raw\011_001_003.mp4,10
C:\Users\AB\Downloads\Sign_Recognition_Model\data\raw\020_004_003.mp4,19
C:\Users\AB\Downloads\Sign_Recognition_Model\data\raw\009_005_003.mp4,8
C:\Users\AB\Downloads\Sign_Recognition_Model\data\raw\044_008_002.mp4,43
C:\Users\AB\Downloads\Sign_Recognition_Model\data\raw\034_006_003.mp4,33
C:\Users\AB\Downloads\Sign_Recognition_Model\data\raw\032_007_003.mp4,31
C:\Users\AB\Downloads\Sign_Recognition_Model\data\raw\063_010_003.mp4,62
C:\Users\AB\Downloads\Sign_Recognition_Model\data\raw\038_007_004.mp4,37
C:\Users\AB\Downloads\Sign_Recognition_Model\data\raw\029_002_003.mp4,28
C:\Users\AB\Downloads\Sign_Recognition_Model\data\raw\051_008_001.mp4,50
C:\Users\AB\Downloads\Sign_Recognition_Model\data\raw\004_009_001.mp4,3
C:\Users\AB\Downloads\Sign_Recognition_Model\data\raw\044_004_002.mp4,43
C:\Users\AB\Downloads\Sign_Recognition_Model\data\raw\019_005_001.mp4,18
C:\Users\AB\Downloads\Sign_Recognition_Model\data\raw\013_006_001.mp4,12
C:\Users\AB\Downloads\Sign_Recognition_Model\data\raw\002_009_003.mp4,1
C:\Users\AB\Downloads\Sign_Recognition_Model\data\raw\003_004_003.mp4,2
C:\Users\AB\Downloads\Sign_Recognition_Model\data\raw\023_003_002.mp4,22
C:\Users\AB\Downloads\Sign_Recognition_Model\data\raw\011_010_005.mp4,10
C:\Users\AB\Downloads\Sign_Recognition_Model\data\raw\006_009_005.mp4,5
C:\Users\AB\Downloads\Sign_Recognition_Model\data\raw\023_007_002.mp4,22
C:\Users\AB\Downloads\Sign_Recognition_Model\data\raw\063_008_004.mp4,62
C:\Users\AB\Downloads\Sign_Recognition_Model\data\raw\064_001_001.mp4,63
C:\Users\AB\Downloads\Sign_Recognition_Model\data\raw\062_010_001.mp4,61
C:\Users\AB\Downloads\Sign_Recognition_Model\data\raw\063_008_001.mp4,62
C:\Users\AB\Downloads\Sign_Recognition_Model\data\raw\055_005_004.mp4,54
C:\Users\AB\Downloads\Sign_Recognition_Model\data\raw\004_002_003.mp4,3
C:\Users\AB\Downloads\Sign_Recognition_Model\data\raw\005_008_005.mp4,4
C:\Users\AB\Downloads\Sign_Recognition_Model\data\raw\061_007_003.mp4,60
C:\Users\AB\Downloads\Sign_Recognition_Model\data\raw\056_004_003.mp4,55
C:\Users\AB\Downloads\Sign_Recognition_Model\data\raw\004_001_005.mp4,3
C:\Users\AB\Downloads\Sign_Recognition_Model\data\raw\014_001_001.mp4,13
C:\Users\AB\Downloads\Sign_Recognition_Model\data\raw\016_008_003.mp4,15
C:\Users\AB\Downloads\Sign_Recognition_Model\data\raw\007_009_003.mp4,6
C:\Users\AB\Downloads\Sign_Recognition_Model\data\raw\027_008_004.mp4,26
C:\Users\AB\Downloads\Sign_Recognition_Model\data\raw\004_008_005.mp4,3
C:\Users\AB\Downloads\Sign_Recognition_Model\data\raw\053_009_002.mp4,52
C:\Users\AB\Downloads\Sign_Recognition_Model\data\raw\062_008_005.mp4,61
C:\Users\AB\Downloads\Sign_Recognition_Model\data\raw\053_001_003.mp4,52
C:\Users\AB\Downloads\Sign_Recognition_Model\data\raw\046_006_005.mp4,45
C:\Users\AB\Downloads\Sign_Recognition_Model\data\raw\036_009_004.mp4,35
C:\Users\AB\Downloads\Sign_Recognition_Model\data\raw\013_009_005.mp4,12
C:\Users\AB\Downloads\Sign_Recognition_Model\data\raw\011_003_005.mp4,10
C:\Users\AB\Downloads\Sign_Recognition_Model\data\raw\042_004_003.mp4,41
C:\Users\AB\Downloads\Sign_Recognition_Model\data\raw\034_005_001.mp4,33
C:\Users\AB\Downloads\Sign_Recognition_Model\data\raw\049_009_004.mp4,48
C:\Users\AB\Downloads\Sign_Recognition_Model\data\raw\052_003_004.mp4,51
C:\Users\AB\Downloads\Sign_Recognition_Model\data\raw\016_007_003.mp4,15
C:\Users\AB\Downloads\Sign_Recognition_Model\data\raw\003_006_005.mp4,2
C:\Users\AB\Downloads\Sign_Recognition_Model\data\raw\046_007_002.mp4,45
C:\Users\AB\Downloads\Sign_Recognition_Model\data\raw\013_003_002.mp4,12
C:\Users\AB\Downloads\Sign_Recognition_Model\data\raw\061_006_005.mp4,60
C:\Users\AB\Downloads\Sign_Recognition_Model\data\raw\040_006_005.mp4,39
C:\Users\AB\Downloads\Sign_Recognition_Model\data\raw\027_010_002.mp4,26
C:\Users\AB\Downloads\Sign_Recognition_Model\data\raw\024_006_001.mp4,23
C:\Users\AB\Downloads\Sign_Recognition_Model\data\raw\042_004_004.mp4,41
C:\Users\AB\Downloads\Sign_Recognition_Model\data\raw\055_008_003.mp4,54
C:\Users\AB\Downloads\Sign_Recognition_Model\data\raw\048_009_005.mp4,47
C:\Users\AB\Downloads\Sign_Recognition_Model\data\raw\041_005_004.mp4,40
C:\Users\AB\Downloads\Sign_Recognition_Model\data\raw\031_008_003.mp4,30
C:\Users\AB\Downloads\Sign_Recognition_Model\data\raw\057_007_003.mp4,56
C:\Users\AB\Downloads\Sign_Recognition_Model\data\raw\044_001_005.mp4,43
C:\Users\AB\Downloads\Sign_Recognition_Model\data\raw\036_002_003.mp4,35
C:\Users\AB\Downloads\Sign_Recognition_Model\data\raw\042_001_005.mp4,41
C:\Users\AB\Downloads\Sign_Recognition_Model\data\raw\048_003_004.mp4,47
C:\Users\AB\Downloads\Sign_Recognition_Model\data\raw\049_009_005.mp4,48
C:\Users\AB\Downloads\Sign_Recognition_Model\data\raw\027_002_005.mp4,26
C:\Users\AB\Downloads\Sign_Recognition_Model\data\raw\041_007_001.mp4,40
C:\Users\AB\Downloads\Sign_Recognition_Model\data\raw\010_001_003.mp4,9
C:\Users\AB\Downloads\Sign_Recognition_Model\data\raw\017_002_003.mp4,16
C:\Users\AB\Downloads\Sign_Recognition_Model\data\raw\053_010_005.mp4,52
C:\Users\AB\Downloads\Sign_Recognition_Model\data\raw\061_006_003.mp4,60
C:\Users\AB\Downloads\Sign_Recognition_Model\data\raw\061_003_001.mp4,60
C:\Users\AB\Downloads\Sign_Recognition_Model\data\raw\012_010_004.mp4,11
C:\Users\AB\Downloads\Sign_Recognition_Model\data\raw\004_009_005.mp4,3
C:\Users\AB\Downloads\Sign_Recognition_Model\data\raw\043_003_002.mp4,42
C:\Users\AB\Downloads\Sign_Recognition_Model\data\raw\043_010_002.mp4,42
C:\Users\AB\Downloads\Sign_Recognition_Model\data\raw\029_010_002.mp4,28
C:\Users\AB\Downloads\Sign_Recognition_Model\data\raw\042_009_004.mp4,41
C:\Users\AB\Downloads\Sign_Recognition_Model\data\raw\042_001_004.mp4,41
C:\Users\AB\Downloads\Sign_Recognition_Model\data\raw\027_003_003.mp4,26
C:\Users\AB\Downloads\Sign_Recognition_Model\data\raw\042_001_001.mp4,41
C:\Users\AB\Downloads\Sign_Recognition_Model\data\raw\036_010_004.mp4,35
C:\Users\AB\Downloads\Sign_Recognition_Model\data\raw\049_006_003.mp4,48
C:\Users\AB\Downloads\Sign_Recognition_Model\data\raw\052_001_004.mp4,51
C:\Users\AB\Downloads\Sign_Recognition_Model\data\raw\034_006_001.mp4,33
C:\Users\AB\Downloads\Sign_Recognition_Model\data\raw\016_002_003.mp4,15
C:\Users\AB\Downloads\Sign_Recognition_Model\data\raw\035_001_005.mp4,34
C:\Users\AB\Downloads\Sign_Recognition_Model\data\raw\024_007_005.mp4,23
C:\Users\AB\Downloads\Sign_Recognition_Model\data\raw\046_008_002.mp4,45
C:\Users\AB\Downloads\Sign_Recognition_Model\data\raw\013_010_003.mp4,12
C:\Users\AB\Downloads\Sign_Recognition_Model\data\raw\035_006_003.mp4,34
C:\Users\AB\Downloads\Sign_Recognition_Model\data\raw\001_006_002.mp4,0
C:\Users\AB\Downloads\Sign_Recognition_Model\data\raw\027_005_002.mp4,26
C:\Users\AB\Downloads\Sign_Recognition_Model\data\raw\049_010_003.mp4,48
C:\Users\AB\Downloads\Sign_Recognition_Model\data\raw\013_002_005.mp4,12
C:\Users\AB\Downloads\Sign_Recognition_Model\data\raw\038_006_002.mp4,37
C:\Users\AB\Downloads\Sign_Recognition_Model\data\raw\020_003_003.mp4,19
C:\Users\AB\Downloads\Sign_Recognition_Model\data\raw\056_003_004.mp4,55
C:\Users\AB\Downloads\Sign_Recognition_Model\data\raw\060_007_003.mp4,59
C:\Users\AB\Downloads\Sign_Recognition_Model\data\raw\041_009_005.mp4,40
C:\Users\AB\Downloads\Sign_Recognition_Model\data\raw\047_010_004.mp4,46
C:\Users\AB\Downloads\Sign_Recognition_Model\data\raw\033_002_005.mp4,32
C:\Users\AB\Downloads\Sign_Recognition_Model\data\raw\053_007_001.mp4,52
C:\Users\AB\Downloads\Sign_Recognition_Model\data\raw\020_010_001.mp4,19
C:\Users\AB\Downloads\Sign_Recognition_Model\data\raw\016_007_001.mp4,15
C:\Users\AB\Downloads\Sign_Recognition_Model\data\raw\032_008_004.mp4,31
C:\Users\AB\Downloads\Sign_Recognition_Model\data\raw\011_003_004.mp4,10
C:\Users\AB\Downloads\Sign_Recognition_Model\data\raw\001_005_005.mp4,0
C:\Users\AB\Downloads\Sign_Recognition_Model\data\raw\032_004_001.mp4,31
C:\Users\AB\Downloads\Sign_Recognition_Model\data\raw\031_009_003.mp4,30
C:\Users\AB\Downloads\Sign_Recognition_Model\data\raw\025_004_003.mp4,24
C:\Users\AB\Downloads\Sign_Recognition_Model\data\raw\035_009_005.mp4,34
C:\Users\AB\Downloads\Sign_Recognition_Model\data\raw\034_005_005.mp4,33
C:\Users\AB\Downloads\Sign_Recognition_Model\data\raw\006_005_001.mp4,5
C:\Users\AB\Downloads\Sign_Recognition_Model\data\raw\043_008_002.mp4,42
C:\Users\AB\Downloads\Sign_Recognition_Model\data\raw\053_006_002.mp4,52
C:\Users\AB\Downloads\Sign_Recognition_Model\data\raw\054_002_005.mp4,53
C:\Users\AB\Downloads\Sign_Recognition_Model\data\raw\040_010_005.mp4,39
C:\Users\AB\Downloads\Sign_Recognition_Model\data\raw\035_004_003.mp4,34
C:\Users\AB\Downloads\Sign_Recognition_Model\data\raw\031_004_002.mp4,30
C:\Users\AB\Downloads\Sign_Recognition_Model\data\raw\048_008_005.mp4,47
C:\Users\AB\Downloads\Sign_Recognition_Model\data\raw\057_003_003.mp4,56
C:\Users\AB\Downloads\Sign_Recognition_Model\data\raw\003_002_001.mp4,2
C:\Users\AB\Downloads\Sign_Recognition_Model\data\raw\011_005_001.mp4,10
C:\Users\AB\Downloads\Sign_Recognition_Model\data\raw\042_003_001.mp4,41
C:\Users\AB\Downloads\Sign_Recognition_Model\data\raw\018_004_005.mp4,17
C:\Users\AB\Downloads\Sign_Recognition_Model\data\raw\062_002_001.mp4,61
C:\Users\AB\Downloads\Sign_Recognition_Model\data\raw\060_001_002.mp4,59
C:\Users\AB\Downloads\Sign_Recognition_Model\data\raw\033_007_003.mp4,32
C:\Users\AB\Downloads\Sign_Recognition_Model\data\raw\042_006_002.mp4,41
C:\Users\AB\Downloads\Sign_Recognition_Model\data\raw\008_002_005.mp4,7
C:\Users\AB\Downloads\Sign_Recognition_Model\data\raw\052_007_002.mp4,51
C:\Users\AB\Downloads\Sign_Recognition_Model\data\raw\038_010_004.mp4,37
C:\Users\AB\Downloads\Sign_Recognition_Model\data\raw\044_007_002.mp4,43
C:\Users\AB\Downloads\Sign_Recognition_Model\data\raw\041_008_002.mp4,40
C:\Users\AB\Downloads\Sign_Recognition_Model\data\raw\038_008_005.mp4,37
C:\Users\AB\Downloads\Sign_Recognition_Model\data\raw\027_002_002.mp4,26
C:\Users\AB\Downloads\Sign_Recognition_Model\data\raw\007_006_001.mp4,6
C:\Users\AB\Downloads\Sign_Recognition_Model\data\raw\033_001_002.mp4,32
C:\Users\AB\Downloads\Sign_Recognition_Model\data\raw\002_007_004.mp4,1
C:\Users\AB\Downloads\Sign_Recognition_Model\data\raw\017_010_003.mp4,16
C:\Users\AB\Downloads\Sign_Recognition_Model\data\raw\036_005_001.mp4,35
C:\Users\AB\Downloads\Sign_Recognition_Model\data\raw\040_005_003.mp4,39
C:\Users\AB\Downloads\Sign_Recognition_Model\data\raw\029_003_005.mp4,28
C:\Users\AB\Downloads\Sign_Recognition_Model\data\raw\058_002_002.mp4,57
C:\Users\AB\Downloads\Sign_Recognition_Model\data\raw\053_001_004.mp4,52
C:\Users\AB\Downloads\Sign_Recognition_Model\data\raw\039_010_003.mp4,38
C:\Users\AB\Downloads\Sign_Recognition_Model\data\raw\054_006_001.mp4,53
C:\Users\AB\Downloads\Sign_Recognition_Model\data\raw\007_007_001.mp4,6
C:\Users\AB\Downloads\Sign_Recognition_Model\data\raw\012_002_004.mp4,11
C:\Users\AB\Downloads\Sign_Recognition_Model\data\raw\008_004_001.mp4,7
C:\Users\AB\Downloads\Sign_Recognition_Model\data\raw\059_009_003.mp4,58
C:\Users\AB\Downloads\Sign_Recognition_Model\data\raw\057_003_001.mp4,56
C:\Users\AB\Downloads\Sign_Recognition_Model\data\raw\032_004_004.mp4,31
C:\Users\AB\Downloads\Sign_Recognition_Model\data\raw\056_002_002.mp4,55
C:\Users\AB\Downloads\Sign_Recognition_Model\data\raw\012_002_003.mp4,11
C:\Users\AB\Downloads\Sign_Recognition_Model\data\raw\049_010_002.mp4,48
C:\Users\AB\Downloads\Sign_Recognition_Model\data\raw\047_006_005.mp4,46
C:\Users\AB\Downloads\Sign_Recognition_Model\data\raw\018_002_004.mp4,17
C:\Users\AB\Downloads\Sign_Recognition_Model\data\raw\023_005_003.mp4,22
C:\Users\AB\Downloads\Sign_Recognition_Model\data\raw\045_006_005.mp4,44
C:\Users\AB\Downloads\Sign_Recognition_Model\data\raw\017_003_002.mp4,16
C:\Users\AB\Downloads\Sign_Recognition_Model\data\raw\006_004_001.mp4,5
C:\Users\AB\Downloads\Sign_Recognition_Model\data\raw\026_001_001.mp4,25
C:\Users\AB\Downloads\Sign_Recognition_Model\data\raw\037_005_001.mp4,36
C:\Users\AB\Downloads\Sign_Recognition_Model\data\raw\058_008_004.mp4,57
C:\Users\AB\Downloads\Sign_Recognition_Model\data\raw\054_004_004.mp4,53
C:\Users\AB\Downloads\Sign_Recognition_Model\data\raw\053_008_002.mp4,52
C:\Users\AB\Downloads\Sign_Recognition_Model\data\raw\006_009_002.mp4,5
C:\Users\AB\Downloads\Sign_Recognition_Model\data\raw\003_010_001.mp4,2
C:\Users\AB\Downloads\Sign_Recognition_Model\data\raw\028_010_001.mp4,27
C:\Users\AB\Downloads\Sign_Recognition_Model\data\raw\052_003_002.mp4,51
C:\Users\AB\Downloads\Sign_Recognition_Model\data\raw\010_006_002.mp4,9
C:\Users\AB\Downloads\Sign_Recognition_Model\data\raw\033_006_005.mp4,32
C:\Users\AB\Downloads\Sign_Recognition_Model\data\raw\032_006_001.mp4,31
C:\Users\AB\Downloads\Sign_Recognition_Model\data\raw\027_007_005.mp4,26
C:\Users\AB\Downloads\Sign_Recognition_Model\data\raw\051_001_004.mp4,50
C:\Users\AB\Downloads\Sign_Recognition_Model\data\raw\017_008_001.mp4,16
C:\Users\AB\Downloads\Sign_Recognition_Model\data\raw\012_008_002.mp4,11
C:\Users\AB\Downloads\Sign_Recognition_Model\data\raw\029_006_002.mp4,28
C:\Users\AB\Downloads\Sign_Recognition_Model\data\raw\063_002_002.mp4,62
C:\Users\AB\Downloads\Sign_Recognition_Model\data\raw\049_002_002.mp4,48
C:\Users\AB\Downloads\Sign_Recognition_Model\data\raw\061_008_003.mp4,60
C:\Users\AB\Downloads\Sign_Recognition_Model\data\raw\049_006_002.mp4,48
C:\Users\AB\Downloads\Sign_Recognition_Model\data\raw\021_002_004.mp4,20
C:\Users\AB\Downloads\Sign_Recognition_Model\data\raw\040_001_001.mp4,39
C:\Users\AB\Downloads\Sign_Recognition_Model\data\raw\005_002_001.mp4,4
C:\Users\AB\Downloads\Sign_Recognition_Model\data\raw\025_010_001.mp4,24
C:\Users\AB\Downloads\Sign_Recognition_Model\data\raw\015_009_001.mp4,14
C:\Users\AB\Downloads\Sign_Recognition_Model\data\raw\063_010_002.mp4,62
C:\Users\AB\Downloads\Sign_Recognition_Model\data\raw\056_003_003.mp4,55
C:\Users\AB\Downloads\Sign_Recognition_Model\data\raw\033_005_003.mp4,32
C:\Users\AB\Downloads\Sign_Recognition_Model\data\raw\059_004_003.mp4,58
C:\Users\AB\Downloads\Sign_Recognition_Model\data\raw\014_007_004.mp4,13
C:\Users\AB\Downloads\Sign_Recognition_Model\data\raw\017_005_005.mp4,16
C:\Users\AB\Downloads\Sign_Recognition_Model\data\raw\001_010_003.mp4,0
C:\Users\AB\Downloads\Sign_Recognition_Model\data\raw\001_003_004.mp4,0
C:\Users\AB\Downloads\Sign_Recognition_Model\data\raw\039_006_001.mp4,38
C:\Users\AB\Downloads\Sign_Recognition_Model\data\raw\026_009_001.mp4,25
C:\Users\AB\Downloads\Sign_Recognition_Model\data\raw\044_007_005.mp4,43
C:\Users\AB\Downloads\Sign_Recognition_Model\data\raw\050_010_002.mp4,49
C:\Users\AB\Downloads\Sign_Recognition_Model\data\raw\012_007_001.mp4,11
C:\Users\AB\Downloads\Sign_Recognition_Model\data\raw\045_004_001.mp4,44
C:\Users\AB\Downloads\Sign_Recognition_Model\data\raw\006_002_005.mp4,5
C:\Users\AB\Downloads\Sign_Recognition_Model\data\raw\052_007_005.mp4,51
C:\Users\AB\Downloads\Sign_Recognition_Model\data\raw\025_008_002.mp4,24
C:\Users\AB\Downloads\Sign_Recognition_Model\data\raw\016_001_003.mp4,15
C:\Users\AB\Downloads\Sign_Recognition_Model\data\raw\024_004_005.mp4,23
C:\Users\AB\Downloads\Sign_Recognition_Model\data\raw\045_010_002.mp4,44
C:\Users\AB\Downloads\Sign_Recognition_Model\data\raw\040_002_003.mp4,39
C:\Users\AB\Downloads\Sign_Recognition_Model\data\raw\052_009_002.mp4,51
C:\Users\AB\Downloads\Sign_Recognition_Model\data\raw\040_004_002.mp4,39
C:\Users\AB\Downloads\Sign_Recognition_Model\data\raw\010_002_002.mp4,9
C:\Users\AB\Downloads\Sign_Recognition_Model\data\raw\021_002_002.mp4,20
C:\Users\AB\Downloads\Sign_Recognition_Model\data\raw\057_006_003.mp4,56
C:\Users\AB\Downloads\Sign_Recognition_Model\data\raw\010_004_005.mp4,9
C:\Users\AB\Downloads\Sign_Recognition_Model\data\raw\053_003_002.mp4,52
C:\Users\AB\Downloads\Sign_Recognition_Model\data\raw\018_008_003.mp4,17
C:\Users\AB\Downloads\Sign_Recognition_Model\data\raw\026_003_004.mp4,25
C:\Users\AB\Downloads\Sign_Recognition_Model\data\raw\012_007_002.mp4,11
C:\Users\AB\Downloads\Sign_Recognition_Model\data\raw\016_005_002.mp4,15
C:\Users\AB\Downloads\Sign_Recognition_Model\data\raw\034_002_003.mp4,33
C:\Users\AB\Downloads\Sign_Recognition_Model\data\raw\035_004_005.mp4,34
C:\Users\AB\Downloads\Sign_Recognition_Model\data\raw\026_010_004.mp4,25
C:\Users\AB\Downloads\Sign_Recognition_Model\data\raw\038_004_001.mp4,37
C:\Users\AB\Downloads\Sign_Recognition_Model\data\raw\060_008_001.mp4,59
C:\Users\AB\Downloads\Sign_Recognition_Model\data\raw\029_004_003.mp4,28
C:\Users\AB\Downloads\Sign_Recognition_Model\data\raw\021_004_003.mp4,20
C:\Users\AB\Downloads\Sign_Recognition_Model\data\raw\049_005_001.mp4,48
C:\Users\AB\Downloads\Sign_Recognition_Model\data\raw\053_005_005.mp4,52
C:\Users\AB\Downloads\Sign_Recognition_Model\data\raw\054_010_005.mp4,53
C:\Users\AB\Downloads\Sign_Recognition_Model\data\raw\042_009_005.mp4,41
C:\Users\AB\Downloads\Sign_Recognition_Model\data\raw\038_006_004.mp4,37
C:\Users\AB\Downloads\Sign_Recognition_Model\data\raw\064_004_001.mp4,63
C:\Users\AB\Downloads\Sign_Recognition_Model\data\raw\062_007_005.mp4,61
C:\Users\AB\Downloads\Sign_Recognition_Model\data\raw\025_008_001.mp4,24
C:\Users\AB\Downloads\Sign_Recognition_Model\data\raw\047_001_002.mp4,46
C:\Users\AB\Downloads\Sign_Recognition_Model\data\raw\013_006_005.mp4,12
C:\Users\AB\Downloads\Sign_Recognition_Model\data\raw\011_004_005.mp4,10
C:\Users\AB\Downloads\Sign_Recognition_Model\data\raw\043_004_004.mp4,42
C:\Users\AB\Downloads\Sign_Recognition_Model\data\raw\009_008_003.mp4,8
C:\Users\AB\Downloads\Sign_Recognition_Model\data\raw\021_004_005.mp4,20
C:\Users\AB\Downloads\Sign_Recognition_Model\data\raw\008_008_003.mp4,7
C:\Users\AB\Downloads\Sign_Recognition_Model\data\raw\023_004_003.mp4,22
C:\Users\AB\Downloads\Sign_Recognition_Model\data\raw\056_010_004.mp4,55
C:\Users\AB\Downloads\Sign_Recognition_Model\data\raw\032_004_005.mp4,31
C:\Users\AB\Downloads\Sign_Recognition_Model\data\raw\052_007_003.mp4,51
C:\Users\AB\Downloads\Sign_Recognition_Model\data\raw\040_002_004.mp4,39
C:\Users\AB\Downloads\Sign_Recognition_Model\data\raw\034_010_002.mp4,33
C:\Users\AB\Downloads\Sign_Recognition_Model\data\raw\058_007_002.mp4,57
C:\Users\AB\Downloads\Sign_Recognition_Model\data\raw\006_007_004.mp4,5
C:\Users\AB\Downloads\Sign_Recognition_Model\data\raw\044_002_003.mp4,43
C:\Users\AB\Downloads\Sign_Recognition_Model\data\raw\017_005_003.mp4,16
C:\Users\AB\Downloads\Sign_Recognition_Model\data\raw\061_008_001.mp4,60
C:\Users\AB\Downloads\Sign_Recognition_Model\data\raw\041_002_001.mp4,40
C:\Users\AB\Downloads\Sign_Recognition_Model\data\raw\023_010_003.mp4,22
C:\Users\AB\Downloads\Sign_Recognition_Model\data\raw\043_008_001.mp4,42
C:\Users\AB\Downloads\Sign_Recognition_Model\data\raw\053_007_003.mp4,52
C:\Users\AB\Downloads\Sign_Recognition_Model\data\raw\004_006_002.mp4,3
C:\Users\AB\Downloads\Sign_Recognition_Model\data\raw\006_004_002.mp4,5
C:\Users\AB\Downloads\Sign_Recognition_Model\data\raw\015_010_002.mp4,14
C:\Users\AB\Downloads\Sign_Recognition_Model\data\raw\052_010_003.mp4,51
C:\Users\AB\Downloads\Sign_Recognition_Model\data\raw\045_008_005.mp4,44
C:\Users\AB\Downloads\Sign_Recognition_Model\data\raw\012_009_005.mp4,11
C:\Users\AB\Downloads\Sign_Recognition_Model\data\raw\024_004_003.mp4,23
C:\Users\AB\Downloads\Sign_Recognition_Model\data\raw\060_005_002.mp4,59
C:\Users\AB\Downloads\Sign_Recognition_Model\data\raw\019_007_003.mp4,18
C:\Users\AB\Downloads\Sign_Recognition_Model\data\raw\055_008_002.mp4,54
C:\Users\AB\Downloads\Sign_Recognition_Model\data\raw\016_005_003.mp4,15
C:\Users\AB\Downloads\Sign_Recognition_Model\data\raw\042_004_001.mp4,41
C:\Users\AB\Downloads\Sign_Recognition_Model\data\raw\010_001_004.mp4,9
C:\Users\AB\Downloads\Sign_Recognition_Model\data\raw\030_006_005.mp4,29
C:\Users\AB\Downloads\Sign_Recognition_Model\data\raw\021_009_005.mp4,20
C:\Users\AB\Downloads\Sign_Recognition_Model\data\raw\014_006_003.mp4,13
C:\Users\AB\Downloads\Sign_Recognition_Model\data\raw\028_009_003.mp4,27
C:\Users\AB\Downloads\Sign_Recognition_Model\data\raw\063_003_005.mp4,62
C:\Users\AB\Downloads\Sign_Recognition_Model\data\raw\039_004_004.mp4,38
C:\Users\AB\Downloads\Sign_Recognition_Model\data\raw\056_003_005.mp4,55
C:\Users\AB\Downloads\Sign_Recognition_Model\data\raw\059_001_004.mp4,58
C:\Users\AB\Downloads\Sign_Recognition_Model\data\raw\057_004_001.mp4,56
C:\Users\AB\Downloads\Sign_Recognition_Model\data\raw\038_008_001.mp4,37
C:\Users\AB\Downloads\Sign_Recognition_Model\data\raw\038_009_004.mp4,37
C:\Users\AB\Downloads\Sign_Recognition_Model\data\raw\039_008_003.mp4,38
C:\Users\AB\Downloads\Sign_Recognition_Model\data\raw\019_003_003.mp4,18
C:\Users\AB\Downloads\Sign_Recognition_Model\data\raw\052_005_005.mp4,51
C:\Users\AB\Downloads\Sign_Recognition_Model\data\raw\043_008_005.mp4,42
C:\Users\AB\Downloads\Sign_Recognition_Model\data\raw\046_010_002.mp4,45
C:\Users\AB\Downloads\Sign_Recognition_Model\data\raw\015_010_005.mp4,14
C:\Users\AB\Downloads\Sign_Recognition_Model\data\raw\023_006_001.mp4,22
C:\Users\AB\Downloads\Sign_Recognition_Model\data\raw\031_003_001.mp4,30
C:\Users\AB\Downloads\Sign_Recognition_Model\data\raw\049_009_001.mp4,48
C:\Users\AB\Downloads\Sign_Recognition_Model\data\raw\032_006_003.mp4,31
C:\Users\AB\Downloads\Sign_Recognition_Model\data\raw\020_004_005.mp4,19
C:\Users\AB\Downloads\Sign_Recognition_Model\data\raw\037_007_001.mp4,36
C:\Users\AB\Downloads\Sign_Recognition_Model\data\raw\048_005_004.mp4,47
C:\Users\AB\Downloads\Sign_Recognition_Model\data\raw\047_001_001.mp4,46
C:\Users\AB\Downloads\Sign_Recognition_Model\data\raw\052_007_004.mp4,51
C:\Users\AB\Downloads\Sign_Recognition_Model\data\raw\029_009_003.mp4,28
C:\Users\AB\Downloads\Sign_Recognition_Model\data\raw\002_004_003.mp4,1
C:\Users\AB\Downloads\Sign_Recognition_Model\data\raw\050_002_003.mp4,49
C:\Users\AB\Downloads\Sign_Recognition_Model\data\raw\002_008_005.mp4,1
C:\Users\AB\Downloads\Sign_Recognition_Model\data\raw\051_004_003.mp4,50
C:\Users\AB\Downloads\Sign_Recognition_Model\data\raw\024_006_005.mp4,23
C:\Users\AB\Downloads\Sign_Recognition_Model\data\raw\036_002_005.mp4,35
C:\Users\AB\Downloads\Sign_Recognition_Model\data\raw\048_008_001.mp4,47
C:\Users\AB\Downloads\Sign_Recognition_Model\data\raw\062_007_003.mp4,61
C:\Users\AB\Downloads\Sign_Recognition_Model\data\raw\008_008_004.mp4,7
C:\Users\AB\Downloads\Sign_Recognition_Model\data\raw\009_003_001.mp4,8
C:\Users\AB\Downloads\Sign_Recognition_Model\data\raw\053_008_004.mp4,52
C:\Users\AB\Downloads\Sign_Recognition_Model\data\raw\042_007_004.mp4,41
C:\Users\AB\Downloads\Sign_Recognition_Model\data\raw\027_007_004.mp4,26
C:\Users\AB\Downloads\Sign_Recognition_Model\data\raw\033_007_001.mp4,32
C:\Users\AB\Downloads\Sign_Recognition_Model\data\raw\012_004_003.mp4,11
C:\Users\AB\Downloads\Sign_Recognition_Model\data\raw\023_009_001.mp4,22
C:\Users\AB\Downloads\Sign_Recognition_Model\data\raw\044_003_005.mp4,43
C:\Users\AB\Downloads\Sign_Recognition_Model\data\raw\019_003_004.mp4,18
C:\Users\AB\Downloads\Sign_Recognition_Model\data\raw\040_005_001.mp4,39
C:\Users\AB\Downloads\Sign_Recognition_Model\data\raw\048_010_001.mp4,47
C:\Users\AB\Downloads\Sign_Recognition_Model\data\raw\028_003_002.mp4,27
C:\Users\AB\Downloads\Sign_Recognition_Model\data\raw\038_001_005.mp4,37
C:\Users\AB\Downloads\Sign_Recognition_Model\data\raw\042_005_004.mp4,41
C:\Users\AB\Downloads\Sign_Recognition_Model\data\raw\003_002_005.mp4,2
C:\Users\AB\Downloads\Sign_Recognition_Model\data\raw\057_007_004.mp4,56
C:\Users\AB\Downloads\Sign_Recognition_Model\data\raw\019_008_001.mp4,18
C:\Users\AB\Downloads\Sign_Recognition_Model\data\raw\051_006_001.mp4,50
C:\Users\AB\Downloads\Sign_Recognition_Model\data\raw\005_003_002.mp4,4
C:\Users\AB\Downloads\Sign_Recognition_Model\data\raw\008_003_001.mp4,7
C:\Users\AB\Downloads\Sign_Recognition_Model\data\raw\013_003_001.mp4,12
C:\Users\AB\Downloads\Sign_Recognition_Model\data\raw\009_007_005.mp4,8
C:\Users\AB\Downloads\Sign_Recognition_Model\data\raw\055_007_001.mp4,54
C:\Users\AB\Downloads\Sign_Recognition_Model\data\raw\018_007_003.mp4,17
C:\Users\AB\Downloads\Sign_Recognition_Model\data\raw\044_008_005.mp4,43
C:\Users\AB\Downloads\Sign_Recognition_Model\data\raw\059_002_004.mp4,58
C:\Users\AB\Downloads\Sign_Recognition_Model\data\raw\045_003_003.mp4,44
C:\Users\AB\Downloads\Sign_Recognition_Model\data\raw\049_004_002.mp4,48
C:\Users\AB\Downloads\Sign_Recognition_Model\data\raw\024_005_003.mp4,23
C:\Users\AB\Downloads\Sign_Recognition_Model\data\raw\015_002_002.mp4,14
C:\Users\AB\Downloads\Sign_Recognition_Model\data\raw\005_002_002.mp4,4
C:\Users\AB\Downloads\Sign_Recognition_Model\data\raw\040_010_003.mp4,39
C:\Users\AB\Downloads\Sign_Recognition_Model\data\raw\042_005_003.mp4,41
C:\Users\AB\Downloads\Sign_Recognition_Model\data\raw\019_007_002.mp4,18
C:\Users\AB\Downloads\Sign_Recognition_Model\data\raw\033_002_003.mp4,32
C:\Users\AB\Downloads\Sign_Recognition_Model\data\raw\025_003_002.mp4,24
C:\Users\AB\Downloads\Sign_Recognition_Model\data\raw\052_002_002.mp4,51
C:\Users\AB\Downloads\Sign_Recognition_Model\data\raw\012_003_001.mp4,11
